-8.60958 69
-4.76918 32
-6.86125 4
-2.06035 35
-0.984488 78
-9.39164 21
-4.00991 60
2.43112 45
4.9651 57
-8.80296 5
4.6983 72
5.63629 66
1.37557 92
-3.16186 27
-0.164636 37
-0.780703 81
4.01065 41
6.32116 75
-8.85218 82
-4.72458 88
4.29554 3
1.94471 24
2.9401 47
9.27376 78
8.38299 1
-1.74158 86
-1.97471 79
2.14496 16
6.03455 42
-3.22523 42
-0.780016 62
4.81408 31
-8.4471 36
-1.95792 17
-6.62164 37
-8.24795 79
5.52995 37
8.52293 30
-4.81894 89
4.56385 84
8.52435 41
5.38548 30
-1.40258 61
-6.20108 73
-3.26444 67
1.66528 17
-6.50346 22
-7.23452 35
6.90664 36
-4.53591 37
-4.56783 23
4.36182 62
-6.63585 6
-9.56203 43
-8.7879 54
-9.59867 14
0.685487 55
1.03609 15
4.2939 67
-3.2445 36
-9.50943 53
-6.53623 21
-0.582757 86
5.80408 52
7.7527 4
8.07075 25
9.84136 43
-1.5697 81
-2.15525 4
-3.7426 9
-3.94225 49
3.21407 60
-4.48861 75
-5.56184 75
-8.70659 39
0.665545 67
8.0337 3
5.85675 68
-8.6149 86
4.37005 43
-0.339395 8
-9.56114 90
5.17153 43
2.36116 60
-7.79582 71
0.872582 50
-3.00827 45
4.79804 89
-5.7816 34
9.99185 35
-5.68548 14
9.20411 79
8.14084 67
4.97042 28
-5.96218 50
6.79203 25
-5.07653 8
-1.02256 4
-9.21974 9
-4.43608 25
5.89742 15
-2.60676 33
-6.61239 31
-3.73765 22
9.26785 82
7.6003 88
1.49545 40
4.37437 44
-2.29313 60
6.37744 69
-7.28388 88
-9.93443 69
-5.35278 24
-4.25521 9
0.471444 19
-5.51889 67
4.9839 24
-6.0047 73
8.72958 73
-3.23475 53
3.33673 42
-0.807792 13
7.55695 54
5.64196 88
0.149816 3
-9.14193 38
-1.61629 17
-0.966169 34
8.56619 17
-5.81391 26
4.62135 36
-3.13144 84
9.7382 66
0.829711 10
3.40986 89
-9.24106 25
0.954337 4
-4.00612 44
-8.4409 38
7.64681 7
-0.171741 64
5.67827 68
6.89718 31
1.25193 63
-7.50831 32
9.34745 74
3.92205 90
2.16124 16
1.32575 75
1.16448 28
-6.89551 23
-5.40106 55
9.55992 25
-0.541422 45
7.90523 42
1.44235 87
2.05467 52
-9.60423 16
-2.11535 7
-0.859212 27
-2.7144 73
-9.61443 32
1.31855 32
2.41142 35
-7.97455 53
-7.77841 86
-6.46856 38
-7.5919 14
-9.95763 28
-6.69535 67
4.60582 61
-4.50369 21
7.12307 51
0.336397 14
-4.49071 8
2.52652 74
2.05598 21
9.68333 50
-2.73379 14
9.21582 62
-2.68355 37
0.907963 58
1.9717 59
-6.64094 66
2.49057 22
5.604 15
-5.06868 40
1.05612 65
6.94645 66
9.91977 92
2.64409 88
1.42874 47
2.53825 65
1.85638 68
2.70097 90
9.06662 80
-2.51406 3
3.78123 88
-3.64694 25
-2.42577 20
-7.26067 32
1.85986 5
-5.29347 26
-1.31835 77
-0.438904 11
-2.70041 29
4.71221 61
7.66787 45
-6.30723 51
3.77209 52
2.17645 47
-9.076 38
-2.48434 44
-0.515298 45
-9.76431 77
-1.35042 3
6.26451 78
-1.34799 25
3.98943 69
1.39983 23
9.24163 70
-7.20556 76
0.710403 39
6.56392 5
4.43677 40
8.71817 30
1.42799 58
5.70106 86
2.64152 4
-6.44953 71
-9.32564 84
0.0303939 23
5.79884 89
6.61038 62
-9.66052 86
3.79047 19
-7.47254 45
-3.23809 56
-1.59666 15
-2.38272 8
-7.44074 91
8.90229 75
8.94052 4
2.83735 64
-7.55805 88
5.23773 67
9.30983 91
-0.176608 13
3.08095 37
-2.17233 2
4.54614 52
-4.76302 35
-4.43204 46
1.40008 21
2.71575 34
-5.03903 68
6.55153 28
2.95532 48
8.56921 38
5.81228 52
6.25838 40
-6.9509 83
9.93229 31
3.61649 25
-1.81606 14
-2.70688 42
1.84869 74
1.62075 35
3.53528 52
3.88956 46
3.11722 57
-5.02926 37
-7.3011 62
-2.68271 27
8.23838 80
-2.31098 90
-0.694073 41
8.00971 10
6.93171 32
2.09514 23
-6.15253 45
-5.6443 92
-0.567475 47
7.15181 65
9.55201 44
-0.0629825 68
2.2985 33
-4.91259 91
5.98906 23
9.75007 31
-5.9379 88
7.72074 47
8.6406 34
-4.3213 77
0.187927 73
-2.59189 1
0.314711 31
-3.77325 33
-8.61355 33
5.96989 72
7.59885 26
-2.36211 34
3.4418 59
5.98345 4
-1.15391 50
-9.94657 65
-6.32919 25
-7.05149 62
-2.17041 23
-6.82225 68
-4.48824 91
8.29551 32
-6.82096 8
-6.79148 61
-0.681565 88
-2.30347 64
9.95228 19
1.36099 4
0.412605 46
4.72753 79
5.81256 74
2.96583 18
7.90303 7
6.83876 58
-2.31451 24
-4.10322 34
1.73325 40
-7.55802 4
6.43192 24
8.79432 76
3.954 58
1.80905 66
7.99836 67
-4.6182 88
-1.69492 49
-6.05644 14
8.28337 75
6.74422 58
-0.654247 60
-5.54294 55
-3.10708 31
-8.24129 16
-1.01369 72
5.63532 54
-4.44813 62
3.46402 83
1.83546 19
2.54318 22
-2.93809 62
-7.228 43
-0.556639 16
-6.15757 1
6.34598 91
-2.79225 78
3.25913 20
9.4558 18
7.56259 49
4.2239 77
9.23028 42
1.3101 63
-7.46954 36
-3.33681 79
7.43539 26
0.6733 39
-4.47489 17
3.42757 35
0.303247 23
-2.5106 17
0.723483 43
3.22745 84
-0.206564 68
8.30062 62
-6.64027 6
-6.16608 72
-3.78494 21
-0.305208 39
5.66184 53
4.34073 38
4.98413 43
-8.12247 93
-7.41711 23
-6.15381 76
6.84044 45
-2.83308 58
-6.98235 41
-5.75801 18
-7.2907 30
4.6986 25
6.26936 3
1.58464 41
2.74999 7
3.16888 27
-1.50616 77
6.91583 5
7.28719 47
6.53573 13
-0.202604 73
0.137837 91
7.06191 61
3.27386 76
1.18798 71
9.49317 11
-6.19109 8
4.19622 21
4.97961 1
3.71717 17
1.07508 27
-1.95767 23
-4.41695 41
-7.2046 53
5.46612 20
-8.96668 7
8.63494 10
4.20297 29
1.71471 59
-8.26875 9
1.20026 32
-7.22341 92
3.83269 55
6.07731 19
8.29326 36
-3.63308 31
7.21791 75
5.13918 87
-8.44564 58
-2.24522 12
0.0974384 36
7.03659 73
5.36648 2
2.37445 30
5.5625 70
-6.62194 16
-8.77342 13
5.31588 2
1.45934 26
6.2852 51
-4.26046 88
-0.00350009 38
7.27361 56
2.94688 75
9.31213 4
5.25018 28
8.62439 66
-0.226749 34
-0.820743 38
6.8138 1
8.35743 41
5.42957 9
-0.935377 3
0.89757 80
-4.97296 32
9.77769 26
9.58578 74
9.23926 29
-3.94469 70
3.35197 66
-1.32635 19
0.173582 49
-1.18092 76
-8.14949 44
-5.77299 28
3.18489 40
5.62892 27
9.28672 33
6.49618 87
9.36807 45
-8.40521 35
7.46441 85
1.27056 68
6.11999 60
-8.91831 3
1.99469 63
-8.49346 58
2.2493 53
-4.57987 87
2.47519 15
-7.74562 51
4.64981 14
-1.74855 78
-7.93795 38
2.10212 55
5.60451 14
-8.17578 65
9.26652 35
-5.49758 57
3.18795 31
3.22209 19
9.54613 91
3.57598 21
-5.42114 2
2.60801 61
9.25599 76
-1.21874 68
-9.70456 15
2.96523 40
9.76455 76
-8.15879 75
-5.73192 18
-8.36151 91
-0.209265 2
-2.01601 37
5.42182 51
5.60145 20
0.773517 54
0.414807 91
0.447457 70
-4.33529 42
4.96527 85
-8.1088 70
-3.87137 56
2.98466 9
-1.30797 44
9.82109 21
-8.70307 89
-5.83678 53
-4.99623 88
5.46975 64
2.38597 82
7.68034 74
8.38677 53
4.3246 30
-3.42647 37
4.92958 35
8.63624 17
5.44521 46
4.83077 87
-6.30547 45
4.30416 38
3.40148 29
0.0197153 50
-0.0096113 91
3.86812 76
6.46715 87
-4.76825 22
2.09854 73
4.66469 12
-4.56535 32
-5.05126 10
-5.82726 83
-8.11321 67
-5.02849 71
4.49003 24
-3.86798 20
7.84813 90
-7.79697 15
-4.5484 72
-3.76609 48
1.84884 73
7.85684 66
3.78926 68
5.54214 19
3.16689 30
5.1497 92
-6.60162 36
-7.44276 28
-4.86036 40
-3.97728 30
-7.50159 38
-3.75068 11
2.21869 26
7.35728 51
-1.17511 77
-1.54588 86
1.00295 88
3.10244 76
8.52727 34
6.21583 35
0.679018 58
-0.774834 93
-8.30464 31
7.26901 10
4.18061 50
1.98431 12
3.43556 3
9.12997 14
4.42284 47
7.55743 77
2.69051 37
9.71513 22
0.0383563 42
0.654201 93
2.98616 5
8.20756 42
2.68922 6
7.66285 67
-8.93331 84
-4.6481 79
-4.65189 22
-1.76608 71
6.02529 87
-6.07124 28
6.72423 31
-3.9429 9
7.05369 88
-2.98317 19
2.08753 88
-3.96182 62
1.20503 62
8.43943 42
3.16905 41
-0.928415 11
9.94347 75
2.12041 41
-6.7328 75
1.24988 4
-5.30589 10
5.81813 52
-0.900825 6
9.57797 42
7.28803 19
1.04808 15
1.47051 70
0.350364 12
-8.70618 54
1.80622 71
1.1639 63
-3.19711 90
1.25705 29
7.84493 1
5.01213 88
-5.00209 52
-5.37746 90
-4.43822 9
8.98929 10
5.11412 68
0.442482 28
3.54805 93
-7.74866 76
4.25212 21
1.37563 69
6.73078 25
-1.17546 37
-4.60891 86
-4.56364 54
1.87559 89
-3.05737 6
-2.95328 9
-7.78849 26
-1.67558 89
-5.23548 4
0.945459 92
1.27845 79
6.76276 10
9.35712 61
-0.0322049 20
6.18554 62
-2.05142 49
-7.42851 28
7.42916 41
8.7949 72
-2.21804 89
5.6115 81
8.75164 5
6.30637 17
0.893082 29
-8.57555 52
3.52543 73
-1.58672 27
8.63361 60
-3.33196 72
9.09209 5
-1.79199 73
-6.66207 63
6.21027 76
-8.07336 39
-6.18685 5
5.31495 29
-1.38164 1
8.2948 45
-3.9851 7
1.28062 59
2.13478 27
9.62261 12
6.94834 77
-7.78049 78
3.12661 90
3.21463 61
3.47243 36
-2.76331 29
8.06075 67
3.51555 63
6.12473 58
2.82458 58
-2.75722 73
2.98859 51
2.67124 4
-2.32086 25
2.67478 48
3.53261 29
-2.83927 54
-7.14916 65
9.07824 32
7.82951 70
0.42695 56
5.80292 1
1.9678 1
2.83757 59
5.61163 19
4.44191 33
2.94776 46
4.34471 18
7.63461 75
9.53325 74
6.36315 40
7.10758 89
-4.31151 37
9.4578 3
-1.44413 26
2.35369 62
-8.86745 58
2.43356 17
-9.89757 47
4.21864 80
-7.63553 19
-4.76241 59
4.11546 21
6.54325 80
2.13582 89
3.26081 84
1.19092 40
-3.88397 54
2.51937 48
-9.26374 82
5.00364 8
-4.485 6
5.20373 57
6.16667 12
-9.51691 11
9.76434 2
2.01183 14
8.72805 63
6.66026 75
2.16211 38
-6.56722 33
2.7501 59
8.31014 34
-4.44394 92
-2.56758 66
-6.71987 38
4.49202 91
0.922973 43
-0.0792433 9
-1.70416 22
7.60417 25
-1.30747 83
9.82139 37
-2.40355 41
-4.88373 52
-1.44913 60
5.29406 19
7.14964 38
5.39763 89
6.718 35
3.82079 7
-0.857882 58
6.47566 66
6.76712 84
-9.99386 69
-2.97472 91
4.41012 32
-1.71445 27
1.44741 87
-4.98795 27
-7.26428 51
-2.23097 29
5.26565 35
-6.79031 55
-2.0716 47
8.61536 77
2.60441 37
2.45006 44
-8.33018 67
-0.451712 92
-6.36995 27
8.33006 39
-1.63673 45
8.35704 25
5.96645 67
2.70346 88
-1.32353 86
-9.51891 69
6.78616 33
-6.52698 55
8.56784 58
-1.199 50
4.41835 51
-0.188287 52
4.47266 93
-9.90663 76
-7.32472 30
3.83983 84
-2.28276 43
8.38546 64
0.813007 52
-9.95812 60
-0.181633 28
7.96345 50
-2.29854 15
-6.42239 86
-3.90987 89
9.4791 89
2.55396 42
6.9351 62
-7.17704 8
5.88113 75
4.32176 50
6.61806 84
-2.27356 66
2.27324 5
-4.49513 58
-4.29868 34
-6.54037 78
7.11046 64
4.60821 35
6.11568 72
-7.28212 13
0.463417 25
-6.44637 34
-1.7377 41
4.81898 35
7.82895 73
-4.59703 85
0.769571 5
-9.83348 61
-2.27198 61
-7.58541 31
6.26299 57
2.85164 57
6.77572 58
-0.0257077 67
-9.36778 40
0.890752 77
9.80993 3
1.60957 5
8.28406 6
2.95896 64
-0.628759 53
-3.85767 13
3.26011 75
-2.5175 80
-1.72217 21
-0.234775 49
9.18208 45
8.17667 1
-6.37689 28
-3.74516 30
4.22873 93
3.76708 47
1.50991 17
5.32477 80
-7.53033 64
-2.97833 92
2.55331 82
-5.05365 51
-5.43934 11
-3.68202 54
1.79458 68
-2.89901 63
-5.09914 52
-1.64157 4
-7.81355 13
1.20399 76
3.9864 14
-3.39159 23
4.07108 62
-0.443207 63
-7.99616 44
1.1991 63
0.406973 92
-0.911761 56
-8.43549 19
-7.54361 93
7.91987 67
4.84496 58
-0.411243 68
-6.0618 34
2.82925 87
1.04388 81
-9.5884 52
-3.45018 81
-1.41727 62
-6.93636 85
4.47062 9
8.74743 60
6.53119 35
-5.64355 11
1.23056 76
-1.28549 38
-6.14796 31
-1.25586 37
2.8581 64
6.81662 32
5.78818 66
4.74267 3
4.83653 15
-0.211338 6
-7.7839 48
7.33365 14
-5.6809 15
1.54886 64
-7.19938 63
0.100541 29
-2.50219 57
1.27073 75
0.22929 92
-5.81695 40
-6.29122 24
2.02198 11
-3.1651 43
3.59039 7
-3.3063 27
-0.0186173 68
-9.06425 93
-7.02956 12
8.61928 6
1.04275 81
6.42262 38
-7.86228 54
-5.95294 46
8.82449 71
-6.56468 36
6.19072 66
8.32773 75
5.48088 90
-2.18474 44
-3.15341 7
0.102213 17
5.22483 73
7.75853 62
-4.25385 85
7.87285 34
-3.84391 54
6.79831 54
3.73644 17
7.88243 88
-2.22778 3
-3.75549 75
-5.40949 91
-3.92511 89
-9.23696 63
-7.97799 36
-7.25807 32
2.53217 26
-7.75115 54
0.934195 92
-5.73052 22
8.85129 21
-3.43269 34
4.12203 10
-6.8394 55
-7.089 79
9.57545 90
-2.84327 31
-9.6916 60
5.96131 10
-7.61971 92
-6.38671 76
-4.48828 16
-8.64659 12
7.00124 30
4.42003 68
-1.30188 42
-7.4542 87
7.78361 89
-4.65599 19
-9.5622 88
-0.41606 23
-2.32624 92
-5.59235 43
6.77303 66
3.88814 13
0.756291 53
1.71139 19
-2.63814 84
-8.42976 80
-9.91956 73
4.49732 74
-7.42566 58
7.81374 93
-0.816841 32
-4.53067 46
7.12605 6
7.29537 28
-4.56325 38
3.05745 85
0.565249 5
1.75373 60
-7.9499 93
9.79077 8
8.96964 74
-3.11762 78
1.23408 60
7.11353 39
-5.33182 74
9.24341 2
-0.869204 14
5.14044 62
-7.9977 92
-3.00663 37
1.76405 20
2.42584 49
9.12671 19
5.23548 49
-1.37654 6
1.87169 15
3.86929 66
-6.23767 25
-6.4679 89
1.58447 72
0.131332 72
3.24024 81
8.60214 76
0.494574 63
2.23046 93
5.65758 65
-8.15674 3
-2.24827 83
-8.54198 22
8.63702 65
-0.411586 37
9.11306 42
-7.0469 66
-2.4057 45
7.01114 79
-8.4196 38
-8.19838 31
6.18832 49
-5.9493 32
-4.53358 9
2.48161 73
4.22382 17
-1.77695 56
0.317099 76
1.26709 64
-0.696432 21
3.68984 4
0.931843 75
2.51792 50
9.65172 36
0.328921 72
-7.66076 8
6.4218 61
8.484 56
3.29412 38
9.83807 4
-5.80246 31
-4.95365 60
-0.22226 68
7.52342 73
0.951821 75
1.54582 10
8.27312 25
-7.23812 2
-0.696304 67
-3.5557 15
0.22884 45
8.35677 91
1.76459 91
6.60098 20
-4.24698 63
-7.83492 62
6.71419 4
-4.12267 76
1.09133 1
4.88609 56
5.236 64
0.784324 8
3.61538 48
-2.12804 85
-6.039 26
9.71463 64
-9.03717 82
-6.57215 23
-0.43593 16
1.11258 49
-3.2847 4
-7.54804 6
7.2415 48
6.48636 25
3.66249 20
-2.40078 60
-1.54518 33
1.25371 44
-0.427067 49
-8.83524 7
8.75261 35
6.37601 84
7.01037 63
9.94634 93
-3.67147 3
1.45308 10
-1.06268 20
-5.93273 10
8.12252 88
7.13682 1
-4.41865 40
9.6089 42
-8.28539 75
6.7011 56
0.511557 4
-1.34609 82
-6.54461 30
8.56362 4
0.569224 66
6.53372 43
5.60713 83
3.12567 22
-3.7111 66
-3.34279 68
4.95833 85
-3.67922 61
6.61517 74
0.694157 83
3.87937 13
3.57964 40
1.57486 4
9.14064 59
-0.529836 69
-5.38386 50
-1.76408 21
7.03511 28
-1.65365 66
-4.86466 10
-7.74376 79
7.45727 83
8.60823 34
7.22255 39
-8.17219 71
8.72379 13
-2.80582 55
-5.55781 13
3.27615 20
3.16803 54
4.40084 55
-5.5143 70
5.23155 63
-7.44616 22
-4.58776 5
5.20165 75
5.12331 42
6.86632 49
-7.89967 28
2.94483 39
7.04073 70
0.352637 61
3.56381 68
-0.319925 81
2.42141 4
9.74314 88
0.395837 27
5.01304 68
-0.161791 70
-0.108098 32
6.14376 25
3.24464 29
0.130803 6
5.59128 1
1.92376 70
8.87063 31
-1.81972 62
-6.98727 38
-8.46856 37
-0.664289 11
-0.716731 1
3.56992 54
4.12308 12
-1.21708 1
0.574984 73
5.90887 42
-3.23869 38
-9.35893 56
5.29381 21
1.4504 35
-5.90884 88
7.07535 20
3.04303 74
7.60868 67
-1.86332 62
2.57344 61
-1.33524 77
-6.67229 6
3.96399 44
7.83144 70
0.900358 45
6.8709 18
-3.05416 39
-3.11901 27
4.51315 87
4.44017 12
1.30407 68
-4.54502 83
8.58201 63
4.64934 6
-2.39443 70
-9.69936 64
9.35645 72
7.28903 72
-3.13308 19
-7.58821 66
-8.97692 29
6.81832 14
-6.14197 82
-1.90257 21
6.26576 79
3.74226 18
8.19611 74
2.9619 79
6.56058 47
0.143583 42
-4.4627 64
3.42165 85
3.55639 35
2.90127 91
6.54201 2
-7.86721 39
-2.37628 42
-3.0774 59
3.11512 37
-4.4229 46
-9.84868 56
-3.20678 4
-8.76229 32
2.5771 49
-5.89735 4
-3.26031 34
6.04105 20
9.93173 89
-2.05286 28
-2.60175 56
1.92818 61
6.79888 89
2.13108 80
0.412562 16
-5.51814 30
1.68898 83
-0.67569 45
-6.50718 1
7.47933 28
1.86218 49
5.6748 28
-3.095 76
9.34748 64
7.06655 90
6.52285 17
3.95339 47
6.49453 36
-4.40224 59
6.84791 9
0.344388 44
1.75831 66
-2.59229 15
0.864763 75
1.14013 92
-3.52699 93
7.79624 33
2.66955 4
5.14757 8
-1.2086 24
-8.22467 89
2.04759 71
-3.25266 42
-1.91522 70
4.88627 80
9.38245 22
9.77979 60
-4.77078 69
-7.08374 41
-2.62124 21
4.83817 44
4.21639 4
-1.72171 41
9.74825 35
4.00049 4
3.78052 68
4.92032 35
6.26481 37
-1.61398 7
9.77506 68
1.67995 11
-4.76195 2
-7.51992 77
4.33618 29
-5.75291 25
2.26969 41
-3.00073 61
-2.47634 72
-8.00464 46
-2.70472 52
-8.0628 4
-5.15645 2
3.00094 62
7.90936 21
6.78854 48
-4.23995 15
-1.75402 74
-0.660394 36
-2.44348 16
1.62873 71
7.01865 27
-1.08123 12
-6.95735 44
7.31637 73
4.06297 62
7.58682 70
3.42921 66
-2.52243 82
-3.52268 91
4.79888 31
-2.40233 51
1.04107 65
4.42848 13
2.67399 64
6.25649 25
6.06914 59
-9.45706 44
6.20324 90
-7.57297 72
-2.28211 78
-2.00619 26
-2.33701 17
-1.32006 49
-2.18562 47
-6.18712 17
3.68662 18
-0.417761 18
0.704578 9
7.59828 64
-7.70405 71
5.5004 23
2.93117 29
9.43242 36
0.0939576 37
-7.04708 51
-6.26488 18
-4.21805 32
1.05349 60
8.95349 57
-3.2492 37
5.39908 61
9.49749 58
2.80454 50
5.02494 90
2.97843 73
4.29536 31
-2.73257 87
-1.96678 64
-1.50954 70
-8.5395 70
9.40475 22
5.51028 33
-8.44521 2
2.54021 32
-9.54096 92
-8.81799 26
0.778305 19
-3.71332 22
4.29198 14
-9.81382 10
7.40316 46
1.43494 80
6.18923 25
1.20097 87
8.01188 29
-8.74979 10
-4.26504 27
-3.64678 6
-6.13674 29
4.17984 70
3.93915 29
1.59525 61
-6.29914 62
-2.49804 45
-6.07123 67
-5.47672 52
0.479478 7
-1.11951 69
-7.37341 11
-1.36265 26
3.80961 76
2.50525 51
-3.58312 76
6.11893 4
-9.04804 13
-6.29258 18
-5.01507 18
8.34134 44
-8.69734 51
3.61831 25
6.30024 7
2.82393 61
1.24629 1
0.104486 18
-5.27852 55
-6.04772 12
-6.27433 90
9.56337 28
-8.9456 14
-2.82272 81
-7.96974 56
-2.8723 13
6.20082 57
-8.86196 85
2.87658 65
2.58907 49
3.30175 74
-6.36283 28
-5.60317 28
8.13076 93
7.43349 38
0.420889 16
2.33811 31
9.2537 42
-6.13225 64
3.83492 20
3.85399 29
-9.27548 58
-2.21341 8
-4.08934 1
-2.16562 68
7.70215 15
4.60641 36
6.18531 27
7.02592 1
-3.39506 15
2.34339 40
2.73811 16
6.71359 2
-9.65 15
-2.13004 26
5.25034 67
7.79427 25
-1.89785 56
8.63812 26
9.67499 12
5.5656 10
-4.27507 1
-5.33866 59
7.9927 52
-2.88783 24
-4.36922 14
-1.32576 26
7.69998 6
-7.53888 10
2.72959 85
5.63506 80
5.58377 40
-2.17385 23
-7.6076 31
-7.75509 14
5.17913 14
1.87136 16
-4.59228 5
7.0019 55
0.294913 34
-8.6628 72
3.40279 34
7.14973 33
8.65011 50
-1.45702 7
3.23903 8
-0.0266798 59
5.43504 54
8.6353 46
-1.96012 56
-8.45084 10
9.54571 69
-1.57715 20
3.70334 8
2.4718 22
7.50964 53
-5.47662 67
1.05974 10
0.773924 51
5.59735 51
5.36167 87
6.52668 71
-0.87152 89
2.89766 11
3.08348 30
-5.13717 79
5.87115 29
6.82038 86
-5.92839 37
6.25911 49
2.40898 61
8.82751 57
4.60439 20
-3.85854 65
6.89605 42
-9.25553 66
-3.39059 20
1.06086 19
-2.98728 70
-0.14781 24
5.70216 6
4.18756 39
-4.14135 33
2.4922 48
-6.32457 13
-2.3671 90
2.22777 39
-9.08817 79
2.74496 16
-3.1595 6
6.59557 15
1.00028 76
-2.28452 64
-0.455772 66
-8.67669 58
0.264735 30
-2.87091 17
-5.18444 40
1.87539 84
7.99264 73
9.74946 55
-4.64355 84
-1.70329 38
3.33724 30
9.05406 87
-8.16801 46
8.19825 14
2.48973 18
7.16897 60
-6.05491 28
3.23307 81
5.68707 11
9.20142 6
-5.15394 33
8.97957 50
-8.57172 26
-1.21421 84
9.25032 53
1.93841 31
-1.66536 90
-0.640659 81
5.33653 39
-0.722921 77
3.7882 79
-5.71944 44
4.7196 90
3.38722 89
-5.38755 47
6.98357 12
1.48612 63
-1.38681 58
-3.89876 18
-0.0841537 41
0.495031 73
3.92596 8
3.91468 92
-3.89866 67
-8.24429 30
9.44177 5
2.97355 87
-2.6605 87
-8.56561 38
-6.49071 14
-6.45477 16
9.47689 25
3.97051 11
-4.56337 9
4.35821 53
9.61439 47
0.33391 72
0.491629 34
2.10662 58
-1.96751 68
-9.01037 65
-5.77767 11
7.24962 14
9.75968 6
-4.49065 33
-1.31041 21
1.46232 3
-9.44783 46
6.26552 64
8.39317 49
-9.89914 6
-8.01623 57
0.912159 75
0.606677 5
5.2656 32
-3.75068 41
-2.17573 80
8.32189 5
7.19421 4
-2.54558 91
-0.210223 3
4.28875 34
8.92997 74
7.05275 86
-1.06614 19
-5.24573 17
-1.10991 27
2.66724 40
-4.21342 63
7.79105 61
-4.52844 38
-9.14926 11
4.64535 77
-3.92628 46
7.46937 35
-6.40447 25
3.58378 12
7.10757 1
5.10685 84
-5.66055 4
6.91354 10
-2.29895 10
-2.92985 2
1.10096 50
4.44469 31
4.85492 35
8.41567 23
-0.571806 32
1.86856 79
-7.74358 80
-8.87231 25
-7.98995 51
-1.27539 42
1.18588 73
-2.34313 27
-7.08425 80
-0.332576 23
6.75995 28
-6.5948 34
4.75591 48
1.31113 16
-7.46608 75
-2.87848 3
4.3108 58
-0.387527 79
6.54391 89
1.80721 93
-5.43808 90
9.57659 7
-0.426203 53
3.31739 35
5.85324 14
-5.44356 59
-1.13968 52
1.59282 49
-2.56272 72
-5.6743 34
-7.33179 70
5.43853 77
-9.60824 10
-3.62484 86
-1.09511 37
-5.68092 23
9.98536 57
3.80254 74
2.37029 79
4.24482 88
0.283548 43
8.0179 3
-4.91559 59
5.09602 67
1.97241 64
-1.20243 88
-2.4597 3
7.97261 73
-2.40567 54
0.13645 48
-4.31778 42
-4.30384 46
4.58494 37
-4.08363 51
5.65878 13
-7.70765 63
-2.23946 60
4.64785 48
-7.09273 38
-3.87907 78
-1.28501 29
7.89216 42
-4.55688 20
-7.8532 28
9.45157 32
1.31972 36
0.57194 78
-2.76237 70
4.08276 5
2.59903 64
-7.87846 5
-0.776214 18
-8.04612 62
1.34081 67
8.9599 46
4.07071 55
0.845178 23
-0.701121 13
4.64878 27
2.46809 14
-2.48964 12
6.11262 8
6.11465 57
-1.23126 44
-8.08853 1
1.13667 93
-3.40646 43
-2.23305 69
8.14855 66
7.38387 21
4.28567 35
2.79552 57
-0.0390237 54
-6.80262 72
5.43341 56
-0.433529 69
0.0638947 32
6.35254 34
-1.32777 51
-5.86173 12
9.33105 63
0.560561 18
9.33981 11
0.038828 13
5.99 39
8.47916 37
-4.44358 5
0.666317 32
8.76374 40
8.02128 66
0.466913 51
6.68315 82
5.94679 57
6.87752 75
0.359255 41
5.25438 90
0.872468 64
5.3882 93
-7.82001 27
3.291 87
8.49852 17
-7.01846 51
-3.33855 61
-6.02245 90
-0.40887 14
-6.07571 90
-3.77295 75
4.75902 44
0.705128 22
0.345568 54
0.939341 32
4.60997 29
4.96469 3
-9.1795 7
7.08494 68
4.38842 85
3.67516 61
8.51822 73
4.2909 44
-1.70222 33
-9.58571 42
-4.3647 73
5.87852 29
-7.9107 81
-5.73801 51
5.09355 2
1.32194 45
-3.3713 92
-2.8224 13
-4.48651 1
-2.5968 62
2.32776 12
5.38391 58
-7.86716 48
0.973828 11
-4.58613 24
-4.35715 9
-1.3764 45
3.4937 60
5.43346 73
-3.42638 28
8.4137 77
-2.08982 51
-9.70429 78
0.681219 52
-4.23088 54
-3.83887 55
-4.52501 29
-5.44416 84
2.36623 63
-4.46669 53
2.00029 60
-9.5043 22
3.11796 7
0.247217 62
7.16854 8
4.15695 56
4.08819 83
0.980983 12
-8.79565 5
-3.51218 83
-4.30927 15
-5.28478 62
6.4383 27
3.03175 64
0.200707 60
-8.71751 40
-4.24041 64
4.01849 89
5.29968 53
-3.03086 63
5.37036 12
5.37518 75
3.02741 4
-1.26441 71
4.98619 30
-0.501388 33
4.56529 50
5.01515 34
0.876835 66
1.6367 82
1.28466 21
8.66457 48
-9.46802 24
-6.52516 72
6.98971 87
-1.0287 84
-8.74272 46
3.61069 89
8.0892 28
-8.70045 31
3.438 34
-3.2662 69
2.24381 13
6.67408 81
7.624 29
6.23283 85
0.334953 31
2.59909 74
3.98651 20
-9.73557 73
6.468 12
4.74815 39
-9.89961 36
3.16135 56
6.3632 8
6.63706 6
-8.85058 73
-4.77207 28
-5.68386 24
9.1037 67
-3.33786 80
-1.70956 28
3.05272 71
8.19745 68
5.11076 72
9.26726 31
3.63033 88
-0.497672 25
4.39468 36
-9.29035 83
2.18831 19
6.79427 1
6.91764 67
-9.22743 47
-2.55853 61
6.97884 66
-3.8996 20
-0.0341205 91
-4.1069 29
0.0309371 12
1.64284 30
1.77368 81
0.554385 53
9.68487 93
2.34225 56
-7.89542 69
0.610251 92
1.94511 42
1.42596 84
9.25225 11
2.54626 53
5.75068 58
-2.34129 21
5.545 30
1.29129 8
4.8101 9
5.33997 85
-2.18419 20
3.68377 6
1.22565 43
-8.82445 90
-6.991 72
0.849467 44
1.3003 85
2.84851 51
-9.96943 24
-6.58963 49
8.17294 12
-3.89902 39
4.07077 76
1.85737 71
0.145928 16
-8.39392 17
0.371892 25
6.51175 14
-8.79532 75
9.69052 51
-2.4572 70
-1.45295 44
-1.09243 34
-8.14797 93
-8.05328 74
3.65565 38
0.663947 28
1.94927 63
1.68126 5
0.427172 83
0.554021 72
9.9244 71
5.43287 37
-0.933533 48
-5.04822 58
5.38751 80
-0.623577 12
-4.07101 62
1.01112 28
-2.10012 69
4.2696 63
3.21879 63
-8.01054 46
9.15523 53
4.39427 18
-6.50883 39
-6.04386 93
-8.48803 63
-3.73313 81
-7.70674 13
-7.37458 61
2.60269 13
9.27012 59
-3.66259 32
-3.05238 5
6.27495 43
6.73477 83
-5.84593 66
0.695079 9
8.73534 89
-0.864901 41
-8.33408 26
6.67964 91
-8.00926 12
-7.40193 40
4.84547 29
4.45068 43
-0.760518 36
-5.85242 52
-8.26115 40
-3.60465 35
1.70205 31
-0.352375 1
4.64329 74
7.16593 36
2.30471 66
0.0475267 79
-1.70342 76
1.53961 23
-1.9539 5
5.68457 65
8.61694 15
8.33937 70
-4.16031 34
7.89554 3
-6.92231 18
0.0581337 55
-2.08521 9
8.68998 28
-9.51176 15
8.75079 30
2.38908 52
4.98522 43
5.60127 37
8.83236 68
-3.73347 49
4.12751 2
6.92072 63
-4.08168 15
-9.94199 70
3.73374 22
-9.29391 75
2.80036 3
5.6908 16
-2.38214 61
1.26785 83
-9.22081 13
9.82363 83
5.17157 51
-1.24245 61
7.25671 39
-6.883 4
1.71544 58
-5.88843 58
9.0149 83
-4.68063 4
2.05746 61
8.93043 44
9.38631 83
-2.14594 32
9.01331 64
2.97136 6
-0.957106 53
-9.63972 35
-7.14605 9
-5.38666 56
-5.00448 90
9.76947 89
1.67842 53
7.4329 18
1.07012 90
-2.84164 18
-4.99915 27
-0.243188 52
4.66368 83
-5.92747 4
-6.5395 44
6.312 47
-4.18041 27
-1.39285 46
-8.24807 58
5.45549 56
-6.32024 12
0.0786545 21
2.0365 51
8.75924 90
0.745734 30
9.1284 1
9.77894 32
-1.31307 35
7.68355 23
1.86539 9
-3.90542 21
-5.94166 43
-2.5319 57
6.53087 86
-9.02518 9
1.66023 30
-4.49231 1
-2.66762 11
-6.3067 49
5.42361 76
-9.14721 55
-1.73672 85
4.64034 2
7.11403 73
-6.07255 17
-3.17811 90
1.91949 29
-5.41899 88
0.1787 79
-6.17106 34
6.91271 50
5.17716 50
-2.62094 58
1.1316 30
0.175948 57
-6.08684 55
6.1493 46
1.14072 82
7.39 62
-1.98037 92
6.40615 36
6.00991 1
2.066 89
5.72118 67
-4.41876 86
-2.71921 2
5.76701 38
1.7861 91
2.5922 77
4.00689 93
6.79941 32
-4.88276 17
0.213701 12
-3.97145 32
-3.0975 54
3.5905 14
-8.99868 40
-1.13475 28
-6.65376 27
2.36599 67
7.09329 34
-1.71449 36
-9.95597 29
-6.82538 2
-8.06735 83
-4.39269 44
-3.79862 70
1.01847 82
-0.754542 50
6.02521 52
7.79194 41
3.41586 47
8.75344 6
9.40001 60
2.7662 12
-6.91616 79
6.18653 50
-5.43208 20
4.67523 55
9.70413 68
-2.50389 79
-6.36932 21
-1.25558 59
8.86274 30
5.4375 6
5.69253 42
5.65343 4
1.51405 56
6.65368 82
2.18437 30
3.9119 90
-7.58511 14
-3.10216 88
-9.54909 20
7.79548 48
8.57452 43
-1.64403 48
-3.63098 34
-4.81174 43
9.64443 52
6.76674 87
0.664001 1
-7.67639 3
-5.35494 17
-3.75645 31
-7.09128 21
9.06907 36
-1.86704 72
4.75176 81
-6.54453 74
4.70928 53
4.86133 24
-8.88754 38
-3.65886 69
8.84826 53
1.47679 50
-6.2286 24
-8.85779 19
8.39855 75
-2.13515 75
-1.50641 79
-1.44593 31
-6.55531 58
0.832256 84
0.727729 5
0.632673 88
5.31589 27
1.94614 45
4.3525 12
-2.8208 73
-1.63903 76
5.90058 57
4.34962 5
-4.73259 56
5.1176 36
-9.77696 83
-7.21931 93
-3.54205 31
6.8368 20
6.33015 59
2.30096 42
1.58963 67
5.20746 21
4.63147 88
8.9982 46
-1.91137 93
6.85972 31
4.34812 39
2.97637 28
-2.86312 64
4.54493 87
-2.2024 62
-1.60183 17
-7.73284 65
-6.74833 74
1.25622 29
-1.00772 30
9.67079 61
3.74675 75
-2.69622 6
3.55137 82
2.89225 7
-1.3672 88
-6.72364 18
8.84242 5
-6.77202 16
3.67317 54
-5.91467 4
7.51233 52
0.809083 44
6.12356 15
-6.57192 66
-3.21023 21
8.08952 89
7.25455 75
8.13632 79
2.51638 71
1.73311 77
0.0276849 88
6.71327 17
-1.88436 59
-7.35873 19
-4.53909 1
0.261819 4
6.60615 59
-1.58798 31
-2.18602 1
1.0919 39
-5.30421 39
2.76727 26
-8.22888 20
4.74709 83
-5.46921 41
-0.130006 17
3.80856 52
-0.999319 87
-0.768623 5
1.42023 73
1.13704 7
-7.5852 65
0.104357 72
8.1684 47
-8.75829 42
6.28758 23
4.60313 29
7.03546 85
9.88694 92
-1.53023 27
9.29188 85
6.71161 91
-4.57577 61
-7.7011 13
-4.16983 15
0.489049 47
2.30469 62
8.10519 79
-5.18199 51
-7.33026 32
2.73757 24
-5.46996 5
-5.4849 51
3.79971 48
-6.83563 24
4.52964 85
5.56646 66
0.461952 16
0.783009 15
-2.78809 87
-4.92797 2
-0.139891 49
-5.83396 23
0.678553 68
5.65692 80
-3.1553 71
-7.21514 80
-6.54912 23
-7.05789 84
-3.20021 7
-3.61843 88
6.52008 56
3.97557 70
5.13327 32
-3.87733 65
-6.34422 27
7.13773 89
3.98342 45
-3.64499 54
-3.02751 22
5.09387 42
-0.586173 30
7.45685 32
2.29936 50
-2.85625 26
-1.57457 87
2.8047 62
9.56456 69
4.49355 68
0.0454896 79
-1.40409 34
5.12983 21
-5.58034 56
-0.974403 16
6.40989 24
0.739065 52
-2.07798 57
-3.54506 87
-1.39347 71
6.53552 23
-0.502289 2
-7.86574 5
8.33847 54
6.2933 34
0.495231 79
7.68863 87
-2.12731 11
0.900873 10
8.54982 12
5.80575 82
-7.34309 44
7.6315 42
-7.60037 31
-0.660966 86
6.08232 57
-4.74214 52
-6.33874 49
-2.86037 8
1.87484 85
0.714892 13
-6.75094 18
9.47051 35
2.52152 77
5.1775 33
-8.80394 87
-9.33059 28
3.5466 75
0.497104 38
9.3394 54
-6.03973 15
-2.00339 71
-0.827834 4
6.61614 38
-3.61518 78
-7.68601 47
-7.95321 7
-0.34427 19
-5.49438 65
0.319815 89
-1.58527 5
9.17262 81
1.60304 43
1.01333 61
1.2692 77
-0.817684 41
-2.42222 31
2.36609 34
0.735405 26
-3.79854 1
-2.8999 75
8.38155 44
7.76275 3
-9.69526 74
-8.08692 63
9.90757 71
-9.90395 66
3.87078 65
-4.19476 43
1.77468 38
6.97578 73
-2.83005 48
3.79946 67
-3.72965 56
3.99291 51
1.09203 11
7.12366 51
4.30864 42
-9.66555 35
-0.65805 72
-2.41891 15
-8.00451 63
0.311627 77
-9.43243 36
-7.72511 34
9.32147 36
1.79398 86
-5.53458 68
-8.30202 85
0.174361 70
-9.2946 15
1.99822 43
2.71931 39
4.31554 53
7.3668 51
-4.85964 5
-9.94297 29
4.61723 76
9.07907 41
-3.02202 59
7.81225 52
2.57241 17
7.02568 59
-2.39519 39
5.06303 53
3.92306 36
-2.16955 27
2.99204 68
-2.43562 39
-2.65348 13
2.56988 2
6.49861 29
3.18428 89
-7.80278 58
9.85174 42
-1.34263 64
0.761173 90
7.66315 38
3.65728 46
1.21146 69
-5.17866 89
-3.85675 90
-6.4912 66
-0.427153 42
3.34114 88
6.7217 66
7.20255 51
-4.26552 10
-7.07772 22
1.71869 81
1.89801 12
7.02443 37
4.5102 58
4.80057 3
7.91326 89
3.72748 14
-8.91384 6
2.50042 51
-7.94196 16
0.42888 62
-5.11651 42
-1.83028 46
-9.4359 91
-0.524354 68
7.57974 36
7.88859 53
4.9327 46
-4.40571 64
-6.91631 19
2.02183 80
-1.11934 2
5.8658 82
2.17056 57
-6.17775 53
-0.513067 4
0.319965 79
-2.83267 69
5.63716 32
-1.41522 10
3.10489 23
-7.40757 41
5.14937 41
-5.87237 80
-2.24619 57
-1.32298 72
-6.83876 70
0.571647 14
-9.87746 30
0.685444 17
5.95978 26
7.62454 53
-0.616679 4
-2.18141 66
7.96841 2
-2.9943 70
-1.96756 69
3.34445 25
-2.11946 87
-3.05233 22
-8.43917 58
4.44477 38
-3.68235 75
9.78875 64
-0.457473 81
-0.886344 3
-8.38066 36
-5.8634 54
1.87997 4
8.85739 26
-2.24079 80
3.36417 52
-2.80382 76
0.666345 33
-8.87838 60
5.21938 53
5.73572 62
-4.30292 14
9.00881 1
6.01624 45
-2.92501 46
6.87554 92
-4.8983 7
-2.30948 79
-3.75079 21
-5.80613 63
-3.42046 12
1.33956 39
5.83604 81
4.35798 81
-0.339116 20
-6.4236 47
3.29836 78
-3.59611 1
-7.19503 52
-7.42915 85
-2.51085 89
2.30408 41
5.50363 26
-4.14756 68
6.69336 6
4.57979 23
5.57951 5
0.792115 22
-4.97351 60
5.77337 41
2.07723 3
5.98189 78
5.73188 22
5.4862 33
2.41727 17
-1.40699 87
-2.29422 11
7.00445 10
-8.12074 86
-0.881734 43
-9.30415 28
-4.80869 37
0.531473 23
-5.23175 36
9.83071 1
-0.982022 40
1.11956 51
-5.95446 71
-2.70271 71
-7.90655 22
-3.7076 93
-3.71967 75
-9.52215 66
-2.45723 24
8.82144 56
-4.09095 57
8.67793 92
9.8155 33
0.327549 43
9.83142 82
-9.28927 66
-3.00174 71
4.6056 43
5.30092 52
7.17665 53
-3.21121 73
3.16301 83
9.93106 16
-5.09327 35
-1.05438 46
-6.78365 8
8.3976 85
7.2761 12
5.15714 9
-7.57655 24
7.77879 47
-6.86591 36
7.49231 90
-6.46484 10
9.57947 39
-1.18501 82
-8.89601 23
-5.22922 59
5.67307 7
9.31112 25
-0.0549915 8
1.00966 82
-0.324285 56
-8.60961 26
-0.876881 62
9.32957 44
0.184425 87
0.936482 60
-6.04921 64
8.61166 46
3.66856 38
-5.6863 65
-1.56455 28
-4.79391 50
-9.74961 29
1.26361 71
-7.22321 60
-5.96839 50
-3.65244 53
7.65958 56
-8.50657 46
9.7443 38
9.0796 60
4.48497 4
3.06646 13
-7.97477 40
-0.497786 77
-0.10584 24
8.01557 70
-0.320132 67
8.66997 1
-1.20856 53
-4.10141 49
8.52537 6
-1.86421 18
-3.60657 55
-4.26925 24
-1.86437 67
7.13249 58
-5.55065 87
2.89071 93
-5.76206 47
-4.54889 14
-0.483934 16
-0.367628 25
7.40903 67
-4.20815 22
8.47864 82
2.42183 78
-6.26706 59
-4.59608 51
-2.64421 35
7.73374 66
-2.05266 84
2.59967 62
7.86943 40
-7.09502 65
3.03472 34
-1.22524 52
-0.221581 75
-6.17101 27
6.28134 19
-5.2965 29
-6.5948 54
-2.30697 79
2.31453 32
3.25255 13
-2.69006 16
-9.75537 23
2.09917 64
-6.23962 81
9.90279 37
4.8308 70
3.87395 51
9.72455 32
3.68336 26
-2.20742 59
-5.44703 55
6.82753 13
7.91658 43
9.38604 39
0.496261 33
-6.28776 43
6.82028 51
6.32173 43
7.72196 11
6.44394 78
2.34012 79
-1.14779 42
-1.65856 10
4.21357 9
-2.75504 88
5.46799 9
-1.65133 4
6.61124 52
-0.45807 59
1.67392 23
-1.97455 87
-0.535218 25
-0.233689 47
-9.9031 47
7.4042 54
-0.783018 35
-8.10497 75
9.64171 41
6.83589 50
0.533686 32
-0.827891 89
7.15486 78
1.95589 35
4.62218 80
-8.93292 44
-6.88985 55
0.951406 50
8.30265 28
9.64165 34
-4.63975 41
-8.64739 38
-5.69162 87
-4.75775 69
3.25437 18
8.60209 32
-4.75077 39
-3.3726 22
-5.65011 3
-0.500888 40
1.46713 92
-1.22527 50
-9.07186 9
3.6555 16
1.92424 17
-1.69251 8
-0.26784 56
-4.56679 92
5.9865 30
-7.52038 78
-2.18931 38
3.69133 51
4.40985 12
-0.419441 35
0.329836 59
5.97978 82
8.25296 87
5.16871 7
-5.32129 31
-6.76249 79
-6.80897 21
-9.94016 17
-0.160905 54
2.77192 51
2.07159 92
5.38866 27
-8.26042 31
-6.66137 10
-6.4318 88
-7.90274 47
6.07197 91
-8.78165 18
-5.19662 77
4.24784 72
7.94293 1
-3.88081 41
-7.97576 54
1.49335 8
-4.76285 28
4.77336 27
1.75917 4
2.37632 71
6.87169 89
3.10703 16
-4.62146 87
9.14668 88
9.42057 45
1.82559 72
-4.27647 10
7.62264 77
8.48233 77
8.82258 19
-5.48277 65
1.04746 76
2.86595 41
-1.69425 29
-5.48657 17
-0.625957 69
2.09456 84
-1.75869 69
2.70197 5
-3.09754 32
-9.1528 53
-9.20791 63
0.559374 73
1.80148 24
3.51647 1
-4.17768 30
7.06519 56
-5.11758 46
1.15187 39
-7.23121 6
6.78417 65
5.71713 59
-5.06602 2
-7.1059 58
6.28665 38
-4.04729 48
1.34054 14
0.504438 62
1.88801 62
3.72851 20
-3.97969 64
6.25991 11
1.40015 78
-9.39629 55
-6.14676 91
-6.8353 37
4.1241 49
5.25131 18
-3.32318 3
-7.81725 28
0.265529 52
9.60151 24
7.6288 61
0.0513507 38
-5.27285 28
-0.0302179 55
8.71983 20
1.69539 64
8.29889 74
-7.31769 30
4.22275 32
-3.00317 6
5.14825 18
-9.04172 84
5.32982 2
-0.617258 63
-7.93312 62
0.280789 21
-3.13637 71
2.22958 52
-1.18837 11
-3.15081 45
4.56331 53
4.35205 30
8.1366 92
-2.21095 46
-7.82615 41
-6.20622 86
-0.862628 16
0.776561 43
-8.63974 39
-5.71929 48
4.23615 49
6.57958 82
-3.88434 64
4.86625 71
3.64164 25
7.43153 42
-6.19307 55
-9.87696 51
2.11809 32
3.77108 86
3.43807 63
-9.13328 8
-7.9088 72
6.14217 93
3.45354 24
-1.68885 61
-2.6403 25
6.20048 18
1.02911 67
4.15266 73
-4.87764 2
3.08847 3
-2.36604 68
1.00143 11
1.20412 68
9.19586 40
4.54254 5
4.01253 6
-3.00106 54
-5.38014 38
-3.104 35
5.92656 47
8.12498 73
7.37754 20
-5.36722 93
3.54085 66
4.64282 92
-8.18838 32
-6.40905 80
6.76913 59
-6.11288 74
3.9143 51
-3.84548 31
-9.91995 56
-7.05279 69
-1.88425 72
-2.12292 60
3.51141 90
-5.02746 20
3.4754 87
-1.34732 9
-3.69152 37
-8.80258 35
-4.60795 6
-9.07899 37
-0.741126 31
-5.12656 79
0.330007 14
-9.49701 65
5.74143 3
-4.15177 10
-1.71058 33
-4.40907 85
-0.725166 1
6.75133 43
-5.68835 19
8.83107 30
-1.36318 76
9.93504 58
2.98054 93
9.21985 52
-3.07977 51
1.18708 34
-8.20393 58
-3.3915 30
5.94328 68
3.89333 63
-8.13669 17
5.4588 21
-6.33741 61
-7.33389 65
-2.56154 6
-8.47056 21
-8.99895 85
5.36607 19
0.0368982 3
-1.52071 77
-7.92497 54
0.220363 26
-5.53624 34
7.86821 76
-4.02537 36
1.08098 32
-6.24045 87
-5.19002 21
-4.22638 82
1.30394 31
-3.48003 45
3.66181 26
-3.62375 18
0.123098 2
5.71426 60
5.05029 36
-7.85418 61
-3.10129 2
-1.88371 31
2.91797 79
-4.52226 9
3.8021 36
-4.74853 1
9.76432 43
-3.21099 45
4.88592 92
-1.36365 54
-5.66698 39
3.17756 64
4.19834 81
-9.24573 17
2.06522 39
8.67264 89
6.80984 47
7.03112 28
0.504237 39
3.7525 76
1.94048 85
4.09284 58
-0.484048 18
-7.49894 36
-0.200302 27
-4.03168 39
2.5225 14
8.62272 45
-7.79649 83
5.25157 34
0.165998 23
3.55437 77
0.625825 27
-9.44293 82
9.39336 85
1.19521 69
2.0424 48
9.42604 5
9.05484 30
1.4219 18
7.84458 40
0.406587 26
-8.16102 40
-0.9383 40
5.01761 1
-0.481261 53
-0.541644 52
8.83037 36
6.09787 66
7.88148 4
4.73256 67
9.23468 15
-8.21911 49
0.633502 85
-4.4492 81
-5.43504 83
3.7307 73
-4.09156 21
-3.85216 44
-5.15753 86
-3.36635 46
2.04418 24
8.81106 56
-0.555567 73
-6.69978 89
9.51847 32
-2.08085 93
-6.45186 12
5.2828 93
2.36851 17
5.33039 36
-9.4218 54
-5.06183 16
1.653 52
-7.56476 75
5.37623 2
7.71598 68
1.30082 41
6.54601 56
6.33601 67
-9.09729 75
0.42194 76
0.930864 4
-2.17246 81
-8.75592 31
7.81725 86
4.92962 65
2.47306 20
-4.19547 56
-9.92923 60
-8.29566 32
-4.76668 18
-2.71393 25
-6.99731 46
-2.01549 2
-0.566675 91
7.62148 93
-5.1378 91
2.95297 88
-5.93072 73
5.03038 22
9.38367 23
2.25432 70
-2.95924 35
7.1541 63
-6.39732 53
-3.41927 3
-1.76955 35
3.40941 90
-8.21457 24
6.85262 85
-8.99618 83
-8.86754 39
-3.3186 18
8.52277 39
5.40751 78
-2.21476 63
3.24881 73
-2.10055 54
-6.98368 63
-1.45247 81
-4.71769 92
0.747128 18
8.14475 24
-9.29992 75
5.0661 80
-0.683381 51
-4.94188 55
-9.38096 69
8.52003 19
3.88357 53
-9.43153 39
-0.093031 93
9.1854 79
7.15732 44
6.08665 38
8.81516 79
5.26582 62
-8.16657 91
2.23622 62
8.39876 6
-8.11075 63
-0.908931 18
3.81853 52
9.47871 28
-9.68566 63
5.04468 82
-7.40079 76
-7.7556 27
-6.87415 60
-7.25195 90
7.96147 74
-8.17399 37
-6.39053 53
0.810255 16
-6.57465 28
-6.04177 26
-2.97842 39
-1.82087 74
1.34491 84
-3.89936 59
3.61129 17
9.43922 33
-2.68793 52
-5.24275 64
-2.28063 20
9.85312 59
-9.2899 61
-6.79723 48
-0.104381 25
9.08703 7
-3.67138 33
-9.0269 37
2.38935 1
-6.32375 70
-1.42223 54
7.72758 28
-7.79159 47
-7.61614 39
-0.276181 24
-8.30838 36
3.95705 19
-7.96504 86
-8.92925 40
4.97018 79
-7.70072 8
3.46476 24
-0.877624 20
4.57043 82
0.242378 7
-1.39202 7
6.4229 13
-4.79284 70
-8.34616 71
9.55311 36
-0.925542 24
4.88291 35
8.60951 10
8.3656 89
-8.66298 17
7.50749 82
1.03752 46
9.39754 42
0.733633 71
-1.74183 48
-2.78636 79
-5.04056 85
-1.00829 40
-3.08472 16
-4.47719 36
1.10499 18
9.7585 58
6.16582 6
2.98212 76
-0.70641 48
9.63458 3
-9.4325 36
1.96856 37
-7.26653 80
2.6784 12
3.11314 55
-5.75238 79
-9.63738 10
-9.73091 43
4.61199 26
-2.02554 33
0.250354 19
0.747428 1
-7.09855 52
-3.93366 72
4.79772 27
8.81877 73
-2.19935 84
9.02678 62
2.44889 75
7.56252 46
5.85734 88
-1.27197 17
-4.71763 31
-3.3411 24
-0.683259 41
8.77317 5
9.56355 21
-4.51437 83
2.34132 62
1.4539 73
7.71861 69
8.41503 32
0.368669 41
6.69822 85
-2.74018 75
7.07033 38
-8.71445 27
-8.02627 88
5.35881 66
8.83362 78
0.963814 48
-8.35747 16
7.92197 15
-2.44911 92
-5.04625 75
2.78354 18
8.57294 80
-1.51916 46
-2.79257 63
1.03676 66
-1.81183 41
-0.432299 43
0.990518 89
7.95112 46
-9.08695 34
-2.04354 64
-2.71682 14
-1.90596 59
-5.05592 34
9.76641 16
-2.47899 70
-9.96775 92
-3.29277 44
-3.6071 22
-7.33206 21
9.36864 64
9.45073 60
-7.56192 85
-3.84651 48
-7.55491 64
5.09931 30
-8.90743 25
8.20993 19
0.748007 72
-6.46826 56
2.61304 9
7.1165 78
5.27412 44
-4.75884 35
8.33574 73
-2.42182 19
3.90929 37
3.32087 27
1.45836 31
-5.04473 56
2.61087 89
-3.2282 17
3.82087 70
3.91318 48
4.64442 52
2.46777 11
8.93306 68
-1.13476 7
-9.40172 72
-5.2833 89
-5.07074 12
4.02586 49
-0.179045 11
-4.18742 71
-2.67593 18
6.10711 48
9.54002 12
7.52445 38
-6.49832 74
-4.5516 72
3.72153 72
5.21255 14
2.58758 54
-6.56361 45
1.56188 53
-0.980364 30
-4.47014 16
-1.49654 83
-2.89139 44
0.572626 76
-2.8193 24
4.68659 5
1.13885 55
-2.95577 63
6.53304 13
0.945931 8
5.90919 78
4.92794 26
-8.36693 91
6.22343 91
-7.42822 68
-9.25487 47
-8.50738 36
-4.0554 82
-6.54551 37
7.18105 36
4.03358 36
-3.95882 66
-7.09789 78
0.828782 27
4.32347 11
5.83803 81
-9.61673 62
-3.15781 4
2.33014 2
5.65365 6
-8.41113 90
2.86296 26
-0.783533 45
-9.80561 79
-4.91335 49
4.76104 43
5.98174 41
0.222815 62
4.20379 45
4.05175 51
2.15837 36
-1.40476 50
1.86561 57
-2.77218 6
1.49903 60
-4.78942 88
9.28063 13
-6.17999 56
7.92331 43
9.66627 59
-7.02957 2
-8.34137 37
-3.93593 64
9.29727 31
-3.32975 45
-0.845067 82
-4.41156 81
-7.9102 26
4.05876 56
-4.97874 37
2.76831 36
9.31124 37
-7.06599 2
5.12764 91
-9.45082 51
9.49827 24
-2.65518 74
0.2755 81
-0.751562 62
-9.4088 75
-5.37792 60
9.38766 69
7.83409 53
5.02155 28
-6.51015 38
7.46672 28
0.513758 65
-2.48522 63
-7.73469 2
-3.71021 92
2.47704 72
2.57407 69
0.23999 72
2.11514 27
1.09241 62
-1.24684 17
-6.77931 4
-2.60853 42
-5.74759 64
-8.12958 68
-0.218364 21
9.45124 46
-5.4108 10
2.09152 4
2.54051 39
1.34362 82
8.64882 59
8.02127 67
0.842734 87
-7.04077 43
2.07601 19
-2.37167 1
-4.74022 37
-4.05841 46
1.66042 69
-1.42221 59
-4.88833 35
3.23695 76
1.95537 89
6.14249 28
9.78958 82
-4.03695 85
-5.84909 77
-5.30867 88
-0.181004 79
6.06822 60
9.7671 90
-4.64975 5
2.73968 47
5.0622 72
-7.56221 50
7.75312 33
-7.79712 35
-4.34755 15
-8.08451 74
-2.94983 57
9.06 32
8.40135 80
5.95093 52
7.97515 45
4.37201 29
3.205 18
5.70662 5
-2.30948 50
0.7709 22
-0.804125 83
-6.74303 41
-7.60385 24
-3.71613 43
-4.32779 36
8.16046 2
-6.73316 78
-6.97318 37
0.464518 87
-8.58836 7
5.35748 31
6.55091 49
7.22077 27
-5.826 16
9.89668 8
-7.21008 46
-7.37191 6
-8.37268 92
-4.07269 28
-1.5715 63
-2.98515 49
-1.04704 75
-7.12288 91
-5.67972 75
0.17479 44
1.81022 11
-2.56971 10
-5.06522 40
7.29495 42
-4.18683 71
1.71989 64
-0.465986 70
0.60692 35
-6.88505 22
2.76904 84
3.31695 28
-5.36842 5
4.69362 52
7.50749 82
9.69654 82
1.68033 9
-3.89576 13
-2.80405 16
-0.584815 27
-3.74655 36
-7.29323 50
-9.63039 66
-0.61089 71
4.97889 69
8.91298 89
-8.7958 81
5.51934 16
8.72226 87
5.14964 61
1.81745 5
7.90221 79
2.06893 81
-3.80238 58
1.55499 13
6.15548 34
7.0228 43
5.89877 54
-0.279348 86
4.97159 85
0.638491 49
-3.22474 38
-4.88991 58
-7.66945 82
5.97164 6
5.8421 19
7.1613 60
5.79444 33
3.5596 28
2.70476 15
-3.95089 47
-9.93759 8
-0.0769632 21
-4.33359 60
-4.54931 65
-1.08354 17
1.01974 3
-7.83267 44
-4.99914 82
4.8721 10
-4.38191 42
-4.16837 83
4.08601 55
-9.17744 92
4.06601 85
5.38667 74
-9.06158 13
8.67206 34
4.95232 78
-1.08335 8
-3.67388 93
1.71956 24
-1.89763 11
1.04184 44
3.36827 75
-2.99486 78
9.69126 18
-5.40415 8
3.69107 87
9.42402 26
-5.12222 8
-3.14304 80
-4.54054 68
-6.61824 89
-5.0506 1
-1.30805 82
0.385387 62
-2.46316 22
5.10042 17
9.26405 53
-7.905 62
-1.34899 66
1.73507 3
-0.257369 56
3.71463 46
9.35398 7
-4.68107 46
-3.23375 31
-3.72347 30
2.99391 31
2.80167 26
-9.35193 48
9.26947 58
5.23052 22
-9.39031 13
-4.75137 79
-4.65904 20
-8.25467 76
1.42128 17
9.19433 4
-3.47782 48
-7.01202 2
-3.96498 31
-3.34509 6
6.00086 66
-5.79854 53
6.66291 19
-3.81491 67
-6.14608 37
1.31052 12
4.57018 73
-1.9413 56
-6.93184 45
-7.85323 12
0.160609 85
-2.69525 38
-7.75004 85
5.40219 41
5.08879 65
-1.88852 78
3.10845 72
9.63059 21
4.20165 22
9.06719 42
-1.58673 2
6.59905 66
7.66581 42
2.77226 86
-1.07395 44
4.72987 73
4.7835 12
-4.80925 55
-8.35412 79
6.04212 29
8.31905 12
4.89086 55
7.14411 37
0.0742016 65
-0.382666 58
-9.32978 58
9.17855 68
8.96566 17
-1.78814 4
-2.48114 36
-9.58583 16
-5.92947 9
-5.12379 46
-6.34472 69
6.30892 91
-7.83784 53
0.339971 7
-5.93336 52
5.98055 19
-1.52079 90
4.3419 19
1.04737 76
2.09134 67
0.375473 17
9.58968 82
-1.60398 20
-5.12211 45
6.75394 65
0.582915 12
0.573727 55
2.63362 19
-1.55515 16
-1.95959 21
-6.50048 2
-9.32678 85
6.05826 47
-2.27987 69
-9.39389 76
-7.27722 75
-7.42398 86
3.51541 10
8.57447 12
9.04266 9
6.49576 22
6.66693 37
2.37074 10
8.83586 26
5.97573 75
2.17588 3
-9.22511 5
-3.90216 66
-3.00005 79
-7.96795 32
-1.3773 75
3.77029 19
1.60405 20
-7.46332 77
0.902231 74
-9.87176 29
-7.91329 70
-5.35476 75
4.67375 44
-9.00819 72
-8.54329 41
9.73133 38
-7.41493 43
3.16221 58
6.85583 46
3.37174 78
-7.52795 24
2.02531 27
-9.39187 32
-1.23498 26
-5.64845 27
1.70927 91
-5.42032 18
-1.0474 40
-8.1243 71
3.16879 32
9.35862 57
-0.382852 11
-3.26425 41
4.16416 92
7.40994 23
4.70667 93
-6.85041 62
-9.68639 52
2.64094 50
6.43568 46
5.2763 47
6.39099 24
9.10794 74
7.24944 84
-9.45527 62
-5.29231 32
-4.14139 31
6.5215 42
-2.37866 23
-0.400471 92
1.53832 82
-2.61524 77
-9.3753 33
-0.133858 80
9.43778 57
-4.00679 79
6.49862 41
8.6411 66
3.21372 70
-6.20569 77
-3.26012 59
-3.01879 36
6.65417 64
-0.388971 72
-6.94826 92
-2.13531 53
-1.87681 81
-7.08053 35
-6.66621 5
-6.7879 21
-0.901097 80
-7.99596 43
-2.36394 64
-6.78357 64
8.39097 5
-5.60668 91
-3.0134 57
1.66301 78
8.81777 39
-1.43387 72
-7.45407 70
-0.0477366 77
-8.75224 42
9.91933 44
9.09562 45
-8.0138 24
1.25325 16
-2.76283 47
5.78968 78
8.14003 65
6.50955 27
-9.25677 47
-4.92993 64
9.45286 41
-4.72272 64
-4.5567 9
1.58101 52
3.14321 25
-3.90939 26
-2.50495 81
0.0012888 85
1.3998 93
2.7827 11
3.96854 14
6.60133 3
-9.84258 53
1.89987 15
4.91011 38
-6.86072 35
-2.40738 93
-9.51408 86
2.39228 63
2.26464 91
7.14587 60
8.83769 25
-5.63337 67
2.274 77
8.94855 47
-7.63642 11
-9.14316 27
2.66 88
8.60492 35
-7.91918 83
-8.73373 25
-4.14356 46
9.48857 89
-7.08531 45
6.19845 19
9.23116 71
-7.22875 14
-7.22153 70
-8.32652 23
-5.61028 68
0.0200441 66
-6.59434 87
-1.54019 93
-9.15598 15
2.41265 47
-6.5735 62
9.43569 44
0.855221 50
-9.10261 47
-9.43549 49
1.54429 53
-2.10577 78
6.7635 62
5.13716 8
-7.39404 7
-4.71916 61
7.98771 31
7.32208 80
-0.921625 25
0.489413 33
-1.20359 58
-3.18218 37
8.19621 31
-0.583386 5
1.98035 54
-4.27332 34
5.51854 90
4.60511 12
7.65072 71
-0.379736 77
-6.0784 53
0.0401932 31
-1.88594 49
-0.0410822 87
-6.39646 53
5.56529 74
7.03218 17
0.412319 63
-7.43169 6
9.23086 28
-1.53518 1
-4.79606 72
8.71092 2
4.72762 73
-8.73575 46
1.45358 81
-8.73643 22
1.48312 45
-4.91685 33
0.993849 3
-9.462 52
-7.52209 27
-2.81571 26
-4.0928 45
-8.42934 29
9.28909 9
7.8037 59
0.197462 82
6.93386 23
-2.79409 71
3.44924 32
3.11336 73
-3.40488 81
-8.49959 46
0.914525 26
2.03293 78
7.65402 69
-2.15865 81
-2.7469 66
-0.46911 15
-3.01135 24
-6.97089 86
6.34382 33
-1.59956 25
0.247553 58
7.99941 87
1.51048 1
0.113806 14
-9.02407 30
-6.15149 78
7.20303 39
1.45476 36
-5.02418 10
-0.124681 25
5.72828 57
-2.85374 5
6.59502 19
3.63377 74
2.50437 57
2.51439 6
5.74855 25
-3.68786 70
-3.68693 68
9.47615 86
7.66024 80
-0.0579792 45
0.0337961 13
-0.645734 31
-7.82916 56
-5.32595 37
-5.83972 14
-6.8313 1
-9.42277 65
7.71699 29
-8.74964 41
8.55131 21
-1.00261 57
2.21836 78
-5.7172 86
-0.100993 1
3.09723 16
2.07272 8
-7.26569 15
4.80656 90
7.74731 32
-4.48577 66
3.83993 28
9.67651 1
6.31003 25
-7.71214 46
1.71945 70
2.39132 9
-3.12427 64
-7.60548 19
-8.80101 40
-1.46255 61
2.06999 35
6.19115 89
3.27547 63
1.81894 33
8.37712 62
-2.94799 20
-4.39466 48
2.89524 4
7.86424 17
6.61038 15
-1.29377 81
6.3154 33
-8.27727 36
-2.45597 72
-5.90814 16
-0.115546 20
-6.45182 2
6.60562 30
-1.94389 49
3.65466 63
-0.717375 14
1.41845 81
8.86279 13
7.50704 20
1.09221 41
-6.16365 45
5.98194 41
8.40766 62
1.90302 67
3.87802 20
-1.17689 38
0.405608 86
5.55743 83
9.84759 93
9.04807 82
-2.0661 90
-9.99161 13
0.63744 62
-5.19109 80
-5.24873 46
4.43854 21
-0.736316 10
0.910107 86
-2.18415 57
6.53666 89
9.08025 24
-7.31084 24
-7.33823 39
-2.95678 16
1.7981 26
-3.27302 70
-1.04391 88
3.26833 86
0.792815 31
5.70267 30
-4.40134 72
-2.25158 16
3.18985 73
-8.43982 28
-1.66257 56
-4.16981 53
-3.04659 65
4.78323 18
8.56044 36
1.61355 40
-3.71537 18
-6.20175 45
4.23016 74
1.76648 47
6.17038 50
2.73935 5
-9.99784 48
8.03363 60
0.829482 36
-6.08923 79
3.72891 49
-9.91974 14
4.21044 60
9.44345 86
7.73673 19
-4.82523 31
-7.48553 13
-6.67103 52
7.27999 53
-0.68684 23
-2.56192 14
-1.7585 70
1.64471 45
-9.14914 82
-6.67804 40
-2.37555 11
-6.3918 58
-5.54563 72
5.10347 8
8.45208 58
-7.31336 30
0.25049 42
9.34712 24
-7.2942 17
-2.04013 62
8.42739 84
-8.05896 17
-8.86782 63
5.44437 88
2.9638 54
-5.07005 55
1.37165 87
-0.104996 77
-0.630496 20
-8.12487 40
-9.3251 74
9.10498 61
0.599608 22
1.72435 92
-5.22107 19
-2.39059 43
9.7777 53
-2.54491 48
-6.35432 61
-5.78484 71
7.20529 63
3.98625 77
-5.18594 41
0.747228 67
2.0774 91
-6.00009 63
-4.63259 55
3.22076 16
-4.47629 92
-3.15279 41
-1.56744 48
-3.92323 31
-3.28355 20
-5.7754 56
5.075 78
4.40234 28
2.73265 77
6.49096 23
-5.81055 60
-1.31608 29
-1.88695 19
-5.57399 29
9.64355 44
-9.57011 25
-6.31011 61
7.07222 42
5.84904 25
8.7241 84
-4.83008 44
-8.47924 58
-7.17851 48
9.68461 34
0.80741 82
1.2196 77
-9.8004 43
-7.46482 40
3.08384 52
-9.69893 87
1.45143 74
-1.30491 49
3.582 66
7.09323 66
-2.3407 15
-0.526777 84
3.47242 81
9.76241 19
-5.30633 37
-3.11065 78
0.469114 62
0.789063 41
-1.36298 47
0.448958 24
9.07617 41
6.47723 27
-9.15399 70
0.206482 14
0.28873 44
6.07338 57
2.30278 59
-6.76112 14
-1.93311 48
-1.46451 46
-3.83633 91
2.95071 49
-6.43631 6
6.07539 42
0.424341 8
9.22917 57
2.86972 4
-9.65815 21
4.69571 11
1.99581 88
-2.93625 31
3.98923 56
-3.10669 81
1.29606 55
-1.48117 29
8.68223 3
-2.13797 20
-5.90844 60
-7.9976 90
7.72454 18
-5.31852 11
0.980954 1
8.13971 74
4.81333 40
7.00976 25
5.20495 61
-2.62028 44
-7.71285 77
-8.83906 60
7.09838 64
-6.94873 91
7.79119 85
1.53735 52
-1.67773 20
8.94283 79
3.01817 16
-9.66613 40
-2.07278 60
9.28475 14
6.92396 25
7.83072 11
-0.384689 20
-6.2963 6
5.37034 87
-3.8709 85
5.35007 43
-3.61862 69
0.781214 78
-9.04006 33
-0.806312 58
0.08696 7
-1.84798 44
-2.40914 91
7.91569 4
9.18364 28
3.36122 48
-6.98609 44
-6.84639 27
0.973078 85
7.31988 62
-8.30279 17
-2.8792 91
5.67249 1
6.69289 11
1.83331 62
-2.27914 88
5.70615 83
-6.90402 79
5.44942 49
-6.62512 76
4.92215 43
-9.29675 67
-8.47383 83
-6.69469 7
-7.03568 76
-0.00445787 30
4.08919 32
-6.64183 37
2.88185 59
-8.38245 81
-3.42855 82
0.73855 8
-4.42044 14
-4.47886 78
0.620515 29
-3.35168 81
5.04517 16
9.99052 7
3.46315 28
2.62951 23
7.25001 56
-0.207514 45
1.75287 85
9.88983 61
-9.3247 64
-0.000540985 13
4.19313 24
-9.75482 69
-5.67204 41
0.588522 41
-7.62462 24
-8.41065 93
-3.94874 6
5.17777 58
4.74798 93
-4.16594 13
6.29894 69
9.86306 7
-5.50409 8
-0.229164 37
-8.31342 42
0.655395 13
-5.275 31
-9.07502 31
1.9917 52
4.86822 5
6.15195 76
5.51987 78
-8.62278 71
7.15999 39
-3.97285 74
-4.7962 33
-7.40602 83
1.09912 44
-2.44648 48
-8.066 39
2.89084 30
-1.30314 19
-1.64558 87
0.691919 50
6.95934 88
-2.6719 25
2.95761 40
-5.1148 23
-2.66849 50
7.89402 79
6.65208 59
9.38446 56
1.13923 60
4.64017 2
-5.22486 25
7.36959 36
-3.7791 25
-5.34738 52
4.2776 73
-5.73833 27
-2.99928 61
0.610522 40
2.1438 64
9.51104 12
-3.38319 67
9.8891 78
-8.86608 46
8.2627 54
-9.89433 64
-3.24138 53
4.02338 74
-0.658214 27
6.46512 53
2.87952 80
4.9191 14
0.875406 68
4.36561 40
-0.878553 14
-4.6894 63
9.60326 82
-6.8564 43
-3.37353 37
5.56693 37
0.908177 70
8.61809 11
-1.00569 53
9.31561 49
-1.46719 48
9.23819 72
8.18015 93
9.73389 21
-3.30431 10
-8.06985 67
5.07167 31
1.13598 75
-0.846253 54
-8.70255 66
-0.395875 71
-9.92038 90
-7.4745 7
-2.57325 6
9.30521 63
-3.556 75
-3.10086 85
-1.27131 47
-5.63324 35
8.85585 8
0.668275 74
-7.10409 85
-1.06647 23
-4.91712 65
6.78065 34
5.8456 44
-3.93652 90
0.0195152 35
-1.65434 44
-9.28333 80
-2.50027 92
-3.60564 22
2.11957 8
0.59577 62
6.80714 30
-2.94297 11
6.37789 70
-9.91126 10
-2.64627 2
-2.58011 4
5.39543 68
2.76984 2
-8.77636 68
7.08005 69
9.81516 40
8.61453 62
4.32243 28
-6.51487 66
7.41456 19
1.54603 52
-7.54586 13
3.49403 46
0.500892 2
-0.242345 19
8.69924 25
5.70727 36
6.72483 56
2.01057 19
4.19694 10
-7.80706 84
-1.397 55
-3.51755 29
-3.76286 32
-7.25606 18
6.4914 11
-4.46047 66
-2.9003 1
-8.92871 43
-3.5937 9
-8.90423 43
-6.65213 31
6.18264 56
-5.29194 72
5.37588 23
5.34264 33
1.41017 83
0.583404 39
2.14835 63
-2.88989 74
-2.84956 49
2.58528 18
6.43978 47
0.22032 35
-1.63846 66
1.43491 50
-8.9937 47
7.61819 49
4.84114 84
-4.50846 50
7.91113 91
-6.97179 36
5.5778 9
4.82645 59
-0.15846 6
8.39408 18
1.47678 22
-0.264745 29
-6.55404 26
3.6138 32
4.81788 60
6.69532 87
-6.55726 69
-4.09208 10
-1.72124 87
-4.84656 25
2.04673 72
-6.38118 30
-4.62848 64
-9.379 65
-4.08772 24
-1.87341 6
1.91405 40
-2.72101 2
3.48382 58
-4.43242 43
-4.6751 90
8.37508 38
9.34886 45
1.53038 42
2.30452 41
0.357697 72
-7.52542 69
2.69445 11
0.157207 53
-4.50039 7
-5.98228 46
-0.505212 23
5.02464 66
1.39157 11
9.01613 21
5.27622 86
9.04822 85
8.45497 82
5.84506 7
-7.25789 69
4.13216 75
5.96098 15
-9.81022 61
-6.2976 83
6.64803 74
8.8347 66
-3.98783 35
3.65686 23
-1.68058 34
-1.09341 85
-6.4592 72
9.19349 68
-9.50197 70
8.60112 39
5.65062 30
-6.73239 70
-0.019282 16
1.86887 26
6.73857 19
2.99066 66
-1.29361 80
0.0663749 11
5.75278 41
5.37352 36
-5.92455 58
6.57894 59
-0.0157511 89
0.0635159 6
2.64675 83
-6.11057 84
4.88085 72
9.56295 43
9.5518 59
-5.69341 66
8.32492 5
0.282876 63
5.50086 74
-1.56895 66
-4.36436 50
8.3744 39
9.24476 61
0.714334 50
-5.74869 45
-7.80053 15
-9.00184 50
8.95842 52
7.28301 54
-7.09733 77
7.6244 30
6.57155 58
-1.51812 74
0.566422 28
-9.8944 45
1.88642 36
-0.215527 18
6.59036 63
-1.47046 67
5.66171 84
-0.433908 45
-6.28252 73
-3.95121 29
-6.36668 55
-6.69859 65
-1.17098 87
3.93478 29
-4.11393 59
4.16237 42
-9.91149 50
3.23218 6
8.38256 11
1.17285 51
3.84299 58
-6.52375 57
-6.18229 58
-8.49859 12
-3.50949 38
0.776797 52
-8.55661 12
-0.159604 21
6.79067 4
-1.84287 6
3.23547 53
5.37794 54
-0.377878 17
-6.71556 48
-0.619195 36
-5.53188 81
-6.15732 29
1.52775 6
1.71607 48
4.19451 71
6.1272 61
-9.44876 70
-6.2801 5
-3.58708 4
-1.71564 4
-5.23932 22
-8.6225 73
1.08348 82
3.39572 69
-6.26368 59
-9.55508 18
4.95862 55
-9.67698 71
-5.71513 15
-5.69631 54
-8.93058 76
-1.29372 83
-9.59389 78
3.38194 39
1.66297 29
2.38498 41
8.46659 31
-5.84145 92
3.73892 40
-3.43625 79
-9.24003 16
-6.14674 21
2.78756 71
-5.38288 4
5.93028 84
-1.70257 47
-1.09861 60
7.09716 43
4.24743 32
9.87211 46
-7.71167 54
-5.35108 81
6.0124 13
7.06943 50
8.38372 22
4.66393 57
4.90088 1
-5.2749 23
-2.89126 46
-6.37271 33
0.861611 34
1.09812 84
2.97551 93
-2.71631 9
-0.336607 69
0.946875 27
-7.7608 47
0.908092 82
-0.371902 55
-0.745222 23
9.81922 21
4.09475 9
-6.74158 63
-0.216384 3
0.162296 78
-5.90504 80
-1.13502 26
6.32647 24
7.83553 84
-0.297338 14
-5.53907 32
6.33458 91
6.12919 8
6.57062 80
-0.47853 51
2.58383 31
4.98679 47
-6.67066 21
8.56229 30
-2.65604 69
4.34819 73
6.49774 33
-6.55489 35
-0.498486 52
6.36821 61
2.39907 30
3.17102 68
0.0546529 54
3.042 19
-5.06911 46
8.71828 29
7.0721 22
-3.98177 69
0.536859 5
3.98927 53
7.07517 72
-7.59573 87
-3.33203 78
-7.70797 27
8.48027 15
9.05379 73
9.0221 23
6.28494 14
3.09775 10
4.53646 34
4.37357 2
4.82241 92
0.996007 50
5.35185 30
9.3872 31
-1.09613 8
3.05322 86
-6.98027 84
5.8396 7
-9.02153 71
-1.56577 9
-9.19586 23
-5.95161 19
4.11518 14
-0.956183 74
-5.37055 51
-2.23224 12
6.87599 16
6.82554 8
-4.63627 77
6.30059 84
-7.72239 45
7.26859 2
-3.00342 74
9.01535 50
6.56785 76
6.93739 60
2.25635 74
-4.63299 10
2.75194 75
2.88142 29
9.92777 54
-4.14351 7
-6.92008 84
-0.419691 88
7.20958 5
-6.5112 15
-4.34512 20
6.75922 2
-2.10481 25
0.801078 80
3.38236 9
6.22604 45
-3.95243 76
-6.17017 86
-7.21678 6
8.14718 27
8.55036 93
6.88319 28
-5.61507 71
6.96403 58
-5.64316 36
7.90792 43
-7.3153 53
-9.75278 26
-9.51662 73
-6.08799 26
-7.78304 76
3.38884 83
-2.36187 22
-0.294322 38
-7.19976 28
6.62065 33
9.51335 38
-2.76193 57
-1.79318 60
-8.01979 16
4.0122 78
4.57695 65
4.69761 65
7.37839 37
0.887764 50
-1.88521 70
1.45391 31
1.25062 46
-7.94345 86
0.741695 6
-7.53506 44
-5.36895 46
-3.4779 25
9.64937 72
0.422612 15
7.40048 48
-7.88573 62
-0.0184315 89
-1.45791 31
4.03415 62
-0.543452 90
-0.260642 13
-8.73537 35
-8.3054 20
-1.20799 76
2.70845 11
-8.82976 62
-4.3232 37
1.76945 39
-4.78884 64
5.05888 61
-1.88928 34
-4.17161 83
1.22467 43
-3.88179 68
-0.66143 70
-0.119177 38
-0.444007 1
5.77596 28
5.92679 21
-3.74878 68
-6.29697 54
-0.755872 58
7.84262 81
-2.00264 39
-1.07477 9
-5.93955 51
-1.90179 64
-0.131114 26
-4.45758 63
5.21748 50
-9.21214 55
-1.90915 41
-0.47976 92
-3.02504 39
9.19214 86
2.95335 81
5.88852 40
2.44401 64
-1.64689 20
-2.57405 75
-3.0378 74
9.5355 41
9.06129 64
8.56664 18
9.50337 20
-2.94892 63
-2.84275 29
8.64781 87
4.69825 26
8.18196 91
-9.6895 33
7.00347 77
-9.45079 14
7.25474 18
-9.19419 41
-7.19805 25
-0.804933 33
-7.6575 61
7.29773 1
-5.08406 8
-3.91694 55
-3.09264 22
-6.89806 75
-5.1582 13
0.00143176 79
-9.24333 66
2.1822 22
-5.43015 89
-7.00058 44
6.15431 61
-7.95497 18
-7.29673 79
-8.76048 77
-5.04374 28
7.42861 48
0.582425 66
-0.420048 15
-3.94641 41
7.3271 32
3.23587 65
-3.49691 70
-7.66188 68
-2.0728 19
2.13353 72
-1.25639 41
4.95591 18
6.97044 7
4.61126 42
5.21956 56
2.86968 12
3.74716 35
5.161 57
1.69161 61
2.75985 10
8.17289 10
4.33493 33
-2.07238 47
-6.78868 72
7.26086 33
0.596713 10
-8.07996 38
-5.00061 2
6.02202 83
4.26555 13
2.28104 52
-3.9836 48
6.37861 30
8.2547 7
5.15482 86
5.21809 46
4.1032 45
-0.444408 54
-1.91205 67
-5.54303 18
-1.61456 20
0.286307 55
0.688003 23
-0.171397 54
-7.11381 3
3.03865 77
2.61719 87
-1.45821 19
8.80625 50
-6.73423 87
-5.26107 1
-9.65651 88
-5.34699 84
-3.08417 18
-6.16183 84
-5.70663 12
-3.44733 60
5.21072 51
9.17846 9
9.6831 11
3.82079 29
-2.18433 42
-0.260871 8
2.70141 17
5.89844 57
-2.76971 88
9.79835 45
4.0178 60
7.54109 85
-9.05233 27
5.15313 8
7.69779 78
-7.77876 2
4.43574 26
3.07102 81
9.14747 27
-1.74937 22
-2.26393 2
-2.81281 57
8.50806 77
-0.458731 64
6.5525 84
-3.32316 28
-7.42654 46
4.15178 45
-2.48735 7
4.28147 73
2.53352 46
2.34013 36
4.34294 15
-7.68364 44
-8.98935 82
-7.55671 4
-7.50001 48
8.42618 91
5.15409 40
0.364352 1
-0.116704 25
1.35695 73
8.27576 2
-0.795913 61
-7.40842 49
-3.67754 42
-2.14115 52
7.74592 89
2.46493 80
-3.01999 68
-8.13871 50
-8.64332 66
3.89432 92
5.03451 6
-7.72839 37
5.35704 6
-0.626814 65
7.08727 36
-6.79587 92
-2.40816 38
-0.0215621 55
3.62102 3
4.56368 35
8.60192 37
-7.56503 16
-8.10403 46
-5.90131 60
9.34867 15
3.93553 65
-7.14458 80
-6.47776 32
-6.24898 74
-4.68442 59
-3.85935 24
2.89478 89
-8.06382 2
-8.47496 59
-5.64515 93
1.75941 59
-6.35091 12
-2.22611 7
-4.67712 32
-6.92347 76
9.14176 79
1.88383 89
-3.40742 57
2.27696 36
-3.24696 8
-5.80707 15
-0.865731 24
3.61137 41
3.88469 74
4.25683 78
-3.91363 28
-5.86327 28
2.24552 7
3.97235 74
4.10848 33
2.8101 58
-4.28633 1
3.88151 3
2.98732 87
2.46759 82
-8.60666 40
8.28797 18
-3.16796 35
-7.29709 26
1.77711 11
9.0699 14
0.117223 20
9.66814 83
-2.49411 37
3.63539 33
-2.2106 39
1.55097 64
-0.713286 35
5.3082 47
-5.9212 81
6.42204 91
1.15278 80
0.759979 79
8.66654 72
1.7384 47
-6.84961 39
2.24542 44
-1.07949 3
9.18547 81
-1.57938 66
-0.529225 21
-2.42129 86
-6.10967 56
-0.898795 18
1.64059 32
-1.94345 21
7.58573 79
6.19718 93
1.45438 27
8.80089 51
3.49083 80
1.53422 87
1.1928 71
-1.75858 56
2.18206 44
-1.20332 53
8.94003 8
2.06895 53
-8.30373 68
6.12056 81
-2.77168 70
-5.91446 48
0.615476 44
-5.40746 31
4.94468 89
2.27582 42
-0.451684 10
1.88095 30
-8.15105 14
-6.24772 2
-6.01055 75
-4.88139 11
-6.08945 16
0.691019 1
-6.18505 88
-5.44672 87
0.508912 51
8.25938 10
-9.62898 53
2.60099 2
7.53201 45
-1.8334 13
6.05976 22
-1.10433 31
3.78009 80
-3.02953 41
-9.36635 66
-2.13902 42
-7.45718 69
4.6358 58
1.1306 10
-9.74877 9
-4.70746 48
-7.87558 12
2.24611 59
-6.97033 55
7.32397 31
3.76954 62
-6.34539 67
7.63642 89
-0.569005 92
6.34852 1
4.53866 72
-8.65884 12
-9.34029 2
1.921 10
6.7018 2
-5.54032 25
5.53805 56
-4.99465 74
-5.93304 80
2.57426 59
7.50247 60
-5.65782 59
1.10467 21
-0.628659 62
-7.26937 62
8.21414 50
-6.78194 80
-6.4683 53
7.28207 81
2.88815 30
-8.08827 78
9.65667 10
-2.14878 64
-7.099 56
3.72216 36
-6.57791 50
1.6258 12
3.83976 48
-6.82044 41
-7.50349 28
1.62188 25
4.83327 21
7.26129 28
-4.89637 7
6.89506 15
9.24891 43
-9.76392 46
-4.74729 88
8.56523 51
-7.54519 53
-0.696132 39
2.08981 18
-0.80108 72
2.64677 24
0.965215 74
8.71754 37
7.34184 84
-3.66199 11
8.5712 69
-3.17741 20
-5.27009 70
3.97043 3
-3.08442 91
0.886363 93
-5.59316 86
-3.46856 18
7.65053 49
-6.66061 81
-2.01953 27
-0.261993 88
-6.53852 78
4.82318 93
3.62729 38
3.49319 64
-8.91325 55
-6.81644 8
-7.04205 90
-8.8012 73
-1.33623 5
-1.52499 80
-1.22629 81
5.61523 3
0.865821 56
-1.17425 81
3.88995 25
9.38805 8
-5.98077 45
1.57801 39
-5.40275 87
7.41994 91
3.23193 59
7.49636 10
0.344374 22
-2.9472 79
1.81196 29
3.31336 25
-3.58068 36
-2.03629 33
-4.16963 20
-4.23639 77
6.90333 35
6.77596 14
2.3761 27
9.48938 18
-8.33961 2
-0.389793 61
-6.19434 48
6.86352 25
-8.91771 76
-4.44175 88
-1.52981 26
4.27919 60
9.26433 46
-4.52263 23
3.40046 20
2.32645 26
3.9476 35
-2.31438 9
-1.22643 75
-5.98807 15
-6.66048 12
-5.27213 53
-7.37615 47
-0.539485 9
3.11161 77
5.64344 32
2.14198 16
2.45252 53
4.71874 19
-7.002 39
3.4752 87
9.82741 20
6.33857 1
-9.19081 20
-0.580241 62
6.17606 4
3.19984 46
-3.23951 3
4.00295 33
6.51769 55
-3.17491 28
0.933794 92
-8.54547 54
4.41151 63
4.93913 32
-5.38464 79
-6.05828 13
4.90451 83
-4.28982 66
-4.95559 5
-0.491353 7
-3.57686 2
-5.13614 83
-7.87122 24
-7.73245 24
9.40597 8
9.17922 59
0.177477 19
-5.8705 4
1.44402 32
-5.56032 72
0.250898 46
4.33574 58
-0.428554 74
-9.79898 52
5.74542 26
-1.65023 25
7.12724 52
2.33115 70
-7.03598 53
-4.88248 51
6.3611 47
-8.54881 55
6.71751 6
6.74204 38
-2.50096 90
-4.76627 70
1.27137 7
-3.55468 42
4.26892 16
-2.53119 84
6.66676 19
7.06471 27
7.80817 12
-2.53586 20
-6.56233 4
7.19381 85
-1.70679 63
8.64645 37
-9.57634 70
4.37592 88
2.02561 67
-6.06462 86
-9.59433 84
1.19897 7
-8.21199 63
-6.78841 63
2.50031 12
5.30765 6
2.28182 23
-0.564001 68
4.1699 6
-8.01997 57
-7.94159 23
3.5858 37
-7.86624 78
-5.43187 5
9.77364 90
8.58216 25
-5.6795 15
9.02194 71
-1.63248 45
-7.37712 76
4.00012 81
6.4545 61
9.65854 2
3.17403 29
-6.50487 80
-5.73542 91
-6.21859 47
4.80034 59
-1.19299 84
8.74328 12
3.36898 44
-7.82291 81
6.47253 16
-0.192111 66
2.41785 45
8.06024 8
9.66173 27
-8.932 80
-0.0492305 75
1.66637 65
2.0168 51
1.1845 71
-2.8881 40
4.23386 14
7.53255 82
8.75435 11
4.10286 25
-3.45379 20
-1.7292 31
9.21493 85
-5.94624 64
-2.00182 28
4.97123 70
-7.03628 5
1.64877 27
2.43081 50
8.97548 46
-8.11083 53
7.36976 56
6.27645 56
-9.13613 38
1.67001 20
-9.07024 55
-7.56255 79
-8.41901 86
8.29722 17
-4.6272 23
0.765668 13
-1.12599 11
-4.0927 21
-3.27139 9
-8.52191 54
-6.28246 12
-4.63459 72
-4.35385 26
-4.60289 18
-6.7952 25
-5.46344 33
9.43572 15
-7.09622 34
1.06927 74
8.53218 89
0.791278 66
6.81599 20
7.20549 74
7.673 19
-0.897051 35
-5.2068 83
-6.55101 79
2.85065 88
-2.06644 59
-1.77777 20
-8.61513 12
-1.30577 76
7.54197 89
-1.34217 57
4.45278 71
-1.71593 13
-0.471297 27
2.25456 20
-8.36117 27
1.3713 21
4.49505 68
1.09189 43
3.55179 27
3.44343 20
0.372307 3
6.25416 39
6.74322 23
-2.37923 58
9.83437 54
-0.996689 49
-2.02161 31
-0.598724 54
-9.30974 44
-9.83957 38
-3.59055 55
-1.65348 39
3.52788 73
-9.42666 79
-8.82923 88
9.41502 10
-7.55085 21
6.42971 78
0.824779 69
-0.95296 80
-7.26175 80
-0.400893 67
6.40435 52
7.98167 72
5.69413 91
-5.4609 72
-8.24455 75
-6.75543 7
0.238275 27
9.81879 45
-6.28894 26
-6.34131 61
-7.39128 3
-0.365984 40
1.13884 58
-6.74379 43
2.24646 62
-9.47974 12
6.1279 53
-8.1911 89
-9.69157 33
0.245401 71
-3.89965 38
-6.55094 43
4.6371 78
-1.00513 78
4.67984 86
-5.97869 14
6.10377 11
8.33747 64
9.933 73
2.36487 38
-0.351181 55
6.75212 5
-3.55047 58
1.34847 33
9.41548 12
-8.68826 14
-0.565717 90
3.54572 84
-4.66824 55
-8.59406 83
5.87329 34
4.30428 45
-1.14076 81
-5.52674 69
-2.24007 6
0.877157 17
-4.90926 47
1.98118 67
0.696623 80
5.69544 13
-0.835868 10
-9.10156 5
0.0533806 89
4.39024 40
0.839267 66
8.58493 17
-0.513396 36
1.27717 51
7.66025 70
3.92109 20
0.822206 26
2.87444 15
-9.25401 69
6.38961 8
8.88753 29
7.25149 53
-4.98583 50
-9.59045 6
1.41459 23
-5.32404 56
-8.96546 28
7.07936 28
-8.58155 81
0.0741944 33
7.31414 36
-4.90545 64
7.33441 27
-5.54478 6
-7.74484 84
8.08842 83
8.15538 3
-3.23751 12
3.19267 42
-2.11886 65
-1.13829 23
8.7231 81
9.30309 27
-9.0246 39
-9.42517 76
6.10638 34
-6.71944 50
-6.70541 70
0.240019 84
5.23225 11
-6.12707 46
-3.45309 6
-4.12014 17
0.449201 12
-6.43725 7
-8.11383 68
-6.33711 4
-5.7994 86
7.02031 21
3.71038 28
2.57599 78
7.03771 23
0.483938 48
-2.84019 14
3.47839 53
-0.732885 18
7.90423 93
4.38963 19
-9.62265 60
-8.62749 81
-0.310804 17
7.84989 66
-9.99616 78
-2.94406 2
-8.01784 12
-4.22609 9
-0.180439 62
6.0783 69
9.57897 68
-5.82592 47
8.60901 23
4.49874 53
3.03029 44
-1.8659 32
-5.77607 83
-1.66553 23
-5.38458 63
2.00445 13
-8.49379 41
-1.73046 44
8.89843 42
3.91575 18
-6.18412 70
-9.56336 40
7.89475 3
-9.3707 89
-9.63357 34
1.43551 11
5.975 19
5.5766 58
-6.86545 74
3.36933 53
0.262062 87
-9.6782 90
-1.32553 67
6.22348 74
4.32897 49
-4.76152 37
-3.26349 82
-4.00734 69
0.191072 18
1.93859 4
-3.61886 19
-3.45768 15
-1.99089 48
4.72284 21
4.3215 85
-7.72639 78
-3.78328 48
9.26752 85
-7.66932 32
8.59494 75
6.18957 49
-2.20244 29
-6.13746 81
-2.13077 16
7.22769 72
1.06002 42
6.41645 75
0.621565 91
1.27425 90
-4.77479 49
-9.24094 64
1.64036 82
7.21107 5
6.162 9
-5.92754 27
3.70311 37
0.14953 75
2.82471 20
1.25537 75
3.52783 76
1.43678 90
7.89238 8
-8.6483 8
3.84161 8
8.23499 21
-3.54069 69
-3.9589 59
8.01605 66
8.36576 74
1.09846 73
-6.86082 63
4.25653 44
6.61306 18
-1.3146 37
7.30835 84
-8.80377 1
0.869809 25
-9.95294 69
6.49412 68
-0.346542 34
-6.11919 24
7.84613 39
9.46121 71
-0.481747 60
-6.12744 57
4.59627 63
-2.26422 70
-1.14888 26
-2.18188 16
-3.38556 44
-2.78537 36
-1.40017 9
9.65128 4
0.416865 10
-7.1933 89
-6.61966 14
-6.32715 9
-0.243939 52
-7.21534 54
-7.6586 58
-1.15581 60
-7.32479 13
-5.93988 65
-2.78678 85
-2.72631 76
2.29786 89
-9.76965 5
2.12676 76
8.06791 37
7.55093 63
5.73462 16
-6.9602 16
-0.688484 5
-8.64487 78
4.62323 20
1.04818 54
3.16359 52
-2.56688 23
-7.68454 80
4.8509 61
-5.91357 23
-2.83341 76
9.75932 12
7.70993 49
-1.98124 2
9.39007 15
-1.29963 14
3.15593 14
9.71227 82
-3.98238 2
-8.13491 3
6.56131 53
-7.1967 20
1.83994 77
-3.57018 63
-4.40623 51
-7.34731 71
-1.34339 23
-0.00851772 25
8.20338 34
5.93283 85
8.34455 50
8.48387 69
-9.69803 71
0.231842 56
-3.42958 38
-7.81905 18
9.51915 52
-5.53073 42
3.04641 57
-7.40444 20
9.33415 72
0.212258 74
1.13992 53
-4.85149 31
-7.03446 68
-2.67613 38
-6.06975 80
4.40653 59
5.8825 52
-4.62832 74
3.21947 64
-0.892849 26
7.99356 58
-8.27346 89
-5.43548 27
-7.11771 9
-1.03762 42
-1.28401 66
-3.34639 24
3.27056 53
-7.65779 36
-0.00380029 19
-5.17227 3
-4.9727 66
-8.6399 49
3.68681 9
-3.31524 20
6.0299 85
8.3792 53
-3.98993 49
-6.04816 75
-6.00928 27
-0.61625 1
3.96883 92
-8.90337 5
9.73189 28
7.68158 74
-9.72552 43
9.28444 53
2.19122 17
3.57855 54
-7.30521 79
5.76494 46
3.72192 61
4.78397 91
-3.24476 47
4.75133 14
5.44208 73
-6.52236 31
8.51784 91
-7.59287 78
6.60914 87
8.44443 27
3.81987 4
3.99334 83
4.52042 31
5.33881 84
-9.94454 31
9.39668 65
-1.16033 55
2.1813 43
1.77026 69
9.5772 59
-6.31415 73
5.99436 23
-5.13122 14
-7.92558 21
3.92636 58
4.55022 88
-0.663668 41
-1.79382 55
-7.08974 75
3.15334 34
9.55668 9
-6.95699 63
-1.53004 26
0.399675 69
6.9421 55
-1.76041 85
-1.40963 21
1.32714 22
0.635754 24
-5.07882 93
0.531084 59
4.5629 84
0.135099 61
-9.41103 33
7.02833 2
5.6711 86
0.935195 14
-9.74942 73
7.23283 43
3.9111 3
-4.21083 46
-4.38586 33
6.53964 63
-7.71727 67
-7.85241 77
-6.68228 2
-3.67441 63
-6.63804 6
2.20989 66
-5.32855 56
8.88487 54
-4.69945 37
-1.74614 11
-8.38755 37
2.97255 38
5.51616 13
7.28775 45
-8.18661 35
-9.54514 19
-5.70383 40
8.93311 57
-0.87588 26
6.28616 39
-7.1781 8
3.25538 61
-5.5572 72
0.671477 65
-5.79205 45
-9.22264 78
9.05056 43
-5.24291 89
-2.17011 70
0.316641 49
3.05558 65
4.74423 67
-8.84021 66
-5.02877 37
6.05431 90
-0.886387 74
-9.10336 11
-9.23852 43
-8.82699 41
-4.51065 28
-2.29678 89
-1.47361 59
2.63047 92
6.73521 91
-6.74204 32
8.25438 67
-6.06736 11
2.42147 56
-0.458163 42
-6.9375 38
-0.1323 86
-2.94751 64
0.242278 35
9.03156 86
0.803865 21
-7.74615 27
-4.67845 21
-9.43065 53
-4.608 88
-0.361967 58
5.48189 87
-9.30874 22
5.80579 51
-3.4027 6
1.99804 26
7.64492 34
-7.38661 16
0.219948 88
-2.47609 59
8.03788 77
-9.50869 44
1.76468 6
7.97445 50
-3.35531 18
-8.95289 43
-1.05786 23
9.75104 59
-3.57768 52
0.368168 51
-3.00887 2
-5.27915 68
6.7883 36
-6.85883 26
-0.0796364 65
-9.54918 91
-0.51727 21
9.41363 27
-7.44216 83
-2.16848 40
-1.75436 78
8.83213 89
5.14295 73
-3.92386 67
9.08206 20
-1.28617 12
-6.76156 52
0.765554 1
5.41655 1
-4.38724 41
-2.48907 79
-9.12422 79
1.32533 80
1.44513 84
-1.37966 44
0.426843 42
-5.61339 16
-2.55913 59
1.63225 61
-8.41179 21
7.01981 37
-5.37908 57
-9.83922 31
-0.959007 80
-0.490674 88
-3.20554 39
-9.39188 27
0.128731 29
0.432604 54
6.37933 2
-8.83695 40
0.0174567 91
-9.2664 42
-1.59943 12
-5.1164 16
2.25472 47
-1.11801 22
2.03335 48
-8.12404 14
9.55951 65
5.77247 66
0.12916 42
-0.551364 65
0.366875 54
-9.46801 22
-9.39003 28
-3.42366 76
-1.20302 86
3.72356 9
-1.23266 65
1.30378 47
3.05802 39
-1.47068 15
6.25279 46
6.13262 13
-8.58413 62
4.65538 20
7.45682 35
-8.40021 27
3.68967 47
-5.51411 39
6.86808 36
-2.48904 63
-2.44697 23
7.78481 8
7.24731 42
3.69284 22
-1.21634 82
-0.698362 23
3.27991 53
-4.09231 84
-0.799186 65
-0.168438 31
-7.27874 73
-9.4739 55
1.03645 42
1.91765 85
0.195096 58
-0.787178 40
2.94254 58
4.59386 91
-2.65298 48
-3.99293 66
6.55956 89
2.79076 28
-7.19853 77
-4.8176 71
-6.62187 43
5.39769 58
-9.54484 46
6.03829 85
9.79704 61
-3.94358 33
-8.07604 76
9.73823 15
7.19996 65
5.04177 46
-7.6679 67
6.3809 34
-1.88903 60
-8.99626 21
0.806967 53
-6.10151 67
-0.306301 32
9.65728 23
9.23534 50
-2.24874 35
7.07238 65
-3.16555 4
-6.96338 59
1.5617 79
5.773 61
-8.16831 67
-0.277668 58
-5.92327 83
-0.49715 34
-8.64774 47
-0.320711 8
-5.95992 18
2.46576 29
1.39016 10
-0.24902 41
2.31541 53
-3.23525 22
-7.89211 49
1.11489 90
-9.72412 9
-4.45006 6
-4.13579 88
7.97405 5
6.48999 69
9.66243 64
5.53062 75
-1.16594 52
7.28374 15
-7.41955 56
1.66481 68
9.19626 84
5.67193 16
2.68483 10
4.40605 1
-1.06535 39
5.07878 28
-6.58849 29
2.8049 37
-3.13058 75
5.48625 33
5.87499 3
-7.3303 70
-3.11092 11
-8.16598 17
8.66239 38
5.89452 13
4.85568 7
-5.45418 91
3.52099 43
8.11234 32
4.7685 93
-9.52875 43
-2.28264 21
-3.65966 7
2.01064 51
-0.407276 16
-8.27408 93
-3.11949 68
-5.90023 79
-5.4404 71
1.56833 50
5.83159 34
1.52699 91
-4.22685 49
-8.23351 77
-8.03164 3
8.04284 1
-5.81249 88
-6.54981 28
2.91358 61
-5.68887 66
-6.1019 20
9.15097 22
0.264793 52
2.59058 32
-5.41646 15
-9.35529 14
-8.92865 25
-7.94405 35
9.10582 3
3.08581 22
1.65609 38
3.31082 48
-1.81097 49
-9.43746 72
-1.19565 34
5.40994 75
-2.08508 17
-7.03598 10
6.80686 30
3.0913 14
1.51588 44
1.92341 92
4.43152 35
-1.65704 53
0.553656 73
9.57342 26
-1.67984 52
-6.82564 71
3.53906 17
-2.46469 26
-3.27343 3
-4.9003 67
8.6157 39
-0.0223269 77
6.4464 47
-6.40236 12
5.70761 12
-4.43835 31
-1.30467 55
7.36135 66
2.61207 67
9.43949 81
7.30339 8
7.88078 17
0.710589 85
-0.866881 11
-2.73104 19
1.24703 25
-3.56475 72
7.61453 4
8.0209 58
2.0728 13
-8.00915 8
7.27784 14
4.6772 2
-6.37637 52
0.646003 42
-6.84408 64
-6.54213 47
3.30684 18
-5.88517 38
9.42971 90
-2.43151 47
7.03388 42
5.38207 47
8.52426 37
1.8639 43
9.94401 26
7.34014 13
-4.50481 85
-6.60802 54
5.78735 6
5.38726 80
-1.55855 5
2.49806 41
-0.578983 58
3.9904 81
-7.1568 65
-2.31086 14
5.88489 2
5.01036 38
3.78297 19
-2.11955 91
-5.08729 1
-3.0328 58
-4.90975 93
3.12056 68
-1.55871 50
8.61051 2
-9.51232 18
0.632215 61
9.09429 34
0.432676 31
3.80958 79
-2.16091 40
6.80816 86
8.58528 91
-7.41214 59
0.0628297 68
9.19462 25
3.10102 2
0.251041 50
-1.94052 67
3.62594 25
-6.08712 42
-1.24435 52
-4.22368 59
-8.32578 80
9.06679 14
6.50288 49
7.88233 83
-7.32393 85
-1.36222 31
-7.87756 39
-2.27816 78
0.790042 91
-5.51258 15
-3.32398 19
6.96383 81
0.917276 77
-4.71885 85
9.25387 62
0.328199 51
3.32233 48
9.29595 37
-1.96355 76
-6.27383 91
5.72494 83
-8.70935 44
-5.0678 64
-4.55691 53
9.42961 13
0.277823 85
-5.8221 61
3.34432 4
1.22422 83
-7.42173 76
9.87365 88
0.142397 33
-3.46926 62
-1.14323 13
-4.26366 81
-1.02116 39
6.54884 3
-0.155587 90
8.29785 73
9.52753 26
6.76297 42
5.47995 41
2.5506 48
-1.05127 22
7.34278 12
-3.23292 15
0.687402 44
6.74084 34
8.62527 44
5.6619 71
5.81984 5
0.161703 9
-6.82571 55
-9.10354 66
4.77496 57
-6.12556 84
7.46957 68
0.604233 5
-4.81599 42
5.16767 26
-8.26198 42
0.00156756 17
8.58705 48
-6.22453 17
-5.98471 49
-5.61162 68
-0.0129921 4
1.67686 79
5.36523 60
-5.04484 64
-1.71095 6
-5.99152 46
-7.88134 34
-4.81448 3
4.90047 60
-9.0138 92
-0.406811 32
1.63465 51
-3.15532 12
-2.92785 1
9.63304 26
-5.45049 64
-1.9852 33
4.04283 23
-5.12269 14
6.652 58
-9.59409 69
6.57535 6
-1.22297 23
1.59914 20
1.91044 26
-2.45406 9
2.86563 35
6.6216 4
-0.230637 93
7.40714 12
-1.808 62
8.38806 29
8.66065 11
-4.96861 31
7.79094 8
8.08839 12
4.85645 60
-9.36101 64
-1.11421 8
-0.341839 58
9.85767 89
2.87446 36
3.83063 12
-1.41751 82
-5.29529 30
6.27687 36
4.62907 5
-3.73538 23
8.52359 49
3.94115 8
-2.32767 83
8.53695 57
-5.94945 39
-6.61989 80
-9.8507 89
7.50975 51
4.35923 51
6.21927 22
-5.8728 24
5.53531 90
-4.14364 26
-8.87716 16
-6.00293 36
-1.48253 12
2.0552 39
-2.33143 45
4.66334 40
4.68871 42
-1.35874 69
-7.98678 34
1.48387 80
-2.83979 68
-8.80161 14
-9.39594 40
8.07336 26
-6.25674 4
-9.68634 20
-5.46881 87
-4.35675 5
1.76455 16
2.39319 25
-5.95703 31
7.4476 27
9.85736 72
0.727951 65
5.70013 77
-0.596151 84
-3.89233 68
6.53452 40
-1.74369 20
-0.886587 88
5.79182 88
6.17425 78
3.57815 87
-2.86375 23
8.55619 22
-3.93885 92
-8.97306 16
-6.38346 47
-3.29399 46
4.13003 56
5.30426 1
1.01639 46
4.94979 82
9.50376 73
5.83631 69
-2.29597 64
-7.28656 22
-4.22346 22
-2.77623 65
-1.09227 34
3.80302 63
7.8687 86
-0.753027 29
-9.12833 51
2.84334 46
-8.89276 47
1.49282 72
-6.26997 14
0.580788 35
-0.871077 62
-8.31079 34
-3.75567 68
-8.71222 3
-8.45049 30
-3.2959 47
0.430703 86
-5.47918 54
3.68352 46
-4.48416 1
4.69804 48
1.94171 37
2.65791 69
3.73161 21
-1.57556 60
0.939906 24
-3.02538 73
-7.7461 45
-3.26392 37
2.25436 24
4.08828 91
-7.72745 74
9.19567 75
3.84928 48
-7.47121 44
-0.284287 23
5.9474 71
3.75939 38
5.59015 86
8.72504 52
-0.705324 77
-6.04237 28
-1.85833 55
-3.14244 85
-0.871449 72
4.68637 74
9.91908 16
-4.1993 60
7.72793 50
6.54558 36
-9.96435 73
-1.86597 60
-6.35379 27
4.09862 26
-1.38355 91
-8.83777 42
-3.32362 57
-0.519529 81
9.36338 32
5.05686 26
8.33006 85
8.18542 69
-1.30401 7
7.00689 65
5.13434 60
6.45568 90
-7.60417 34
-0.702822 65
-8.94546 27
-2.52711 29
9.33667 16
8.55145 41
8.67909 91
-0.0730034 10
2.63277 32
-2.64191 16
4.71984 45
4.32904 54
7.57337 48
9.55072 48
7.81233 72
0.61381 70
3.0524 52
4.01354 92
-4.78392 72
0.168428 70
9.63664 79
9.42301 46
2.86273 68
-1.21322 49
1.32911 70
1.54184 23
-8.42823 78
7.02044 1
-5.72558 44
0.254857 75
-0.678392 24
2.60089 23
-7.1825 86
7.10491 3
-7.02981 36
1.92322 80
-4.54155 73
5.54885 33
6.94275 67
-8.84745 65
7.12099 64
8.21842 73
4.26602 88
8.03088 53
8.87083 78
1.26742 75
-1.68092 63
-6.78354 35
-0.199502 55
0.685765 43
1.75879 50
-0.821858 42
-2.09865 7
6.51463 7
-0.423965 35
3.96049 61
-3.85447 47
2.2466 73
-7.15317 15
-9.76292 64
4.72344 32
-5.92712 12
-6.38327 62
-9.51307 52
-4.79732 79
-7.18444 55
0.139802 68
9.59455 67
4.83482 78
-0.361124 14
2.20959 12
-5.60921 83
7.61619 48
3.58749 85
-2.52483 65
-6.65919 58
-1.92525 73
6.26029 62
4.34876 76
-1.04335 16
1.56796 13
2.80577 74
-6.01227 25
9.02327 2
4.80427 25
2.66393 85
-0.750868 17
-8.55364 60
2.89555 4
-8.65182 80
7.25946 70
-5.44495 48
-8.35242 20
-5.62902 87
8.64794 18
-3.60774 27
-2.8276 34
5.62839 37
-6.72042 1
1.14805 80
1.96272 9
4.84863 45
-5.39889 82
-7.84843 38
-1.44093 14
2.21011 15
-6.36625 28
-3.46825 90
9.45665 74
4.62278 53
-8.56991 55
-5.65654 62
-6.52301 6
-5.84846 5
6.36599 78
-9.91129 93
8.19622 44
3.43511 80
-3.13182 46
-2.51428 80
3.02627 23
0.224466 54
-4.62396 27
-0.65915 10
-3.90305 87
-0.0347137 90
2.11532 54
-2.05931 27
8.21977 9
3.93453 1
5.72378 44
-7.572 87
5.87435 80
-4.67745 54
-2.60554 14
7.85967 72
-4.09243 7
-8.88362 86
6.52849 61
5.52568 1
-9.13727 75
-1.35636 19
4.55347 88
5.24721 68
2.99035 58
1.001 11
6.8974 32
8.29507 39
-5.08765 84
-9.54035 28
7.5869 64
4.86166 70
3.25152 11
1.76698 33
-8.39053 67
6.80656 59
5.8783 7
-3.05534 70
0.109203 60
9.61577 18
-5.79233 38
-1.45404 92
-4.52076 14
-0.68248 16
0.0363979 52
5.17287 2
-1.52465 63
-5.33813 5
5.16334 79
-0.23985 88
3.75831 46
-1.1675 41
9.83987 3
-7.85538 49
-2.00426 70
-8.32111 58
-0.194999 13
-2.95015 43
0.874069 45
-3.7349 11
2.19053 32
-8.09133 5
5.8462 33
8.83623 49
3.62531 30
1.092 79
0.202208 2
-0.407712 47
-5.42463 64
-3.81074 20
-7.658 10
1.1369 78
8.94695 33
6.64958 21
3.78859 66
-1.81324 76
-2.00423 9
-3.69841 19
0.639835 39
-3.09071 64
7.80827 75
-7.95946 52
3.52034 18
8.43384 18
-8.23282 18
-0.448768 11
6.73913 79
8.1257 28
1.38806 13
0.149073 60
7.73177 87
-8.24226 72
-6.21895 54
-6.88682 22
-7.40974 83
-4.46804 29
7.81072 46
-1.85515 40
-4.01488 62
6.53953 62
-4.93088 82
-7.14804 78
2.65561 93
-5.20195 62
5.20962 24
-1.76822 41
0.923609 85
4.28427 46
7.63902 91
1.73467 8
5.31702 71
-0.615957 30
-4.08383 93
8.69477 49
-6.82295 71
4.20603 28
8.77223 51
-5.88981 71
-5.22951 20
1.10535 10
-7.24048 1
-9.87057 70
0.405836 53
7.74592 33
7.37588 84
1.37818 68
-2.24132 54
5.05891 50
1.13812 15
0.371471 87
6.8687 39
2.11471 48
6.39607 6
-1.21626 57
0.0591701 55
1.77019 90
-3.99112 88
9.72777 55
7.48857 81
9.08286 61
4.30711 38
0.0767604 27
4.60681 20
-2.43661 89
5.24037 49
-7.16285 44
-0.92998 62
1.09132 25
-1.16041 33
-4.94316 4
-0.512953 8
1.46422 69
-8.16037 27
6.13524 33
-8.11184 26
-1.26435 20
-7.28124 13
1.87236 60
5.66738 11
-9.27059 52
-1.07433 32
-2.87477 67
3.70337 34
-7.23528 69
8.72184 60
-3.32316 64
-0.484091 14
-8.88255 32
2.76633 30
9.41716 34
-4.94449 68
4.72721 57
6.47633 27
6.62574 25
0.323989 68
-6.91216 1
-9.7444 8
5.41274 51
-6.22038 6
5.06477 24
-3.88523 33
2.86028 24
7.50817 10
-5.81984 33
-5.11478 26
2.084 24
6.39008 90
9.57262 60
3.67788 29
2.00719 60
2.1312 80
-6.07738 2
2.1682 34
-0.447881 33
8.41864 11
3.26807 1
-4.1362 16
5.00581 86
-8.31194 66
-0.113373 55
6.49899 71
-7.65978 44
-0.905371 45
6.78543 19
-2.60983 25
-5.22743 1
2.07488 12
5.67242 16
0.643466 48
3.15206 11
-4.80076 88
-9.01985 55
5.47569 35
8.66212 55
-3.49125 42
6.14633 13
9.27638 18
8.78448 29
-6.12874 21
0.892796 19
7.08474 83
4.47811 34
-9.60971 64
0.494338 86
9.52335 73
8.1458 37
-3.77628 36
-8.65014 53
-9.99196 87
1.20465 6
-6.95979 28
-1.14474 50
3.5056 65
8.40396 37
3.42221 85
-4.56309 72
5.13632 79
-7.09172 30
8.6606 10
6.37078 31
3.41692 39
4.28143 90
-8.37762 57
2.20415 29
2.68361 20
2.73478 77
-1.3258 21
-3.16781 32
-6.31352 70
-9.97574 1
6.08871 63
-0.508836 55
6.78899 45
0.404485 80
-2.67781 5
6.22656 1
-6.96963 40
-2.16278 49
8.77855 23
-9.88568 36
6.50644 55
-3.11899 22
-8.64283 84
-5.34316 16
-5.51824 42
-4.43051 50
-6.36261 74
1.96875 84
7.83773 78
-5.84441 51
8.56361 23
1.19641 30
-8.6808 41
5.2813 30
-9.36406 34
-2.69017 72
5.98748 44
0.26688 33
-0.372831 14
-7.62177 51
0.893246 66
9.65631 38
2.82219 11
7.8453 67
-6.81434 64
-0.0237993 37
-2.93168 27
-4.40814 1
-1.05885 88
0.193617 82
6.47599 22
-8.05051 71
2.79177 47
5.44105 66
-0.396876 78
-4.24558 12
2.79755 30
-1.04729 51
-7.3784 16
8.74049 4
2.95253 73
5.53726 8
9.89641 43
8.7455 78
5.39985 26
-5.66535 37
6.13938 89
7.25022 41
-3.78489 64
-3.26604 12
-7.90284 55
-4.29046 30
-3.71564 34
-2.76917 43
9.09568 40
3.95486 80
-1.40659 32
3.50712 58
2.45405 13
-2.62236 55
-4.72139 77
-5.75768 83
-5.9069 55
3.5402 53
2.95339 66
-7.85216 57
8.18277 11
-0.208665 30
-3.08696 74
7.7356 92
-4.2224 61
1.59534 67
-4.20955 78
-0.320761 85
-3.21712 27
0.714413 64
-9.01283 28
8.29007 70
3.92505 73
5.98685 82
8.84223 34
1.73949 28
-3.03679 23
6.99846 43
-4.93775 80
4.03822 67
7.42638 77
9.95818 29
4.7813 16
3.92152 68
9.19785 66
-7.36692 85
-8.28238 56
-4.42347 33
3.66904 77
1.92866 9
-6.93457 77
8.22517 28
-4.80251 41
5.30281 91
-0.906929 31
7.68696 31
-7.68115 85
9.41778 3
-5.81456 14
4.14782 34
7.72917 31
-8.92915 66
-2.42269 42
-3.26117 16
-3.59357 2
-7.19037 66
2.90781 17
6.89991 7
-2.09408 30
-5.31357 40
-6.04374 36
-5.84301 75
4.06651 34
8.42918 46
7.6251 20
9.14001 73
-9.61452 22
-1.95766 59
-2.43349 12
4.05679 83
7.41199 54
-4.34722 32
-7.06427 74
-7.10999 65
4.72464 70
3.75968 22
-6.25321 83
-2.85483 4
5.23544 36
2.04252 29
0.672449 45
-1.57337 30
4.81369 90
8.57725 1
-3.72093 15
-2.53375 88
-0.536326 5
-9.67412 42
1.80466 60
6.93143 6
-0.700063 92
-7.93814 83
-0.444565 55
9.13612 47
1.46935 81
1.35941 67
9.95019 29
3.81206 23
-4.15184 33
0.0292074 38
7.64414 62
-6.3453 15
-6.03693 15
3.38134 91
-2.25225 36
3.34594 56
-7.70476 23
1.56924 80
-1.56058 39
-4.21017 49
-2.69865 69
3.30058 5
-9.6644 85
5.45188 9
-9.39299 44
-4.56157 61
-0.871034 64
-6.62352 47
-1.71733 21
-7.15974 50
5.79411 29
-3.40473 63
-8.0605 87
0.279996 88
0.902781 3
-4.74191 56
-5.86779 22
7.34777 53
-9.44738 48
6.58622 37
-0.856539 40
8.95713 14
4.00405 14
-9.58705 57
4.84622 46
8.42801 43
-4.98152 13
-8.13016 40
5.20954 79
2.18318 51
-6.37442 48
6.62781 88
-2.11395 47
-7.56424 11
-8.5371 24
4.47794 64
8.68686 63
-0.470275 34
-1.04399 54
-1.50567 91
-2.36617 39
2.05653 21
-1.56193 2
-6.69238 93
-6.32294 61
-8.07595 65
3.53075 77
-9.57225 32
-1.24937 16
-2.12787 22
-7.81683 9
8.77938 52
-7.58062 43
2.05685 79
9.18814 71
-0.256483 73
-8.51013 74
4.22774 8
-6.60356 1
-1.07254 43
3.44524 18
-5.3483 9
-5.73858 90
-7.72458 46
-3.81834 62
2.49741 36
1.63262 78
-5.10313 41
3.64039 71
-5.04422 34
9.00623 73
0.949798 65
-4.77018 83
-2.73243 5
4.23909 63
-0.460776 61
4.13818 47
5.47279 26
-3.5016 35
3.08884 55
-7.53179 45
0.167607 22
0.715106 72
1.08778 32
-7.31604 38
3.19112 48
-9.49812 59
7.05838 37
-4.64203 79
4.12856 69
2.7645 18
-4.98906 3
-6.1848 87
5.17719 25
-1.89743 87
5.72198 13
2.60462 17
7.16891 21
-7.84096 90
8.23551 31
1.30012 7
2.02443 10
-2.55715 90
2.53303 89
5.32617 48
-8.30808 19
7.78474 74
7.51146 64
4.18397 49
3.68308 61
6.01518 1
3.95204 42
-5.97699 70
8.49977 62
-1.1154 2
3.06013 13
-4.09512 81
2.40474 78
5.43868 38
-2.90811 11
-3.0893 2
5.87131 28
7.25618 16
4.45115 84
-8.13073 82
2.73859 92
2.0363 63
-5.62046 83
7.66644 54
-9.01224 57
-6.43355 93
7.90659 62
9.08892 33
1.1361 81
-7.21835 56
8.15783 29
-3.13634 15
-8.61595 26
4.59351 13
-3.75362 75
-0.22825 16
4.30688 19
3.63305 18
5.39194 9
2.81968 43
9.47098 52
8.56411 22
5.95458 71
-1.31162 83
-8.79214 63
-8.68175 31
-4.69285 93
-6.51489 55
3.62586 45
8.99094 25
4.46441 84
-2.72441 42
-1.22264 13
2.08859 90
-3.65691 69
-9.57684 67
-6.54041 73
2.69602 90
-5.09685 3
7.74677 67
-6.97566 25
4.70327 32
-0.0807086 38
-7.71815 91
-8.37832 56
3.66307 8
-0.369436 64
-0.208894 60
-2.09741 4
-2.42267 24
2.60506 38
8.35047 53
-5.90218 43
9.04889 36
-5.69847 3
-2.76699 5
-2.31827 9
3.19029 38
5.70188 89
-3.96172 8
0.572754 84
-7.304 45
-2.44028 3
9.13102 16
4.16059 5
-2.67154 89
2.24068 54
-0.85047 45
-3.32418 63
2.02632 63
4.1673 48
4.02545 2
-3.77981 55
-3.20536 45
-4.36925 93
7.33221 73
3.72774 77
4.83176 24
-6.48392 57
3.83705 17
7.54789 86
8.43179 54
-3.65471 6
1.76641 19
-3.47487 78
4.80016 75
4.78941 84
-8.59945 72
-2.90254 35
-1.64814 93
2.30965 81
-9.17353 90
-7.32613 20
-2.01447 59
-4.40976 62
9.78645 7
-6.08927 74
-1.23235 21
-1.75981 20
-2.12078 28
-7.71007 73
5.41516 82
-3.93655 22
9.61688 19
6.50556 50
0.711289 34
-8.08089 77
-4.12232 82
8.16893 27
-9.06274 28
7.50225 10
-9.23051 45
2.98256 82
-7.55932 42
-5.58828 54
-5.46685 27
-1.17962 85
3.92195 26
0.355825 13
8.76131 46
-7.33613 90
9.67513 87
-7.3064 2
9.15746 48
-5.36152 44
6.42931 25
7.7906 68
-0.548791 87
9.20791 7
0.939127 87
1.23581 64
-3.46702 60
5.54507 82
3.53166 50
3.78916 29
3.81638 75
-8.24802 33
-4.86859 2
-0.74688 59
7.93163 51
-6.02678 92
7.2569 60
-9.18799 55
9.74366 77
7.6788 80
-2.43294 7
-0.490853 15
-7.61108 28
-0.11466 52
4.09002 88
-8.14497 48
-3.1473 9
-0.159411 52
-2.71766 5
1.78025 8
6.65919 63
8.71318 8
4.35285 85
6.62199 22
3.00307 60
5.5879 68
-3.0938 15
-6.48384 70
-1.535 5
0.237103 14
-1.02141 67
-9.20262 29
-0.361288 69
-8.72071 81
-2.82019 7
7.64778 9
0.205196 8
3.47841 28
8.85146 58
0.336369 77
9.29524 67
1.91671 58
-2.16784 5
-7.44619 46
-7.05683 15
-6.27215 85
-1.70503 15
-6.53356 60
-4.51305 8
3.39358 51
-5.76477 3
8.08735 33
-0.609188 87
-5.04642 31
3.05095 87
0.316713 46
3.24766 63
-4.86316 66
-5.41886 81
7.28093 51
8.34784 19
0.607506 33
-6.4302 55
4.714 44
6.52117 9
6.62797 36
-2.27638 2
0.630064 65
1.88696 64
-0.97709 48
-6.12779 86
-3.4338 41
0.522635 47
3.44734 68
-6.71572 19
-6.46525 37
-1.45784 78
-1.95407 78
-7.97744 65
-3.26548 56
4.34719 56
9.11959 62
1.8903 23
-3.84444 63
0.417751 90
-2.53142 90
-5.13984 13
5.04346 52
7.3457 23
6.84897 50
4.4385 38
-9.33862 19
3.94971 14
3.19421 17
-7.50723 44
8.90374 74
9.03854 22
1.11966 26
8.70627 6
5.99816 33
-5.00346 72
-8.0993 45
-6.61174 4
-7.92898 35
6.48225 80
0.133005 83
-6.71202 8
-8.84013 50
0.272569 43
-5.28944 10
8.9277 81
-2.92107 75
1.20357 69
-3.83911 29
9.99448 1
-5.79552 46
-6.1229 42
7.8121 54
6.88914 53
-3.99772 29
4.902 84
-0.00826755 17
-1.77132 29
-0.324871 22
-5.68553 54
0.859502 24
6.67252 23
-8.71302 23
8.60319 80
5.24127 11
-3.60863 44
2.18147 75
6.25169 60
-5.31359 27
8.97433 67
0.156485 32
0.126901 51
3.58087 10
4.17146 88
7.8197 60
0.0131252 25
6.08402 31
9.82186 2
-3.09737 9
-2.0827 54
-3.69364 52
-0.578833 69
-8.76377 31
-8.99638 21
-8.11672 27
1.01278 55
4.50874 84
3.22307 47
-0.691422 9
3.41726 42
3.78036 87
-0.264073 35
-0.339981 91
-8.10281 71
2.75025 47
-6.08197 75
-4.51417 55
9.13375 29
8.4369 30
9.14472 38
-5.46575 79
2.87398 13
-1.71032 33
-5.06502 19
-2.85018 5
8.42546 11
-1.5324 22
-2.31881 93
-8.46089 32
-5.4518 34
-3.30378 34
8.72339 6
-1.89213 33
2.07082 86
-3.75659 53
-1.34105 52
3.67423 83
3.95375 32
-0.210695 50
9.92973 74
-4.07019 19
6.15445 12
7.38051 81
6.41761 57
4.06714 31
7.64576 68
6.11837 32
-6.12467 76
0.939084 25
-5.79404 41
2.05437 3
-3.92716 13
-6.02705 32
9.61888 31
9.30266 57
7.33711 57
5.70214 81
-6.84042 66
-4.31728 8
3.28151 13
6.85963 75
-0.232531 49
-2.65448 10
1.66591 13
-4.6907 23
-0.349787 91
1.55618 82
3.66331 46
-3.24569 79
-2.80209 7
-9.45072 78
-8.53323 90
9.94519 17
9.58863 62
-6.21723 33
4.16283 31
-8.43248 41
9.83833 50
2.53113 56
3.86043 74
6.08798 88
-0.620024 63
-6.93454 32
-1.70045 22
-4.50652 72
8.55028 81
-1.17907 22
5.22542 83
-6.36946 66
0.499577 51
-2.77073 32
-6.64813 69
-4.50652 5
4.41225 92
5.4718 57
3.6088 24
4.3361 12
-6.87178 14
-7.61218 85
-4.99979 73
2.08346 41
-2.32849 18
7.10686 56
-5.00059 55
8.60123 48
-0.834567 10
-2.2101 74
8.27468 55
-5.03563 1
-2.26264 77
3.57306 43
1.8442 88
8.32462 43
-4.99312 20
2.21492 43
-3.11395 17
8.75585 7
-7.99105 81
0.504845 1
2.91307 92
5.18346 7
9.46651 35
-4.93714 69
-4.75898 88
8.51991 33
-5.02361 22
2.54741 59
-4.11355 18
0.0982962 88
4.06398 19
7.80798 42
1.16702 53
-1.09721 92
6.23024 44
-4.44442 8
-0.730055 93
2.39273 36
6.08275 89
-4.25488 8
-5.44395 17
-7.38216 64
-3.18264 50
-0.742692 92
3.42383 13
2.34768 89
2.89843 37
1.21057 7
6.03227 69
-5.23678 5
6.53948 77
7.68738 67
-4.68261 76
-1.32735 11
2.03283 42
-8.13373 28
0.396008 21
-5.90041 17
-2.15423 15
7.80934 65
2.85514 74
5.60683 12
-8.35627 47
9.03897 23
8.45056 15
4.96421 66
-6.37475 62
8.41401 38
-8.95996 12
-6.49727 17
-3.27926 65
-6.87129 25
-1.58844 44
5.67543 71
0.677767 54
6.23489 47
7.8884 69
-0.458789 40
0.406001 36
6.49529 43
-4.64324 72
-1.85444 48
-9.55654 73
0.0755024 72
1.85785 90
9.85393 7
-5.04015 26
-3.62673 12
-8.97128 44
8.39623 51
3.59765 26
7.9294 50
-4.83674 32
5.38525 23
9.51431 9
-1.44147 84
-5.59586 35
8.06216 26
-0.401193 65
-9.47669 89
-3.70379 8
7.88619 58
-6.79952 43
7.75999 13
-0.336936 74
-5.20554 77
0.998244 60
7.11473 24
8.98373 28
3.02184 2
-6.17847 29
5.48141 58
-7.68096 12
4.77621 71
-1.94376 43
-6.62641 20
-5.29126 55
-1.62821 43
8.74177 88
8.74915 35
7.68632 59
-9.88789 7
-5.56367 34
5.19957 46
8.93281 15
-8.63079 78
-6.74114 55
-2.75266 18
0.857873 53
0.777884 88
-4.82981 53
-1.10016 91
-8.73676 39
6.25853 64
-6.15741 12
0.0575405 35
1.32098 91
-8.02789 27
-2.59765 83
-8.90592 12
9.33152 61
-0.084797 59
-8.55674 18
-2.90796 47
-4.52812 93
4.40829 16
0.69337 44
1.41181 93
-3.34019 23
8.4878 67
9.53808 8
-3.92754 60
0.765468 24
-2.98545 86
1.21898 10
5.12983 43
9.25926 69
-9.71962 20
5.6376 79
-1.63465 52
-3.68871 70
6.39518 60
4.92428 13
-3.79646 70
-5.41387 2
-1.96585 55
5.37172 14
7.85913 44
-3.70409 72
9.76988 64
9.96965 15
5.34807 17
-1.32516 80
7.07969 92
-6.22484 90
-5.47171 21
-9.98777 78
-0.434043 17
4.5673 87
6.29303 33
9.08257 41
-7.93397 90
1.00487 56
2.48931 64
6.15058 69
4.30193 64
8.38119 38
-1.78396 83
1.44446 66
8.53605 68
-1.74328 86
-0.132943 39
5.92694 78
-1.39875 29
0.464011 47
0.412805 60
1.78809 19
9.61299 59
-6.30147 19
3.48062 76
4.39754 11
3.41805 35
-1.14818 50
-0.0384876 77
4.71462 29
-9.06116 30
3.30266 12
-2.31222 90
-5.14602 36
-0.868089 68
-4.04003 6
-7.69995 29
-6.14254 44
0.0344394 22
-0.396576 54
-7.9354 53
-4.67842 32
-3.35104 42
-8.87793 1
-0.245232 10
7.84379 42
3.49646 67
1.34095 81
-0.644741 69
-5.30303 5
1.12335 87
9.48282 74
0.500049 93
-5.35258 28
1.63553 26
1.90091 71
-6.28316 38
8.36401 20
2.25401 52
-3.2281 62
4.73755 75
-0.895979 58
5.02746 81
5.24653 62
-2.08324 28
-8.60095 18
-1.64395 84
-9.43733 42
3.88661 35
-2.86659 67
5.29681 72
-7.18801 59
-0.772983 20
4.49842 17
-6.41786 29
0.606134 26
8.5116 50
-7.24624 53
-8.57576 43
-3.38938 18
8.60504 83
1.08159 38
8.35613 81
5.67753 46
0.454662 3
6.25702 88
5.19743 58
3.07516 86
-8.29438 65
-1.68415 93
4.5532 66
-0.669414 18
-4.46149 14
9.55101 6
2.24918 70
1.32167 38
-9.78616 82
0.730045 48
8.146 59
-9.12667 16
-0.565624 13
9.41205 8
-9.87679 20
-2.17086 23
-8.82043 7
5.46908 39
6.44512 78
5.91205 32
-4.0569 57
-1.84064 49
-3.40297 11
-0.127983 62
8.20025 47
-1.11264 66
3.40848 47
-8.97216 60
9.86532 40
-3.03869 14
8.20907 34
7.768 89
-7.63526 22
1.07344 12
-8.35515 2
-1.48123 88
6.5364 85
1.51465 56
-6.80921 85
-2.92854 9
1.02391 43
-6.66369 7
9.85108 92
9.42259 8
5.13467 83
1.12035 27
-3.57853 92
-0.922125 70
6.06712 78
-3.76143 81
-5.23471 40
-0.095254 61
-1.24714 16
-8.65834 18
-8.43453 10
3.29967 40
6.73852 23
-6.91231 32
9.12957 59
-5.62029 9
-8.98176 67
-7.35616 39
7.19946 14
9.11429 80
-2.44322 39
9.04635 16
-3.34627 93
0.478192 63
-9.18778 10
7.37609 26
-4.83385 49
9.82922 59
1.33945 92
2.21525 25
-9.42272 83
4.64583 75
-6.22734 21
4.21821 67
-0.364912 75
-3.33171 24
2.76188 8
0.860982 37
-0.932475 36
5.71888 3
3.05596 15
0.416593 84
9.02074 4
5.1156 54
1.1559 43
1.994 45
4.6124 2
-8.11669 79
-9.84117 85
2.94893 35
8.07445 28
7.90087 25
5.25344 45
-8.4987 88
-4.70129 75
5.03779 79
8.68684 14
-1.24597 55
9.12057 48
6.52931 7
-3.1874 52
3.45599 82
-9.69111 33
7.95942 42
-7.79455 62
6.96199 64
-9.76542 88
9.30959 42
5.19173 56
-2.97856 62
8.09817 50
5.09732 15
5.57019 25
-4.70813 62
2.83643 30
-8.37412 83
6.26252 5
1.19813 73
3.0455 81
5.17855 81
7.71242 43
8.44412 5
7.60712 44
2.41595 45
8.67345 82
-8.6683 42
5.93323 33
-1.4001 22
6.60112 91
6.8711 15
-0.195471 16
5.09376 13
-7.31755 62
8.89472 1
-6.76294 42
3.15999 20
-0.764578 88
1.68642 45
7.51886 36
9.09399 79
4.09279 39
4.23728 25
1.20936 64
-9.00965 88
3.56827 65
-9.87528 36
-1.4842 36
-8.92465 4
3.09759 42
8.7615 58
5.53185 7
0.928777 1
8.53754 19
8.20657 1
-5.43654 3
2.67723 41
4.70645 4
-4.06891 4
-1.38371 52
0.182609 86
3.94914 5
-5.04091 88
-3.10925 19
-4.83139 37
2.37279 49
-0.424323 48
6.74221 29
-1.16928 3
4.28073 34
4.27024 54
-1.73845 54
7.7062 79
-3.78034 19
-5.00701 51
-0.484062 44
2.92803 91
-7.69727 37
-6.00626 54
0.598965 57
-0.566596 54
-6.01899 15
-3.55538 45
2.20398 76
0.164426 91
-0.371967 67
0.403056 43
-1.1827 93
2.85716 47
-7.37373 79
-3.20679 73
7.53081 15
5.70108 85
8.7783 23
3.72782 9
-1.00204 61
-7.87312 82
-1.28404 70
9.53025 67
-3.10721 69
-5.69787 67
6.75585 40
7.88059 54
-1.12675 89
-7.90736 57
-1.07634 47
3.20498 83
7.24998 18
6.88456 45
-3.68652 81
2.08062 3
-5.3052 40
-0.900582 74
-1.30935 27
-2.88395 33
-7.39355 42
-7.37429 29
2.60693 34
-1.64685 18
-9.26988 65
5.1682 12
-7.73451 74
-0.489209 18
-4.53218 35
2.07404 58
5.3527 37
5.9729 16
-0.728353 66
0.105701 14
-0.880555 30
4.46985 36
-3.07293 48
-9.42195 59
9.88985 51
-9.19533 70
1.66845 80
-9.55229 23
-2.3391 89
2.65038 45
7.84483 48
3.83895 65
-4.33167 35
3.75625 71
-9.35728 29
5.39357 6
9.55351 49
-5.07749 33
1.19473 71
-6.80081 50
5.73507 68
-0.0877347 73
-7.50202 51
7.34744 39
6.95693 76
0.799541 76
7.05551 37
-4.64724 10
-3.53768 76
-0.0559921 28
2.51292 23
1.87952 37
3.31469 10
-4.8538 27
4.50248 81
8.99567 44
-4.98393 37
-6.14069 16
-6.3438 8
7.0231 30
1.52785 80
-7.66905 15
0.533864 67
2.26056 83
-5.81183 1
-0.440112 76
2.62093 11
3.66447 60
3.77104 45
1.72688 34
-6.31477 75
3.04676 35
6.49607 20
-2.6317 62
-4.56558 29
-2.38804 21
-4.2779 28
-7.34799 48
0.810277 40
-3.60276 17
5.81144 38
4.52219 70
-4.21381 68
-8.06878 32
5.43147 49
3.3863 2
-1.12469 21
-8.04994 54
-1.19209 32
4.25091 11
3.35079 84
-6.73741 66
1.34155 51
0.887878 9
-7.07115 31
1.06715 50
-4.71166 34
-2.89771 90
-2.96741 79
1.00289 54
-2.45103 86
-5.43861 44
-6.35118 24
-7.83301 17
1.24289 74
0.873311 17
-4.25308 41
8.15315 33
2.64414 60
-0.488723 17
8.44685 86
9.0835 68
4.73516 9
-1.37935 73
0.93977 70
-8.28723 2
7.98275 32
0.81979 36
-7.0264 20
3.04987 36
0.0824713 7
-4.78803 17
-3.1827 2
-9.00097 33
-4.82977 14
1.66422 43
-4.44714 75
-5.91444 2
-6.01134 76
1.15761 80
6.10462 32
-8.05913 45
1.85412 71
7.42187 24
2.95893 43
5.28586 71
-2.7941 87
4.37078 88
6.36471 50
-5.29833 81
6.28219 28
8.91381 39
-4.1942 29
7.08807 25
-4.83523 2
2.24921 12
6.58264 31
-0.283165 8
-8.99626 52
7.7008 68
3.783 15
-5.58177 63
-0.172262 46
4.60956 79
-7.44003 56
4.1156 85
2.72639 86
-6.11436 19
0.428401 79
-7.90151 74
-5.33888 72
-6.22442 14
-2.01479 87
7.90108 55
4.12507 41
6.15334 63
-8.78495 3
-6.69329 2
-2.56036 29
-3.36576 52
-2.0195 12
4.09938 48
2.91839 36
-5.04755 6
8.43269 54
-8.38998 67
-8.92548 27
5.16634 9
-2.26468 89
7.32895 26
5.99509 80
1.15367 33
4.29656 83
8.60523 36
-4.54919 12
0.397424 24
-0.511781 3
-2.91255 13
7.67489 52
7.53736 87
-7.40864 82
8.18324 25
6.59224 70
1.55406 17
6.07275 44
-6.40072 30
7.92099 67
-0.229136 72
-4.70684 9
6.66972 10
6.55096 84
-7.63494 22
-3.20261 69
-6.44907 26
-5.40395 85
-1.42415 89
1.29859 14
1.10847 29
-6.24647 33
-2.54112 55
5.27885 55
-7.03548 38
-2.74314 50
7.40748 19
0.911923 27
-3.67445 35
8.62051 14
6.73467 2
-9.73849 4
5.43442 75
5.9327 64
-1.29013 82
-8.11226 33
-2.98308 86
-3.78012 68
-1.42011 5
0.176956 17
9.98031 83
-3.42633 93
4.51227 41
-4.4881 38
-8.45988 39
-0.809407 5
9.21177 41
5.54535 41
2.47325 47
5.26961 9
8.4807 23
6.42029 85
4.96019 24
-9.36211 80
9.39428 25
8.1871 79
-6.44797 34
-9.65076 13
8.33529 79
-9.37202 65
-2.61211 65
2.00263 28
-3.88285 23
-7.35609 22
-3.13081 60
-7.53059 29
9.28237 74
7.16211 48
-8.13193 36
6.99608 32
-1.22627 12
3.42762 60
-9.19002 61
7.60286 20
1.18975 29
2.12399 67
8.92033 63
5.37939 63
8.17371 36
4.41345 30
3.29351 17
-0.237241 41
-1.31446 21
0.307921 65
-6.7778 73
7.6959 57
0.856171 83
6.11517 53
2.46308 55
-2.53182 45
1.80209 88
-0.673574 71
-5.67774 13
0.18128 60
-8.92034 64
-2.51916 54
-4.58367 64
4.41555 9
-1.66 3
-6.46976 7
7.02878 78
7.93409 38
-6.12328 68
-1.24384 1
-8.1637 27
1.12745 23
-9.44689 6
3.91561 88
3.93178 91
-5.44856 10
-4.86588 15
-8.75022 76
5.87517 39
-5.34838 26
-7.61375 54
6.06435 42
7.83949 68
6.80081 39
-2.31622 22
2.35488 1
7.91048 10
8.20045 74
-1.9411 39
4.06161 52
0.195868 18
6.5907 12
0.586221 51
6.46571 51
-8.24406 37
-3.29356 48
-2.54097 84
0.895576 36
-6.71748 72
-8.74398 65
-9.31562 53
0.90732 77
6.71941 35
-2.33325 47
-2.1584 33
2.229 68
5.91472 72
-7.29525 51
-3.64175 51
3.38404 36
-2.19118 57
-1.57629 55
-7.32967 16
8.45692 34
-8.14174 5
-4.95495 90
3.46467 57
0.0935216 56
3.71559 31
-6.79103 85
5.69054 41
1.50722 38
3.84619 19
-3.82425 9
8.43633 36
6.55433 81
-9.51702 39
9.59227 38
-7.51975 42
2.56504 34
0.141582 78
-6.64482 60
-4.75662 45
3.74819 73
0.347419 51
5.88349 5
-5.28255 47
-5.54724 11
1.61368 82
-2.66177 1
-8.58288 45
7.34982 28
-4.25561 9
1.57404 71
-3.61464 77
3.77217 28
-0.149669 11
1.87365 79
1.54321 44
-3.92185 66
2.17808 1
-9.34833 41
-7.14419 89
7.74069 13
5.90509 42
5.97922 4
0.310452 89
5.61252 34
-6.06374 64
-3.27472 31
2.72404 61
-2.64134 12
-0.883642 2
0.782322 66
5.12863 60
6.83808 31
-5.9827 91
-0.0536048 51
1.82071 12
5.74848 81
-1.02193 17
-7.08382 66
0.987587 59
-1.87593 50
-9.99621 91
-8.52075 40
9.44806 78
2.84671 46
5.31421 16
-5.39732 43
6.02913 25
7.22116 29
-1.53054 54
6.29989 50
-0.0287026 24
9.66397 1
-7.42266 77
4.23882 42
-6.21898 65
-4.62627 27
8.62904 15
-1.15371 74
7.60836 56
-3.89795 46
5.34114 17
1.8642 24
-1.02135 6
-4.02196 70
9.67461 40
6.31948 51
8.98003 28
8.90323 80
-1.87417 4
9.3849 31
2.77786 32
5.40044 91
9.05469 35
8.15525 85
-0.803646 13
8.26251 3
-1.74684 38
1.24134 13
-9.44305 73
-3.66895 63
-8.03751 52
-8.62709 73
0.635575 89
-1.6324 5
0.964758 70
-0.214669 31
-2.83954 9
-5.21444 34
8.64272 43
3.89378 1
5.85878 59
8.59094 40
3.17551 29
-7.85962 82
-0.303485 53
9.38989 52
7.0183 44
2.71696 62
5.07305 14
-0.961022 40
1.86681 87
2.67888 45
-8.43904 42
-5.76506 41
-1.14657 77
4.50239 50
6.01865 38
-3.19594 19
0.807253 53
-2.28404 93
7.96428 61
1.07795 58
9.6272 87
1.26911 24
3.03271 42
6.1624 15
0.663686 66
-7.40063 28
0.860917 28
-5.00515 73
-0.878396 7
5.04671 93
-0.781489 51
-3.60984 32
-8.68848 71
-5.24288 7
8.50566 87
-4.63135 21
-1.57856 24
-8.78357 40
-6.11035 43
-7.88128 79
8.08501 72
-4.89272 67
5.98933 18
-0.445901 12
9.79742 93
9.06314 72
-3.36632 45
-6.64777 93
5.26815 93
8.61553 31
3.27561 55
5.18836 84
3.53597 7
9.71283 6
1.51515 18
2.10437 36
-2.45909 74
0.756269 83
-5.30631 71
-7.23708 66
5.44113 85
-2.47198 74
1.29777 2
0.754304 90
3.61182 33
2.20186 22
-3.06972 6
7.54769 22
3.95242 27
9.57361 15
-0.962309 80
-7.33139 9
6.06802 56
8.10967 52
-8.65031 83
-3.8865 55
5.79876 2
-0.60991 84
-3.94422 52
3.72515 46
-7.53406 43
3.47415 82
-9.42382 9
1.88809 65
3.5054 69
8.457 54
7.17584 12
-7.28829 19
9.84295 44
-1.12229 2
2.39299 33
7.61695 52
-9.70924 26
-7.20785 75
0.885977 43
4.62599 82
-3.70037 34
1.18905 68
-1.33124 29
-3.96014 84
1.78294 77
4.30801 56
0.477077 30
-5.65223 5
8.00343 65
-1.88022 60
-9.44319 51
8.04504 1
-7.34162 74
-0.155101 9
1.97098 50
-7.92923 57
-8.67728 19
-3.62471 54
-6.34377 72
-3.92534 4
1.58694 52
7.21391 72
4.33301 46
6.94958 2
-0.00114853 39
5.50419 70
1.97354 19
1.98776 47
0.485675 20
2.59467 93
0.725385 76
-5.81484 1
-4.1844 20
-3.26445 87
1.78273 73
5.75983 30
-1.36586 52
-3.17009 71
-7.34061 77
2.73479 44
4.58392 90
-9.3982 31
-3.93897 77
9.54193 67
-5.05351 45
-5.33307 70
3.85625 52
1.77007 1
-1.41521 22
7.24816 1
3.64538 73
-5.82298 14
5.73857 14
-7.18178 3
-7.77628 92
8.02445 39
7.93108 66
3.83814 21
7.54027 21
9.88312 17
-5.86072 8
6.96225 1
-9.84642 39
-2.14768 16
-0.593707 87
-3.87706 67
-2.30795 40
1.19432 32
4.11387 5
9.94903 78
-3.45193 60
-3.9776 50
8.68474 68
-0.334878 34
5.34591 13
-7.19264 4
4.08346 77
2.53395 44
-4.6832 37
-9.85887 69
-2.85009 42
6.76721 6
1.37496 42
-0.397205 55
6.35393 63
-9.07931 81
-6.11923 8
-3.15703 88
-5.72726 40
-8.14348 86
6.63832 22
9.99729 86
7.98261 55
-0.774484 28
-0.888145 56
5.95416 58
7.23108 46
1.64291 80
3.11244 34
9.31833 12
-4.76777 51
-3.15948 55
-2.24151 47
6.48007 16
8.15181 72
-7.00169 15
-5.66547 89
3.37851 1
-6.59362 26
2.00901 78
-5.66299 11
-8.58917 81
-6.15102 57
0.970262 27
-1.63556 77
9.94629 47
-4.11516 30
2.47738 2
-3.39508 61
2.17845 69
9.16615 66
-1.63162 52
-9.4098 5
-3.38385 77
4.67871 41
9.73855 77
-6.17922 90
6.15128 36
-7.96195 92
6.69488 91
-8.10427 22
9.93957 40
-5.80477 31
-0.936492 42
9.30931 42
-8.25181 10
4.99778 11
-3.76713 80
6.33484 87
-1.19466 18
-8.53459 12
-4.65892 78
1.57718 29
5.44329 24
6.67811 61
4.22061 80
-0.432957 34
1.91433 11
4.48992 27
9.55187 6
5.39693 76
0.450831 27
-4.23837 3
-8.19775 80
4.96014 74
-5.52544 40
-8.84768 57
6.89563 85
1.2125 87
-8.25988 91
-0.673374 23
4.02218 11
2.52085 31
7.74514 14
-4.42011 90
-7.40514 17
8.14478 92
0.887192 42
-5.70818 1
-2.0613 53
4.17103 74
-6.96667 4
-8.30791 16
-8.60596 73
-8.08855 50
-9.29658 24
2.94796 53
5.31398 85
0.6194 56
-4.24244 62
5.4433 56
2.47842 9
-6.02387 25
5.87571 33
-0.920881 60
3.00044 40
-2.01344 10
9.1428 46
-2.27195 10
-9.11587 13
-8.1607 35
-2.38162 74
3.68441 37
-3.46041 43
2.13125 13
0.39668 17
6.9381 55
6.26748 34
3.81572 53
5.032 63
8.65035 3
-6.36658 38
8.26505 61
-4.39293 48
-9.77014 40
-3.57908 50
5.77186 42
6.92082 92
-5.92367 32
0.241334 25
-3.6611 79
4.92257 26
4.56101 19
-0.355134 93
-9.88032 75
-2.44733 61
8.02953 3
2.20524 31
3.81309 35
9.97626 3
-3.95791 26
-1.05101 21
-2.78607 25
-2.26966 54
-3.17653 89
-4.32547 63
4.32026 52
7.66842 36
6.35488 59
-5.13382 75
-9.38262 1
-2.74657 40
-3.61592 79
1.74838 61
-3.60367 87
7.27957 42
-6.98181 67
7.34351 37
4.85423 18
-6.13135 43
6.3181 58
-9.1154 80
-7.91573 15
3.95427 80
7.69146 66
6.2319 38
-0.00999012 88
-4.41304 79
-9.65154 63
9.61988 33
-6.21713 89
-2.17727 81
-6.10719 59
-7.52969 54
0.236359 61
9.05727 25
4.03307 40
4.56881 41
-0.0979629 90
-9.29406 36
-9.47543 28
-9.59543 69
8.47567 9
1.2724 13
3.37483 23
6.16832 31
5.49743 30
7.75062 7
0.1042 57
-2.76912 84
8.97616 27
-1.62596 50
-0.641867 16
-9.73576 9
-9.16807 20
9.73473 18
6.74613 5
0.572268 78
5.83448 64
-5.70499 44
7.19337 3
-7.27193 24
-2.81506 10
-0.265246 32
3.30331 81
-9.4143 92
1.7652 1
6.0062 84
-3.65531 84
1.76255 62
-7.74044 34
-6.67478 8
-5.60714 56
3.72308 16
8.20457 61
-8.16619 50
5.03316 91
8.79443 5
3.85513 12
-7.50616 85
5.0826 60
-3.13219 12
-4.71248 4
-7.9582 65
6.30545 42
7.1797 59
7.43054 6
6.65764 16
-6.93746 66
-0.577696 51
2.99825 73
0.170344 35
6.98147 92
2.60754 93
4.54101 49
9.47406 20
-0.959536 63
3.42239 55
0.71492 4
-3.0718 52
-4.43049 53
-9.53086 4
8.94315 36
-3.75109 54
0.92972 10
0.0969953 62
-4.51218 39
4.21083 2
4.49398 26
-7.10599 27
-6.58365 55
-2.92035 86
9.58635 73
3.22484 47
-0.647743 59
3.77556 15
5.00945 34
3.62634 29
-8.44982 75
3.67998 56
-0.138976 78
7.46949 9
9.839 86
-5.7556 83
8.39369 72
-0.786549 44
9.42314 91
8.77934 77
-8.89856 9
-0.52762 14
-7.28989 12
-0.437492 7
-9.3562 70
-0.602484 29
-4.43936 26
4.78407 58
-8.95467 48
-6.73626 66
4.01338 20
2.4925 13
5.43692 9
3.14007 13
-4.68957 45
-9.4434 87
4.79715 82
8.76833 55
-7.72078 87
-1.40711 87
0.0850874 79
-3.73942 37
2.96806 79
-6.07429 60
-8.00644 4
2.05067 93
-6.5364 92
3.84211 26
-1.36508 51
7.40558 27
9.71813 10
5.16208 4
7.31311 1
-6.94332 32
2.91904 31
2.96034 2
5.56692 62
5.27653 79
-5.42593 77
-6.97874 26
-2.44449 63
-5.39074 65
-1.63964 58
-1.87486 8
-6.48301 31
2.4621 38
5.60865 3
-5.2543 41
-1.59917 86
-9.23561 50
8.55359 82
0.581803 3
7.86457 8
0.380913 15
-0.419663 75
9.3881 64
3.32205 61
0.289824 35
0.675852 92
1.19784 21
-5.56335 79
5.08131 50
0.11495 79
3.87792 16
-7.82392 71
-4.56965 84
-1.4899 35
-5.45016 32
6.01433 76
-1.47143 91
-0.93211 42
9.91374 46
6.32551 58
5.04358 60
2.3211 18
9.7529 67
3.70889 67
4.19806 53
-7.65683 53
-2.82104 71
-3.98365 5
7.99193 31
-7.56862 65
-4.9694 91
-7.54535 74
-9.57303 55
-5.18422 41
-6.49587 27
-0.723622 68
0.090248 55
-7.42651 12
6.87469 57
7.26675 43
-9.00853 2
-2.33122 55
-1.204 43
2.16165 8
5.66708 35
-1.40658 65
-3.63411 21
-3.06003 73
-2.02604 59
-9.12907 59
6.97684 73
-5.34284 60
6.00487 36
-7.90497 80
4.42926 56
-7.31839 7
-7.38275 50
-3.29698 43
-0.00470089 14
4.65839 47
-5.02226 34
1.95449 1
7.20213 37
-6.4231 40
4.5327 7
2.08376 70
-7.43035 15
6.22245 40
8.11649 62
1.4329 31
4.43341 35
-8.87513 69
-4.84735 1
-3.87529 60
-9.60586 76
0.202287 18
-3.7846 46
-6.01415 19
3.21199 5
-3.76344 12
7.92442 49
7.95995 3
3.75313 68
-1.26535 40
-0.623791 81
5.5473 3
4.51292 64
-0.0835962 23
-0.0391095 36
0.177763 15
-5.46292 41
2.66862 7
7.23024 28
4.17777 18
-8.09618 68
-2.13832 11
-4.22309 1
-1.32008 59
6.53378 88
4.65267 22
5.57486 13
-3.46071 51
-1.10227 31
9.73846 44
-0.76179 83
1.03958 74
1.1548 31
-1.55049 54
6.08751 51
-1.51815 71
7.43537 27
-3.1647 30
-0.51712 12
9.48652 42
-4.98453 17
4.22025 16
6.87486 60
-8.94084 47
-6.44018 25
2.24248 76
-1.00896 83
-8.5879 11
4.23728 3
8.53676 93
-1.70287 76
2.22058 38
-1.81642 86
-6.43093 11
4.52555 13
2.15642 6
-9.21354 31
1.06307 1
1.42707 71
2.0379 33
7.5119 35
-1.31008 13
3.70307 56
-1.8358 3
-7.82359 43
-0.336164 87
7.69272 21
-3.01952 66
-2.47401 39
3.77281 19
6.86938 46
-5.85518 26
-7.06154 48
7.33768 48
-8.58029 19
1.04065 64
3.95154 25
8.29939 71
2.87346 93
9.27354 65
5.4154 25
-1.61766 44
-3.55183 1
-0.926893 61
2.49326 45
-7.79123 82
3.63648 40
6.30929 52
1.67436 55
-0.378599 86
2.88686 74
-2.25874 82
1.23166 17
-3.683 86
-3.77629 4
-3.61046 29
-8.49896 5
7.20452 72
-0.705074 55
3.82951 29
9.45605 25
4.61631 86
1.08588 69
-8.6328 65
-8.02543 53
-7.00114 70
9.05744 43
1.87671 39
6.87247 77
-7.92298 70
6.91241 84
-4.50862 21
-6.30771 81
-1.24963 54
-2.65949 89
4.07748 93
-8.73014 79
1.31947 24
8.53666 28
4.04606 90
-9.60201 10
9.49532 85
-0.65652 76
2.56548 44
5.49303 16
-2.34113 46
-0.948142 74
-3.51741 78
-9.45 68
-6.0981 39
-6.14842 77
-1.67758 8
-2.55498 83
-5.43588 84
-6.81025 77
9.36195 67
4.70862 68
-5.10564 35
8.89154 36
2.66645 59
-8.92563 9
1.26 83
-5.33599 34
7.92459 40
-7.59039 41
8.32215 72
3.27099 15
8.48778 49
9.60231 63
3.41361 32
-8.79808 64
2.67016 62
4.26639 64
6.07137 49
4.9338 68
1.64392 88
-3.20697 80
-2.21045 10
9.96543 41
1.46305 2
-7.04715 60
9.1776 50
-1.223 66
-1.22048 92
4.64506 84
5.57359 35
-7.50479 62
-6.04433 39
2.29154 86
-0.917351 68
-8.61172 78
4.09029 2
-4.96223 39
1.87025 58
8.77035 72
-0.578254 27
-8.53929 17
-1.05907 75
5.14445 11
-5.1384 2
0.752774 51
-8.49668 30
8.34502 6
-9.85526 57
9.08116 67
-0.468638 69
0.0839152 81
-3.70671 58
-2.89428 93
-7.11617 93
2.88142 83
7.85645 65
-0.949515 20
1.55251 23
1.19625 11
-6.44138 89
7.62351 24
4.5109 47
-5.80336 25
-7.3877 87
6.62809 64
-9.73952 5
1.46588 90
-2.85969 86
0.584419 62
6.47083 30
9.24102 56
-4.40503 73
-5.72823 91
-1.59521 67
-4.15422 68
2.35437 73
4.25844 56
-1.80774 10
-0.0203542 70
4.53892 72
-2.01493 65
9.51897 36
1.45264 29
-0.296766 35
8.44063 52
-7.73639 15
7.38027 78
6.12952 68
-5.31743 51
-1.07047 90
-0.75693 6
6.12104 38
5.74941 43
-2.04291 61
-5.00441 53
6.67264 61
-4.38255 14
2.35848 45
-5.51578 4
-6.41919 66
8.80912 6
5.90877 66
-8.35485 67
1.3791 43
5.46245 1
-6.83054 41
5.15174 55
-0.784712 61
-5.65634 61
-9.01892 90
0.105429 28
3.50791 43
3.95186 5
1.92739 56
5.28495 23
-4.02043 68
-1.8622 52
-2.10791 29
-2.0615 75
5.90675 31
9.09917 6
2.12905 92
5.51221 92
8.2615 19
6.43091 30
2.602 31
6.70584 45
7.12796 56
7.32922 18
-2.13156 69
-9.70754 53
-7.07099 30
-7.84278 34
-3.33972 66
9.30452 69
7.98434 30
-9.66055 31
-5.10151 1
-4.08865 37
5.68903 29
8.35486 73
-2.7442 66
6.18115 59
5.61847 29
4.52894 47
-6.08559 42
-2.40483 51
-4.37591 31
-3.55511 5
5.33425 3
-5.39611 5
4.53916 44
-0.0953326 68
1.5444 19
9.63642 57
4.68775 62
-6.43439 51
0.161124 68
5.93157 61
1.93293 73
-1.04978 51
5.18861 33
9.49427 70
2.60343 69
1.5851 3
-3.48228 64
0.720381 37
-0.123408 29
-2.26809 91
7.74216 50
-2.95764 60
-9.48576 83
4.81279 91
-0.561392 16
-7.91992 85
-0.636021 48
-0.89996 65
-5.3379 85
9.3012 21
-9.01198 10
-8.69155 62
3.52116 28
-8.79872 17
6.44955 5
-8.30642 20
-1.95463 91
-0.662381 55
2.39761 53
-7.80994 30
-6.80292 11
-5.135 37
1.3603 11
9.98652 70
-7.05528 58
-5.31093 47
1.23837 89
-8.4225 39
-0.147396 33
2.57586 24
-9.13713 66
5.89602 36
-1.53252 17
-2.42559 7
-5.21625 58
0.427587 55
-7.91064 23
-6.53762 34
3.45573 66
0.791657 61
-4.44656 43
-7.41094 89
3.2695 26
6.94927 93
2.6886 54
-1.62994 78
0.619621 69
-6.78507 71
-1.27556 57
-7.22579 24
-3.88441 14
1.04827 1
-5.51799 67
-1.16492 73
8.17712 17
1.74129 37
-6.22148 81
-4.36832 71
0.0293074 41
7.5615 17
2.61968 91
5.55201 93
-4.91527 51
-6.4309 43
4.57377 9
-4.78241 44
5.81975 50
-3.91333 1
-0.654962 91
7.51959 28
-2.23204 7
-5.31613 87
-8.68464 83
9.60257 66
0.887335 4
-7.95797 48
-6.30008 35
-5.55498 33
-8.4055 83
-3.24693 43
-1.57697 29
-4.13486 66
-5.76539 21
4.99612 6
4.95568 46
-4.76787 77
-6.09155 26
-8.78284 12
-6.00261 91
-8.32154 28
-2.46191 56
-8.82222 16
-7.7125 77
7.97762 59
-2.79094 17
6.94448 82
-2.12643 72
-5.22498 88
-5.53777 67
-3.52608 21
1.58205 86
3.01498 44
0.0861738 24
7.85484 12
2.84243 27
4.47032 55
3.66006 48
2.91644 61
-2.7244 92
7.90732 38
7.00992 12
8.88216 34
3.04345 72
3.33289 31
5.9726 4
4.5452 86
8.0622 54
2.69116 29
6.65824 78
2.82354 72
-6.70104 80
8.41206 75
-0.564487 25
-9.1194 88
-1.66083 45
4.15768 26
2.46743 12
6.31805 40
9.61818 72
1.0835 7
8.77341 12
5.21335 22
0.384501 25
-0.809057 66
6.08019 29
-4.95755 87
4.82004 51
-8.35474 27
-1.09953 86
-1.04365 90
9.63786 7
-2.6842 17
1.41693 58
3.76428 25
-1.92252 64
-5.0106 50
-5.04176 43
2.56265 90
6.31926 51
-5.12645 8
0.0809561 69
-5.32529 34
-9.75182 23
-2.2322 83
-5.22877 91
1.13023 48
-5.6612 11
5.56673 79
5.54932 17
-9.72498 32
2.71954 72
-4.2872 41
1.52028 49
1.10631 85
-7.70656 1
-4.11862 18
1.72821 54
-4.5543 24
-6.88212 40
-3.44041 65
1.85722 63
8.01186 92
3.00586 6
1.10039 35
2.8155 42
-2.88433 46
2.17694 51
4.0123 38
-4.92907 5
-7.34778 2
2.45027 54
7.07898 18
1.95755 72
-5.33706 20
-9.98424 17
7.74431 53
-6.992 78
-8.68369 76
2.51114 14
-4.91376 85
3.05649 63
-3.4071 37
0.441682 23
-9.20103 61
4.46144 56
-1.23518 13
-5.08657 54
9.67022 56
0.412176 9
-4.17705 51
-5.4976 7
3.47568 64
-1.15294 49
5.50968 43
-1.35145 72
-1.40322 68
-3.99884 27
-8.47375 86
-4.63035 83
-0.931167 42
-1.77711 88
8.69941 15
9.81292 53
0.228433 86
8.58219 36
6.80907 10
8.99184 42
3.53896 72
4.02055 31
9.66674 60
6.90378 49
-4.09658 51
3.92425 64
-5.96442 76
6.42976 44
-7.27938 31
-6.6697 22
6.52588 44
6.94668 27
8.61058 75
-5.19577 18
9.00224 30
2.05923 47
-4.01788 80
-6.71359 4
1.07477 14
3.53668 5
8.03337 27
6.84791 54
6.43011 30
5.85479 8
4.07776 84
-6.04096 50
7.48818 51
-6.19066 77
7.31432 92
6.92882 72
-1.21482 21
-8.98612 29
-0.614592 16
-6.21553 50
8.29793 2
6.65581 30
1.5109 51
-2.50725 21
-1.82374 65
0.595527 39
-1.61368 82
1.57787 31
6.09281 5
5.7712 43
7.49909 31
-3.33906 65
5.6238 42
-6.17297 67
6.35683 19
5.89628 55
-2.69017 22
5.87545 32
7.15652 30
9.32822 56
-1.07314 41
-3.61351 42
-3.30639 20
4.05784 2
-2.46129 69
-1.25578 57
1.58772 74
4.65698 2
-2.76096 34
-2.28578 38
7.10445 17
3.277 16
3.98706 6
-3.02387 3
-7.46949 86
3.01837 33
2.03713 66
6.73172 26
7.31973 40
6.45278 93
-7.3043 33
-8.51913 32
2.92765 24
6.27926 42
0.0636588 47
-4.71472 89
4.11778 14
7.77074 58
6.85723 39
6.71365 20
7.11326 67
9.20589 73
-0.711857 70
-8.07924 2
-1.46208 55
7.02269 18
6.64053 13
-1.00026 38
3.08856 90
4.19296 7
-9.69489 8
2.68005 69
7.00941 17
-8.03385 56
3.62404 6
9.26705 42
6.58823 72
2.84618 15
2.8364 27
7.83565 78
5.26657 17
-4.34394 18
2.91714 84
3.72681 14
-2.80222 28
5.76308 25
4.80638 76
7.47954 3
4.5874 46
-1.15744 67
4.99415 42
9.39542 45
1.94225 73
4.0147 36
-0.857475 53
-1.70362 93
5.6534 92
-4.20376 31
-1.51515 46
-7.66414 51
4.70227 66
-6.92958 59
-1.77937 51
-0.0784356 11
2.7183 57
6.57924 87
-2.44742 58
-3.25621 72
-4.88496 29
-1.27505 70
5.74172 87
6.94541 87
5.45176 5
-2.22072 57
2.62868 40
-4.78572 38
0.169901 20
-7.12206 85
4.80859 17
5.06353 18
2.27629 85
7.36092 74
9.15696 6
2.25986 28
-6.53199 66
-4.84791 35
5.39675 59
-2.45331 19
7.02784 60
3.06307 63
5.54659 37
-6.61319 86
4.00575 27
3.4846 18
-0.653146 28
4.98067 80
4.32788 2
3.1307 45
-6.89603 77
2.77183 2
1.02775 79
-8.73833 63
-2.92687 34
-7.51339 54
-2.75546 34
-8.24001 93
2.55615 16
9.30718 76
5.155 33
-4.86754 8
-0.83491 87
5.0961 19
2.55953 13
6.53273 48
-4.61766 42
5.54885 18
-2.06421 43
-5.33974 79
-3.06173 87
-2.56988 44
0.435342 25
-0.30054 45
5.89538 92
-0.0224055 13
-8.07706 43
9.23253 14
-8.65337 81
-9.13646 30
-2.70547 88
-5.4246 73
-9.0217 87
4.53316 60
8.9264 71
-9.24259 14
-5.64311 9
0.723812 11
1.13218 17
9.49732 48
6.86049 90
9.62963 77
2.63444 70
-5.05842 91
-1.66496 49
-1.00818 45
-0.586045 91
3.83545 19
3.46296 32
4.50659 68
5.71509 20
9.74541 9
-1.27982 46
-2.64041 90
-5.8114 49
-1.48735 82
-1.4039 66
-6.66617 39
1.64645 40
-0.804618 49
-5.49269 22
-5.33053 42
5.76229 54
0.118424 48
-5.71285 62
-5.32776 91
-5.46033 22
9.71566 71
7.36636 30
-1.02742 23
-4.22753 67
9.24331 57
3.24053 32
-9.39394 20
5.60664 41
0.0162416 47
-2.52459 18
9.96223 7
1.21737 51
3.67892 48
3.83658 65
8.85276 59
5.00473 54
0.975923 89
-5.18776 11
5.69652 73
8.65955 53
-5.04186 70
-4.40894 48
-7.12009 45
-5.54678 42
-0.93349 35
-0.900125 27
-7.78569 44
-7.29846 24
0.194946 91
0.401355 82
4.35115 47
-6.92192 12
-4.3923 93
-2.29195 83
-0.237727 36
-0.0143931 89
8.81361 3
-4.45731 86
5.46702 44
-3.54906 62
7.01196 16
-4.62414 46
9.69441 60
-5.0148 40
-6.26488 1
8.83446 51
-0.602691 9
0.0825285 68
-2.25621 41
7.03725 43
9.37331 51
6.99773 55
-8.09834 27
-4.54445 2
-3.5634 44
9.3148 76
-6.39309 37
-1.57157 31
-3.17921 49
6.78627 36
-6.0438 73
-0.199559 23
2.58438 48
-0.582399 24
-5.18606 39
7.36774 13
9.05488 32
0.140481 58
-7.34352 6
-9.6873 42
-1.6284 69
4.27432 31
6.00355 21
-5.93183 3
-3.79999 84
1.69756 13
4.0404 5
-6.84777 19
-1.56299 56
-5.72295 33
7.89337 37
-1.7187 44
-2.05978 62
-8.19588 24
2.85126 44
4.82917 35
-5.43194 39
-7.36511 6
3.19497 39
1.28128 21
0.423684 78
3.45467 10
-2.98356 71
1.1184 8
8.89644 76
-0.122651 69
-4.41175 51
2.36197 22
1.82444 9
4.62994 14
-5.98189 54
4.04205 5
6.04709 58
-9.6686 26
7.83716 58
8.59394 53
-4.27563 51
-1.42768 15
2.7718 30
-0.538785 44
-7.33612 16
4.13785 77
2.27068 8
-1.98071 83
5.14822 52
5.48631 4
-5.77726 51
8.08163 69
5.50744 16
-9.49622 90
5.57874 30
9.09145 22
7.57417 51
3.67938 28
1.52126 72
-5.55836 15
-2.11706 64
4.97778 32
-0.796356 53
-4.75863 36
-6.69156 88
-9.16328 89
-8.45791 78
-1.98249 20
-5.50336 82
1.89856 29
1.53828 73
-6.40888 35
2.15568 54
-6.22171 14
-1.74168 43
1.16907 31
7.80708 90
-2.31226 36
7.96472 36
-2.00736 10
7.83525 29
-8.43466 4
2.95091 15
4.13254 69
6.91231 17
6.5977 84
8.31569 19
8.84037 27
-3.83662 5
3.05806 62
0.0884182 54
-7.3124 5
3.85122 37
9.01264 87
0.703041 90
7.63972 58
-8.60286 31
-0.76199 31
-3.4641 69
-0.474456 56
-2.05711 87
8.27406 57
6.92163 83
6.38131 79
-5.46723 42
2.3441 64
-3.41453 64
5.52116 71
0.167271 65
-2.52602 58
6.51857 58
9.04032 16
-3.36249 84
2.90093 5
1.02596 60
9.91366 5
4.60591 62
6.03684 28
-1.74712 35
0.520784 40
-5.95276 31
1.51285 18
-8.87541 76
9.50271 19
-1.23435 21
1.46483 68
9.25616 2
3.45803 68
1.59619 4
-8.98709 89
-8.65738 18
-9.33192 55
-7.49105 13
-1.90042 19
-0.313449 29
-7.47603 44
7.67724 51
-7.45451 65
-2.98412 90
-6.38148 11
7.85614 60
-8.78302 76
-6.08359 55
-3.27373 60
7.274 88
-2.084 70
8.88312 74
0.795117 89
3.71011 52
8.28015 45
-3.91008 27
4.45944 50
8.19694 69
9.88839 8
8.19695 44
-7.78294 61
0.398367 67
6.38053 27
-0.00564438 89
6.25139 87
-5.6733 53
5.09543 11
-9.83725 26
5.77318 84
9.85608 4
-6.36685 90
7.58815 91
-4.38283 3
1.43027 85
-7.69829 15
-2.52708 10
3.4026 18
-3.90684 43
7.88459 55
0.711196 68
-2.12374 44
-5.58744 65
-4.76634 8
0.823907 75
-4.69415 14
2.98552 16
-7.55143 85
-3.7933 65
7.67359 34
-7.15212 2
0.865864 75
5.34137 71
5.09127 32
-5.62402 54
-1.34692 6
7.51657 12
7.44775 81
-8.15801 80
3.30471 83
-4.35193 45
-0.816069 92
-4.05725 90
6.6508 82
2.04683 54
-1.7416 91
-0.281671 20
-0.0206258 29
-0.327637 77
-1.43321 72
-6.18007 79
3.20679 36
-9.65706 51
-3.31739 64
2.21922 71
-8.04982 34
-0.423501 88
-2.52582 77
-8.48351 37
7.81992 58
7.19452 61
7.99427 36
1.95982 72
7.9709 31
3.73926 17
-7.18653 72
7.24126 12
1.19508 28
1.47525 18
4.16255 17
-7.37592 54
8.48503 77
-9.38558 40
-9.12897 74
4.8466 50
1.76761 88
7.76802 46
5.4167 91
5.37426 55
0.450101 58
2.81946 71
1.44784 5
-6.26278 8
-2.92356 64
3.47357 39
-9.14223 13
4.2253 56
-2.1933 41
-4.49549 17
5.24285 29
-5.40915 87
6.86048 23
5.91781 84
-3.2102 20
0.838588 41
7.14535 57
2.00833 17
-0.0250859 56
-0.153385 69
-3.13392 4
-4.73265 62
9.50913 20
-0.811337 67
7.75015 22
0.709746 43
9.04792 64
-5.48613 65
-1.5526 77
4.89111 55
-2.50981 93
-5.59029 33
-7.02408 18
2.76172 48
8.45391 80
1.59954 93
-2.78493 31
0.640035 11
-3.08913 65
-7.44939 54
-2.37397 78
-0.354376 45
-8.67414 56
0.939527 13
-5.56151 55
-5.84711 43
0.518876 19
6.22776 84
-3.32308 65
6.2323 87
-5.39923 7
7.88412 33
-3.1395 27
1.06268 40
1.43504 33
8.37643 67
6.84258 37
7.35664 23
-8.39411 84
1.38622 22
5.36157 49
-7.97471 56
6.48519 56
-7.73759 35
-2.09845 66
9.94267 60
5.78132 44
8.53245 32
-2.96839 3
-4.68496 89
7.75105 86
7.32754 73
3.64468 51
-7.48832 43
-0.9268 72
8.91143 89
-0.00441499 79
-1.30855 78
3.65853 93
-7.98917 17
-4.55977 39
-2.73444 54
3.60609 64
2.72209 28
-9.86462 85
3.64881 50
5.95077 79
-2.7497 18
9.84631 91
1.36437 10
1.11005 78
-1.81508 93
-4.72071 57
4.74909 8
1.63755 62
-1.26371 93
-3.81141 54
2.99222 62
-7.22862 37
5.23648 39
-8.43799 6
8.80279 7
9.00834 28
7.28323 12
5.98098 54
2.19466 7
3.7587 39
-4.0156 15
-2.02701 37
-0.276667 30
-6.51963 49
3.32427 27
-2.53165 14
-9.80988 15
0.692277 11
-9.08026 83
8.9067 87
-4.63974 74
9.93092 40
-3.27712 36
8.68125 25
-7.24206 14
-2.94071 69
-7.17107 60
-7.17821 40
5.53487 88
6.08843 48
-9.35487 58
-9.8161 88
-0.291084 88
-0.827419 30
-0.560956 62
-6.26588 62
6.74945 17
-9.07859 38
-9.23628 31
-6.95426 81
2.75595 1
-0.548134 11
4.09227 44
-2.07519 52
3.99427 66
8.4909 27
-3.63857 63
-8.08541 86
-0.864458 2
2.62492 15
-3.05384 45
3.15951 43
-3.23488 69
-7.97724 11
-4.86493 91
5.71662 6
2.81159 6
6.98995 78
8.26356 54
4.89124 60
-9.87784 86
-9.69987 83
1.36424 17
-5.4781 11
-2.90978 49
2.46794 91
7.99945 26
1.6261 50
6.44656 32
-9.49138 91
6.51715 88
7.46529 18
-2.86636 22
-0.979749 33
-1.52574 29
-6.38719 70
-3.07702 66
-9.25577 85
8.76251 71
7.79303 74
-1.77492 16
-5.1964 34
0.764897 43
1.00441 13
-7.7603 18
-1.52458 65
0.246223 47
4.51746 64
-5.23172 40
0.220191 48
-6.71205 89
-5.17767 20
3.13008 29
-0.493755 18
-1.88805 18
-7.55349 59
6.16421 78
-3.43787 5
4.5669 81
9.75989 4
2.59078 85
3.64231 78
5.92774 80
2.59995 71
-2.83004 3
3.4061 76
-5.58486 22
-5.80406 5
3.14651 78
6.39152 48
-7.41084 35
-9.79701 67
1.81873 91
-5.38668 17
-1.0971 50
3.08084 44
9.89488 2
8.5558 63
-6.86618 54
-8.56282 76
-0.153128 48
2.18225 77
-0.488565 13
-3.49422 86
-1.84877 80
-5.32916 84
-0.880011 56
3.37323 52
8.27533 53
4.11213 65
-7.72371 77
-4.00024 2
1.92471 69
7.87708 43
4.56723 68
4.70104 83
4.08369 12
-5.32036 90
-4.80178 2
-2.44278 36
9.74315 15
6.70579 37
2.33702 18
0.0993397 13
-8.61324 7
7.57092 51
-5.80086 36
8.64433 38
-8.97822 88
-9.07576 53
-2.72081 21
-3.37992 29
-0.294486 49
7.79057 51
-2.61601 32
1.2372 63
2.1954 62
-9.12978 67
-2.12624 44
5.59355 27
8.04382 76
-9.83396 33
-9.21746 27
9.06829 46
4.48132 28
-6.2158 51
-8.11087 80
2.51975 23
3.56616 51
-2.01507 11
-6.90445 52
-7.83439 21
8.58771 30
5.09509 14
-0.0935314 51
7.22868 19
-9.08227 27
3.52615 92
7.33594 19
7.15873 30
8.84538 35
0.262648 20
0.185711 22
-5.65769 48
-9.27085 48
4.45491 28
2.13744 24
2.49898 92
4.30612 93
6.49979 78
-7.91917 8
7.30334 88
6.84654 68
5.23916 27
-1.28078 21
-2.87158 1
9.20492 52
-4.50462 60
-3.08088 11
-5.1833 50
-2.1068 84
-3.21529 38
-9.23297 24
-8.0464 1
-2.88192 32
-9.40552 71
-0.372703 48
4.58524 52
-5.86228 25
6.40936 81
-5.76978 76
-7.14948 91
8.90038 7
-1.64023 9
-7.98192 57
5.54096 22
6.5747 17
-4.52492 58
-7.09991 64
-4.2586 38
-0.57563 82
-2.00386 14
5.46166 90
-3.41761 73
8.71926 29
-1.40039 35
2.76287 7
9.1999 45
7.49237 19
-2.80842 69
-8.59883 86
-0.613406 82
3.45097 86
-5.57653 57
4.47586 13
5.42021 25
6.30924 59
5.09573 37
-1.81886 25
-0.601612 30
0.533121 72
0.902888 6
8.60361 90
0.0191864 19
-0.271664 71
3.11153 53
-3.42758 12
3.14881 78
-8.72544 4
-4.32482 24
8.08334 6
4.39735 9
1.70686 17
2.44424 27
9.96634 84
8.51488 13
2.12074 57
-2.84304 67
9.25618 11
-5.79506 26
6.29706 53
-7.88484 50
8.93064 36
3.38808 82
1.17805 57
-3.64359 58
0.210085 54
0.606906 66
-3.63539 56
-5.83971 42
-8.7012 91
5.67691 71
6.19055 25
-8.87333 68
-5.25178 51
6.62628 13
2.00945 16
0.448057 84
6.84786 49
4.44007 56
9.435 25
8.17986 77
-2.78274 34
-9.63098 8
2.48736 41
6.11761 57
1.57012 15
-6.546 45
-3.73381 17
5.73792 78
-9.97126 11
-0.631918 50
4.65805 87
7.49992 85
-4.10843 83
-1.5267 84
6.03448 20
-7.78103 81
6.60925 10
5.97165 67
-5.94766 64
-1.65635 1
1.52826 59
-1.52068 79
1.66385 54
0.0268987 7
-0.289362 89
-0.33808 78
-1.62538 10
0.92203 36
7.15316 28
7.49198 47
3.65838 39
-3.87683 90
-4.9627 24
-8.68948 17
-2.74983 56
-5.62542 69
-4.96983 45
-4.70681 57
0.12194 1
3.74045 86
6.48461 43
5.70612 58
4.10301 62
-1.79845 4
2.86895 81
1.90352 36
9.40991 36
-8.5528 71
3.17482 30
-0.42418 74
-3.3705 15
-7.28759 17
-3.29711 51
2.82422 53
7.62801 13
9.0373 9
1.47371 6
-1.72572 34
3.56549 74
-5.16726 24
6.67092 77
-6.43749 32
5.17488 60
4.19568 40
8.87617 67
0.8992 55
2.82587 69
4.48551 58
6.96834 42
6.9523 77
-8.98103 51
1.95968 36
-4.32346 72
9.29338 13
4.76616 65
7.09498 68
-2.24476 59
-8.57713 32
-5.92185 77
9.86932 5
1.97805 83
-6.26634 50
6.84488 72
2.21792 85
-5.09867 5
-5.08611 14
5.17291 7
8.38691 92
-5.7769 50
-2.08431 34
8.61875 2
-7.55962 17
7.50416 55
3.01182 75
4.09627 88
-2.9585 19
8.3285 65
-3.67847 9
-0.728389 26
-7.23017 40
-7.35803 16
-1.09991 2
-4.52717 45
-6.24724 28
-1.82989 34
-8.37117 81
4.57264 64
-2.79038 89
1.57275 62
4.6006 63
-6.5838 47
3.80946 17
-9.78313 84
6.98576 90
-7.04216 27
3.67741 66
-5.60302 19
3.32283 79
-2.53297 73
-3.54736 39
-3.20362 93
-0.8622 6
7.86609 88
0.805666 22
-6.83309 47
4.58951 36
1.73673 3
0.467699 46
7.974 39
-3.86114 82
-2.42448 66
-3.38952 1
5.34264 5
0.854013 58
7.50928 23
4.30039 42
-4.40647 65
-4.13226 29
-4.93775 47
-4.12718 7
-4.34747 76
8.47616 1
-1.6929 79
9.93245 42
3.05536 88
-0.374518 60
8.39281 9
-4.7917 46
4.51254 28
5.17037 18
-1.13284 55
8.05277 72
5.90699 59
1.80958 14
3.23442 40
5.61068 58
-6.9928 11
7.31276 42
0.809941 22
-0.867117 3
-2.53763 58
3.72685 20
-0.476808 68
9.43123 16
2.13775 22
7.86345 47
-4.21679 37
7.83687 35
-0.70997 48
8.3786 58
-4.2331 9
-7.29661 67
0.977809 18
7.3824 22
-3.36255 56
6.31424 63
0.361443 84
3.19623 41
7.80222 50
2.59247 63
-1.71993 35
-0.0726532 19
6.56921 3
3.76891 84
-4.60121 2
0.289037 24
3.3682 48
-4.31432 73
-9.05779 93
5.62064 61
8.39596 38
-2.42984 84
-9.1601 40
2.50573 87
6.78517 69
5.02543 61
4.45288 57
4.41855 38
5.24069 78
1.4751 76
0.427965 88
-7.40037 1
-7.2926 84
1.96712 72
0.0411081 55
5.19237 76
-4.85485 39
-6.4508 51
-3.91847 11
4.86088 20
9.40684 45
4.09051 73
-4.75553 2
2.28072 64
1.53417 41
-2.1908 59
0.197505 87
-3.31853 20
-4.10195 42
6.89657 83
4.34601 68
6.1486 24
-4.79605 33
7.62075 24
-7.78213 18
-2.63341 43
-3.40891 10
7.0831 21
2.99528 7
-6.35318 40
-1.51879 88
0.698324 45
8.03865 81
5.26413 25
-6.18029 78
-0.30465 25
-0.0990779 73
-0.85037 75
5.07111 74
-5.90258 3
4.23339 74
5.11027 86
0.369991 50
-0.785449 69
1.4569 2
4.78914 22
1.10102 88
-2.95623 55
4.65325 48
-2.92483 25
-8.50029 59
5.67357 3
9.10038 86
-5.0702 89
-9.91766 78
-5.6297 31
-8.22678 49
-5.45351 66
3.37053 90
5.45066 58
2.03356 24
-8.94478 50
-6.65978 57
6.3364 27
-9.00564 92
8.47142 20
4.12996 47
-4.33748 46
-5.54246 72
1.54304 41
-1.5306 10
9.10721 64
-1.20491 55
-4.06013 56
-3.74988 34
-0.370952 55
-8.84706 8
9.51601 43
6.17896 42
9.34959 55
9.96976 58
-7.3798 12
7.95756 65
9.46092 80
0.780693 44
2.33387 6
-5.54489 4
-6.92986 90
0.93779 20
1.96216 73
-1.24037 67
-7.64582 20
2.97172 25
-1.6339 47
0.227704 64
5.56715 14
-8.9804 67
-5.45514 80
-7.34372 88
1.52583 14
8.64341 69
-6.47222 44
4.16144 75
3.0133 12
7.05964 80
-4.74451 92
4.41279 25
4.89673 45
-6.02911 13
-4.87908 34
-5.21214 13
3.4537 12
-1.8985 50
5.84203 20
-7.13441 22
-3.38866 93
-7.85814 5
-7.88109 16
-5.56111 19
8.67101 71
7.77561 46
-8.06756 47
6.89604 51
6.66269 88
-6.18657 57
9.87916 30
6.33825 50
-8.7646 52
4.6407 40
-5.94702 83
-2.47865 29
4.18643 2
-5.72137 5
-5.35467 80
1.27874 4
1.15926 29
-9.48292 39
8.11701 73
-2.10901 81
-0.27225 30
-1.49995 16
-1.87995 65
-5.50754 51
3.82988 52
-5.03079 88
-9.92125 31
2.67647 8
8.15677 26
7.68174 35
-6.821 30
-6.49199 91
9.56467 68
-0.356978 37
-2.53578 71
8.44989 20
6.10202 92
9.41776 79
6.40453 66
4.90661 14
-4.06387 55
-2.43382 23
5.14823 35
-8.66585 89
-5.42172 14
7.42152 72
-6.75492 15
-2.35611 84
-4.19612 88
-0.0112338 7
1.39911 93
7.85716 87
-6.14079 92
-6.52508 90
6.55066 79
-3.74515 68
1.03375 44
6.10855 25
-1.59397 84
8.31712 5
4.70264 64
5.43603 33
-5.82539 68
-4.31106 64
2.25319 3
-2.62602 46
-1.55598 86
-6.7955 53
-2.35416 59
-3.92091 51
-4.82965 38
5.54237 16
-1.70921 8
3.09689 52
5.13307 39
6.38861 41
-6.53513 35
-2.65419 15
6.68023 21
-3.12059 89
-8.55799 24
-3.98782 57
-3.62883 48
-9.16111 52
-0.675969 93
7.69463 55
9.02899 20
2.22443 20
1.72847 61
-2.55323 82
-9.97015 54
4.61502 92
-4.73056 79
-9.84921 59
-6.32014 33
-4.04585 13
-2.86362 25
-9.41654 72
9.99904 6
-0.571614 3
-2.43574 65
-0.171955 60
0.0227245 25
5.69161 27
-0.786635 7
-9.05446 36
7.16371 80
-8.54023 74
-1.09501 40
9.56172 54
-8.88611 27
9.94514 32
-3.42263 80
9.42498 85
1.30064 5
-8.55151 25
-0.737231 43
-5.74848 45
5.3885 46
0.425385 85
3.43364 9
1.60513 70
-3.00257 66
4.29913 18
2.23026 50
-3.03723 44
2.3789 37
1.38451 90
4.86163 31
6.71377 51
3.94277 85
4.62628 41
-0.164479 29
8.47199 5
1.65689 76
9.81336 30
-3.47439 19
8.87026 52
7.11784 42
-5.08286 59
-4.8878 50
8.36722 91
2.71465 80
-1.18323 67
7.10228 43
7.19486 26
-0.39303 79
7.69888 23
-0.293664 70
-3.57004 9
7.36062 5
9.66742 90
4.73206 38
4.05562 20
9.23586 83
9.42623 67
5.07618 29
-4.52551 65
9.40972 53
-2.11154 54
5.58033 66
5.28804 55
7.07475 18
4.76168 75
3.041 11
-2.36179 57
-5.68511 10
-5.61285 38
-9.45701 80
2.88441 62
2.78285 72
8.39759 59
-1.34758 29
4.54928 72
-5.71274 39
-5.69897 53
-1.55652 85
-5.28164 41
3.35839 28
-3.72029 66
-2.53415 1
6.58 30
3.20342 45
1.70292 7
3.86396 71
5.41382 76
7.2803 19
-9.24017 82
-4.17091 23
-3.81201 80
-4.07769 82
-9.36895 80
-3.61037 53
4.86326 67
-6.53627 3
0.172503 68
9.2308 80
6.32372 4
3.51398 37
-4.87782 75
1.17851 34
-2.85079 62
2.4534 31
-7.59047 19
-7.13588 80
1.81695 60
5.83724 4
8.4182 78
0.319343 77
7.33549 41
-8.84877 20
-4.04973 61
8.34155 3
9.6691 2
0.0619506 61
5.26197 15
-9.2928 6
6.6528 43
-5.53641 30
-6.58748 9
7.50216 73
-3.95583 47
9.81699 26
-8.78204 86
7.59471 45
-5.8472 38
-6.83031 58
-3.8501 8
-5.91266 75
-0.788408 88
-9.64109 5
-0.485278 35
-4.53414 39
-2.07824 41
7.0371 64
5.14286 26
4.36267 84
-4.78747 17
-1.12806 69
6.17704 15
-6.63847 2
5.74029 38
0.386781 45
-1.91722 83
-3.25609 73
9.72365 61
3.24837 5
9.82207 54
8.31655 76
0.640986 80
-4.21158 93
9.49171 3
1.55513 53
2.20974 55
-2.84472 71
-5.88678 35
-1.14153 35
4.41979 52
-4.23007 9
-4.86918 53
5.67863 72
1.45194 46
0.580002 34
9.73832 44
-9.9592 2
-5.21802 25
-8.74879 44
4.81269 31
8.44134 52
-5.68927 25
4.30321 51
-8.71341 26
-0.477658 50
1.542 49
8.69438 18
-0.905571 48
4.03101 60
5.44405 59
-0.815011 77
5.95465 74
-0.82857 23
6.79263 28
3.34864 83
2.50567 67
-1.04405 36
-4.70612 60
-1.373 4
2.07566 9
-7.51937 64
3.57937 50
-0.749596 87
3.65372 82
3.50987 18
5.50207 25
0.578601 70
-2.72425 2
-0.232681 36
-5.11623 89
3.05305 31
3.26606 32
3.09409 4
-3.89726 27
-6.00153 19
1.66843 76
2.3546 54
4.57619 57
-9.33853 65
-4.48384 12
7.05152 24
8.39092 10
-7.66003 49
-2.75925 89
-0.0759769 83
-9.34133 88
9.33011 18
6.82277 6
-0.777586 73
-6.20818 11
-1.41197 27
-2.79245 45
-1.48794 23
-2.81225 57
0.168157 25
-7.81805 3
-6.44115 93
5.12912 71
1.11381 80
-4.92076 7
-3.85457 35
-9.68368 33
-1.91257 84
0.547495 9
-3.52514 61
-8.41005 69
1.56419 28
-2.60779 43
8.07898 59
2.91076 15
4.25047 67
4.59082 69
-1.72275 79
7.78555 43
2.95059 46
-0.338837 69
-2.02775 83
-0.627336 67
-2.98634 40
-4.80395 55
6.81568 53
2.36602 24
1.08321 55
6.35368 35
2.8912 64
-3.19169 74
-7.28008 1
-0.951509 73
2.80853 41
8.58237 15
-6.07675 49
-1.69214 11
-9.35628 89
-0.789101 52
-9.97837 42
-3.7897 91
9.92306 30
-3.66521 84
-8.8751 3
-3.19188 37
-7.31498 79
-8.33613 50
3.03655 60
-4.75127 67
-3.09714 20
-5.41014 31
2.45877 80
-1.40164 56
3.17356 76
-9.14718 24
-8.35741 22
9.46484 77
-3.43011 18
-6.01171 17
-2.24242 45
-5.51056 84
2.194 37
-4.14285 88
-0.243817 17
-3.97874 80
-9.38272 82
-0.0349496 2
5.54851 24
9.95192 84
-2.58253 86
5.15043 45
2.28956 45
1.34234 42
-5.10859 6
2.70875 19
-1.72752 24
-9.41372 44
6.9961 62
7.77957 71
6.47358 67
7.39603 12
2.88468 12
-5.76639 13
-3.80009 81
-6.78894 85
-3.06419 48
2.11085 58
5.49899 48
-0.985181 71
-5.5541 32
2.62818 4
5.7658 3
3.80949 54
0.230613 8
-3.58832 70
-3.92588 55
-3.25902 58
6.72028 6
6.53343 10
-4.44009 54
7.53736 17
-3.77802 39
0.0133468 71
0.510585 81
-7.59673 50
-0.83318 42
1.75167 2
-1.5868 93
-3.0382 17
3.65769 74
2.88062 25
7.028 12
9.79403 73
8.60335 48
6.95944 70
-4.50687 17
8.57678 17
-4.30953 60
7.87895 22
-1.66935 83
-1.47124 2
2.84567 60
-0.864272 15
-8.34883 17
5.11609 2
-1.81226 60
0.907606 83
-8.12224 49
-9.59171 85
1.13139 21
3.47255 33
-3.34669 51
4.67377 66
-1.38558 44
-5.74435 35
9.06712 44
-3.52261 23
-5.41583 93
-0.599739 79
6.94668 12
5.05173 43
-4.87234 45
2.6216 18
-1.42786 57
-2.75986 40
-0.928186 35
7.10667 19
2.55381 61
-8.78711 84
2.75785 47
-2.96148 79
-6.52375 72
6.25413 10
8.04682 44
-0.448703 25
1.1952 74
1.57757 36
2.32293 29
5.67399 30
7.45723 62
-5.2501 8
1.70163 75
-1.19646 14
-8.28544 61
4.94354 33
9.84841 58
0.888379 5
8.23724 36
-7.68554 61
-6.8749 49
-2.08566 61
-8.15767 52
8.1348 50
4.71833 14
-7.61139 33
5.85445 86
8.20799 31
6.69581 59
-3.63952 51
-1.93586 85
9.24433 37
-6.92013 5
-8.42597 47
0.458 31
2.97998 41
-3.05879 85
-5.12969 85
-3.81953 92
-4.19122 37
-9.90054 40
0.211922 82
-2.59487 71
-6.01348 66
-9.42331 37
9.68355 28
-9.80605 34
-6.58279 12
0.666431 17
6.79498 93
-9.85452 89
-0.472969 4
-2.54272 61
7.38582 60
-9.94757 36
0.655903 63
1.25807 92
8.03289 93
3.3064 2
2.66189 31
0.251913 71
0.795217 6
-1.01867 8
1.76355 4
-8.84037 75
9.70827 73
-7.00566 78
-5.55196 74
0.547838 37
-8.97302 11
9.91907 65
2.74901 50
0.104157 57
1.90297 86
4.79423 34
-9.03475 54
-0.0641118 25
-1.31127 85
1.87466 54
-2.04826 92
2.86056 35
-0.200195 38
-9.28001 74
5.45256 22
0.0233892 83
-1.56926 85
6.27631 42
-0.0316617 91
9.32892 42
-1.37234 78
5.15815 42
0.368369 54
6.92464 14
-6.84704 86
3.591 9
4.63184 66
8.37793 32
6.28654 48
-2.84162 28
0.957089 32
-7.24936 73
-5.35572 91
8.05532 9
-3.64604 50
6.73587 46
-8.67079 84
-8.04254 1
-6.5337 73
-0.256754 33
-9.85523 83
-4.33811 11
-4.24103 30
9.85332 55
-4.70874 38
2.68111 30
-6.2627 70
-1.45229 13
-2.84262 4
4.15477 79
-3.70884 8
-5.40652 77
5.38375 16
-3.71919 41
2.55509 48
-1.49126 9
3.50735 40
4.3599 78
-4.79203 15
-5.29006 24
-7.39197 18
0.496497 14
7.89053 73
-6.33342 67
-8.50203 36
8.54142 59
8.90402 4
-2.20944 64
-3.47259 67
-2.59577 52
3.72036 90
-6.4343 4
4.52141 38
6.4067 75
9.83922 20
8.23536 24
-5.48526 6
-6.39356 8
2.44926 72
-2.97611 42
7.76472 7
-1.52873 5
-3.08382 25
-9.43911 16
8.68952 68
9.19359 77
0.789713 72
-1.49995 24
3.92112 33
-8.55045 83
-7.46571 50
-2.40487 42
-2.26935 92
7.29595 17
9.71084 3
0.799734 35
-0.0176238 59
-7.50845 43
-6.7514 2
-1.97214 23
-6.54216 4
-4.61381 71
-2.81485 92
-4.61722 59
2.87669 61
-9.50184 55
8.19694 71
-6.20249 62
-8.72617 63
-5.91372 85
-3.37566 91
7.17616 63
6.5561 81
2.10976 3
-2.73412 19
-6.61011 91
9.51456 37
8.82511 30
0.271669 45
-7.70697 47
-8.81167 21
9.30199 4
5.55581 67
4.08693 9
-1.3791 23
5.68395 12
7.3246 30
3.33571 79
7.54085 40
-2.44216 29
1.41489 80
-3.18662 8
6.36721 10
4.45128 88
9.89399 74
-6.28523 45
0.652679 1
-7.93693 48
-7.44352 47
-5.10585 1
2.77376 77
3.18468 40
-9.1842 73
-5.02955 8
-1.42732 5
3.34724 67
2.32814 88
5.14464 11
-0.803453 6
-3.42312 60
3.44586 81
-5.3429 13
5.48486 7
3.11956 71
4.38552 54
-8.30422 4
0.52939 93
8.86993 20
-5.56999 16
-0.549735 42
-0.00338573 66
6.21185 22
6.01965 1
-2.54486 85
1.15438 7
1.28382 56
2.24401 34
4.96949 8
-1.53655 24
6.31451 51
-8.51977 86
-7.29809 37
-0.437782 55
1.38561 70
8.25924 44
8.47239 58
-6.65243 75
2.43709 57
7.55211 34
5.1572 39
9.7714 48
-7.79462 74
4.09905 15
-2.95338 9
8.37759 46
-1.11927 75
-8.68014 15
6.90335 26
9.05362 85
-6.59324 2
-4.59291 78
6.25397 30
5.44093 37
-6.30809 86
-0.0823025 22
2.89837 14
-2.7779 93
0.413298 76
2.88362 93
9.80812 20
-4.12777 68
-8.62303 59
7.61152 7
-2.28909 71
-2.10676 8
7.32669 16
4.70084 45
-6.00995 62
6.11231 21
-8.0809 50
8.84573 71
5.9098 13
4.83625 78
-4.5784 81
-2.39642 67
-3.63903 10
5.37342 80
-9.52379 61
-4.75941 33
-1.5244 11
-4.41283 3
-2.47271 44
1.84091 36
-1.2896 81
-1.41667 36
-8.25241 41
0.980554 62
0.0863311 15
-6.13468 42
3.34157 56
6.7228 41
2.31929 74
-0.89941 92
-9.14553 38
-2.233 65
-2.90841 90
-1.35839 77
-8.89776 60
0.525109 25
7.22908 89
-8.4822 49
5.13128 77
-9.09462 47
8.8081 32
8.20732 88
4.72883 93
-7.70539 8
9.19309 76
-5.10475 43
8.54197 84
-0.311019 62
5.44827 43
4.16118 86
3.63571 25
-9.70206 42
2.72231 54
6.05313 13
1.03163 68
-4.02543 64
4.4729 62
-5.47015 72
7.92684 7
-8.56465 79
-0.0303465 41
-1.79209 67
0.785131 79
7.88863 25
6.02017 55
3.10345 85
8.83592 65
-1.58622 39
-0.216899 36
-2.29753 72
-2.42919 27
4.34957 44
3.18901 30
9.72541 27
-9.78264 17
9.30443 50
-9.21585 16
5.16757 18
7.5976 89
-9.16367 60
7.52096 87
3.136 48
7.0642 4
0.166213 14
-0.266961 14
3.20886 72
-3.85229 80
-0.668985 51
-2.19579 27
-9.923 90
4.45562 33
9.70701 30
-8.12474 20
-1.29221 64
-4.53157 79
9.71165 88
-7.71631 69
-1.31168 92
8.3107 34
-6.80416 47
-7.30491 45
5.3029 28
3.24429 4
-9.25639 40
5.87975 4
6.86841 19
-6.91986 11
3.34717 75
1.2222 9
-3.87517 18
-0.606887 92
-7.00349 93
7.51088 5
9.75257 35
9.82525 74
-8.60603 11
3.69169 26
2.50509 26
4.52999 53
0.509341 66
-7.9102 43
-5.12084 8
-2.4349 68
-7.50494 77
4.42873 84
-2.1516 27
6.5513 63
7.87753 57
-9.11903 36
0.801006 62
-6.40428 82
-5.47422 44
0.530998 26
0.00298993 17
5.00563 91
1.88425 61
-7.27592 43
-9.40837 27
2.54431 48
-0.0458568 17
-9.53075 2
5.30271 52
-4.75545 33
-2.06427 9
1.68365 87
3.06304 1
-4.5738 80
-2.22641 17
4.5474 73
3.21842 28
1.93678 46
-0.985181 49
-4.1249 25
6.84465 1
4.48869 3
-7.06382 63
-3.14725 66
7.93685 35
-5.76928 46
-8.5707 34
8.45494 92
-9.30635 63
1.43754 50
5.00922 51
-7.03756 38
6.99864 79
1.97606 49
-2.61588 18
8.17857 2
7.03782 91
9.29087 33
-3.06055 33
-7.38145 37
2.01298 18
9.06687 25
1.55562 71
2.09418 65
-0.23747 81
2.33155 55
3.43681 78
8.16746 73
-9.64593 48
5.88406 44
6.42173 82
8.87021 75
-6.20518 65
3.60922 4
6.48033 82
-2.31081 62
-0.604171 39
-1.66408 60
-9.17054 13
-0.515641 6
9.2328 30
-7.42785 88
6.70412 72
6.86176 46
-5.9305 54
5.32627 47
-6.08461 41
7.62327 68
-9.69821 80
6.82731 5
-4.01108 69
-7.25103 85
-1.77344 75
-7.32576 66
-0.930802 66
5.04134 4
-1.25806 80
-0.962109 23
3.9249 85
5.18311 48
-6.98647 35
-2.31737 54
0.404857 23
-2.57107 2
-7.52231 85
-2.16511 56
1.64357 56
-7.26777 87
-9.87305 24
-9.58134 22
-9.0033 55
1.95845 32
5.54369 42
-0.343926 55
4.36092 70
0.622302 28
7.78902 79
-2.10268 86
-4.24378 69
-3.40965 33
0.363315 6
1.58466 87
3.26503 43
-1.91623 63
-4.60589 12
4.858 39
-4.36143 50
5.52265 21
4.23026 4
2.94869 20
2.53637 85
-1.08958 21
-1.78751 34
0.903696 69
-3.57093 40
5.55414 89
-9.69446 93
0.750273 48
7.60922 3
2.20712 10
-2.8542 83
6.77275 77
-7.90926 89
1.41367 46
6.42096 62
5.12757 9
-1.1185 76
8.26588 72
-4.98394 48
-2.13971 92
2.18427 49
-6.59114 83
-4.20408 33
3.44772 87
0.104515 88
-7.12393 32
8.24841 7
0.197977 37
-0.331004 82
1.8703 19
2.67192 6
8.15913 82
9.44308 53
1.69729 67
0.524036 39
7.51364 73
9.95168 24
-0.315851 15
1.20282 87
-7.13775 66
-2.00969 84
6.98731 32
-6.16673 41
-3.37284 24
6.07394 92
2.64063 44
2.69081 30
1.16375 90
-8.42599 21
8.24163 60
2.1083 31
-3.62847 64
-4.67566 70
-8.50888 77
0.30805 8
9.37504 49
5.62328 36
1.67605 10
0.419453 7
-2.77081 29
-7.28358 64
-5.84823 88
2.1656 69
3.19867 21
-0.445951 92
-3.64138 74
1.47819 15
-2.34036 81
-9.35283 48
2.04569 39
8.59101 54
-6.4777 75
1.02157 3
4.85266 91
-0.0560708 48
-2.20952 18
-7.63905 16
-6.15598 3
-3.34715 49
2.54847 36
5.20349 3
4.85061 70
-6.13237 41
-1.26798 41
-1.59769 15
-7.67223 88
3.328 62
2.09813 60
-5.5499 3
-3.46007 65
0.243707 48
0.699689 63
3.45361 25
7.11727 55
-1.83303 43
-1.48932 54
3.2171 31
-0.23281 61
7.58863 67
6.23086 18
-4.61252 3
6.93042 59
8.21356 10
4.26035 69
-9.39359 69
5.70218 76
7.32693 40
-3.7472 71
-4.04164 12
-7.74939 27
5.79388 79
6.73535 69
9.82741 18
2.83101 83
-8.92272 37
-5.82893 58
-8.75785 34
-5.16339 26
7.59644 1
-3.34019 31
-5.74788 9
1.90656 24
0.236531 52
-5.3781 49
-3.98964 21
2.14247 28
-4.22218 66
4.81861 84
-5.41873 72
-2.5107 49
4.70682 3
5.72171 56
-0.659265 50
-0.392666 90
4.31213 71
7.96617 14
3.59326 85
-5.70154 32
-8.91563 51
4.01865 43
-5.32785 64
-7.31071 72
1.20755 73
6.72409 39
-3.23765 86
-1.16791 38
1.74658 56
3.55414 34
-7.39137 42
0.453818 35
6.33769 66
-3.17364 87
8.1673 87
-5.30587 86
-9.86177 24
-3.5067 84
3.78821 21
0.718787 48
-3.02241 51
-4.78702 87
-0.992743 82
9.96988 12
2.46273 6
-5.09985 27
-0.600597 16
-1.15988 75
-6.51284 58
4.38639 20
-6.23922 55
1.21434 40
6.01167 39
-6.5817 41
-3.48968 21
-0.124938 19
-6.06794 55
7.17562 39
-0.360537 20
-1.73901 45
-9.79825 81
9.34141 52
-3.70362 27
2.60404 77
6.54296 68
5.63392 70
1.00185 1
-0.358986 89
0.253671 86
4.4186 2
4.59653 35
1.6541 10
-4.4492 71
0.374737 21
-6.92884 20
0.615783 32
-3.23674 48
8.11977 68
-2.99583 8
8.08268 11
4.83066 63
8.71107 77
3.9553 50
5.38947 20
-3.56763 77
8.68723 63
0.211 56
-5.68526 42
8.1688 60
5.11718 30
7.40245 27
-7.07286 83
7.34175 10
1.72919 8
8.86817 87
2.77357 36
-6.9721 17
5.1204 20
-5.49018 65
7.75086 71
-4.10834 39
-3.22306 17
-0.430613 87
2.64333 72
-4.19975 74
-6.19004 14
-6.29681 27
-8.43824 73
2.5535 93
2.6405 69
2.68618 81
0.896198 63
2.44281 48
9.15016 60
-1.82483 49
-4.13149 51
5.55824 91
0.327992 8
6.61423 70
-6.2741 50
-9.33519 17
-2.17993 67
6.7584 40
8.09786 3
9.60643 53
-5.84563 66
1.26983 60
-4.13533 40
-8.9921 37
-6.49239 26
0.094415 8
-5.7553 67
2.25492 40
6.26089 66
-3.29933 36
-0.856732 82
-8.66576 44
-1.15178 41
6.24077 38
-3.75379 51
-0.478073 68
-9.80634 86
3.75213 9
-5.51419 8
-7.18269 2
-3.11337 54
2.63899 41
5.32451 62
5.72076 77
0.59682 62
-7.46771 43
-2.32955 82
-6.80065 28
-7.48752 75
-9.71311 41
2.11256 21
-5.28784 89
-5.59815 91
6.54841 42
-3.18483 44
-5.1219 86
-5.13851 59
9.34566 74
-5.5347 77
1.4966 4
-0.287789 40
-8.4411 34
-6.23123 14
6.64777 39
-3.5631 87
-5.09215 78
-7.38366 59
0.0329098 33
-2.18751 43
-5.57126 79
9.78197 64
-3.83327 5
8.73209 73
-0.364126 48
1.17145 25
0.245394 91
1.63996 70
2.90672 5
-0.945433 68
8.34609 73
4.97717 51
-0.138347 87
-4.23711 68
-4.66661 13
4.79265 76
1.0983 26
7.16444 60
-1.45219 68
2.13504 86
-1.29845 85
7.64511 13
6.89835 62
-4.80219 26
6.51566 31
0.82455 59
-8.1638 90
-2.63135 76
-2.3463 6
-6.66906 39
-4.99643 86
-9.4963 49
-8.11035 84
-6.19883 82
-3.93887 51
-6.65589 23
-3.05998 6
-7.93848 9
-2.89913 50
-8.64637 46
-9.07289 3
4.19894 45
-4.24122 26
-7.75555 65
6.05967 38
3.43033 9
9.95874 46
3.31889 33
-4.79777 58
-8.1076 65
-8.51156 81
9.19807 39
9.4633 24
-0.792382 77
-1.05926 88
-9.21678 72
4.89933 17
-6.87648 13
-9.08883 46
5.99178 85
-7.27351 72
-5.81226 66
5.11382 81
8.67844 59
-1.65232 67
6.88011 27
-0.464378 34
-0.571363 88
-8.73578 19
-0.212225 19
5.45579 10
-2.58357 51
-9.11955 3
-3.10289 59
8.68664 41
-7.864 78
-3.27969 69
4.5759 91
6.72893 81
-0.753442 7
6.63396 70
-6.89151 63
6.16038 69
7.93684 2
3.08129 93
-7.2883 41
5.55255 47
-7.72325 91
-5.88535 61
9.09469 4
8.96282 31
-4.29893 28
-1.61433 47
0.626805 86
-1.75288 90
-0.896894 26
3.05538 70
3.77253 80
-7.03163 34
1.71656 43
0.476662 76
1.66299 57
0.278637 22
5.11141 6
3.86799 7
-3.82483 15
-6.68707 1
-9.52399 75
7.13075 29
-6.59433 80
-6.86312 8
8.84557 75
-5.88134 6
-2.95403 90
4.59177 80
4.66477 36
6.71562 17
-6.32051 80
-7.01407 49
-6.48911 19
-3.78573 21
5.50161 30
-4.81683 21
-8.79587 92
0.981155 14
-0.641238 50
9.10155 64
8.29299 79
-0.721377 33
8.95716 9
8.60841 27
-1.47362 4
-6.709 11
1.39123 42
7.24751 86
-7.8286 15
-2.39332 2
6.08793 76
-9.05758 9
-0.88653 15
0.150016 27
-8.09068 44
-5.12091 30
-5.5677 31
-4.92963 47
5.25412 91
-7.8816 1
3.10212 65
1.05852 31
6.28678 81
7.34023 5
-0.700027 90
9.79166 89
6.5554 92
2.09008 66
-2.98323 61
9.24908 27
-4.05189 61
1.33022 43
2.87844 56
-1.40503 3
7.45024 34
1.50966 6
0.773659 51
2.30085 15
9.95428 62
-2.55057 24
4.7739 51
7.85581 40
-6.31031 56
-2.43346 57
0.489471 52
-1.71181 39
-7.88681 46
2.3684 8
4.93354 17
-6.26915 53
0.130146 30
5.46978 18
-4.83113 50
0.154691 87
5.0098 57
1.92866 23
-8.00003 32
-1.59354 65
5.71504 71
-5.78763 30
-1.30675 71
7.41302 44
-0.469403 20
4.46172 7
-1.31993 91
-8.31391 52
-5.56014 37
8.36426 68
-1.71448 36
-2.96721 88
9.21416 32
-1.28332 69
8.20103 41
-0.423251 51
4.26395 60
-8.15668 8
2.3665 80
-5.3986 28
-6.7779 40
7.28698 40
3.69918 90
-4.18294 48
-4.37332 28
-0.170318 60
-1.08304 26
-3.42309 32
2.9561 70
-5.97595 38
-2.4804 68
-7.19572 1
3.37044 84
3.02926 89
2.73927 88
4.14326 42
-9.56759 46
-2.89248 1
7.42225 34
-7.00164 89
0.311059 85
4.39575 63
0.812485 12
6.16266 79
6.15916 32
-3.54029 92
2.48606 65
8.95098 51
6.86848 45
6.19791 61
-4.46395 81
-6.26318 83
-6.04416 20
-0.521637 58
-6.79304 45
9.40486 60
2.15205 86
3.63506 31
-4.05555 65
7.55119 6
3.38953 22
-1.21259 42
-9.45602 80
-7.45707 56
-1.93711 84
-6.49596 3
-9.96304 7
1.45211 84
-1.78273 16
6.3066 30
6.89184 16
-9.55655 40
-4.88386 71
-6.55165 29
-2.56427 51
-9.82372 20
-8.9675 40
-3.66563 44
5.80543 5
8.1238 34
9.75845 10
1.49205 30
-0.409434 73
1.94935 21
9.65086 71
-6.18734 66
-1.44563 52
2.30286 62
-7.42814 19
8.70323 52
0.130032 25
2.5726 49
-7.33758 8
-3.91496 43
-4.24791 5
-3.91419 47
-8.05269 10
5.05675 42
-1.97891 61
4.23415 67
3.11091 11
-8.6038 92
-1.58379 7
1.861 65
-6.89096 70
1.49943 85
-0.439547 23
-1.72838 87
-2.9526 76
9.29454 41
2.28624 91
5.50748 71
-0.652417 64
-9.35219 58
-4.39235 64
-8.47106 21
7.55732 57
7.02535 44
-8.85287 75
-0.287017 43
7.38418 30
-6.5114 16
-5.3562 30
9.28998 50
0.181594 2
1.76871 83
-6.71238 72
-7.36522 5
1.80118 5
-6.10915 15
-4.13613 58
1.90277 43
-6.32069 84
-4.92862 15
-5.26697 57
-2.55667 49
-2.63732 75
8.65227 18
-4.89162 46
3.65078 42
-9.36508 75
-4.01907 43
-2.68691 84
-6.96381 81
2.56085 90
6.35877 45
-1.16419 47
-2.14171 45
5.97314 79
9.42901 66
0.793215 49
-5.92146 90
1.81353 37
2.87651 32
8.0483 46
-7.44082 57
-4.4359 52
5.48685 53
8.42935 32
-3.52959 20
-6.32294 53
-2.71161 25
-6.24045 63
-1.91484 26
9.26918 20
8.82521 52
9.09035 14
1.66967 72
-4.3437 52
2.30413 29
-4.55837 82
8.70553 37
6.03632 70
-5.02217 90
9.3583 41
-7.21866 85
-5.17863 74
-7.3575 10
3.90185 89
4.56567 81
8.08222 27
5.34214 5
3.25254 54
9.29643 60
-9.74793 15
5.987 85
5.13709 2
0.330136 29
5.4941 74
-3.56013 69
-8.59208 88
3.37054 1
3.89295 56
-9.47949 25
8.71411 63
5.34385 9
-7.61733 54
-3.36642 10
-0.836661 67
-0.345427 53
1.55189 51
-9.33506 78
-6.22527 81
6.14855 57
-8.48085 77
7.89074 93
1.36534 27
-0.505705 28
5.81946 9
-7.43656 59
-5.34637 59
9.64461 64
-6.56702 70
3.00653 61
-5.65424 52
0.514216 57
5.65099 18
-6.07558 26
8.35906 68
5.88883 73
1.02307 45
3.36575 13
4.63651 20
-6.67228 33
-4.72482 37
4.04476 67
-2.54862 43
-0.139047 35
-5.44749 4
1.83082 75
-0.552608 83
-1.51325 21
-2.24494 10
-2.74722 80
2.2508 88
-1.11798 74
5.08567 10
-8.34439 39
-4.26957 45
9.19529 21
-3.81855 81
-5.54641 2
5.54896 67
-2.41394 25
-6.86226 62
3.74799 12
-2.76285 13
0.127358 35
-9.15717 12
0.757935 10
5.08994 60
1.68355 23
6.05562 37
-6.21226 74
6.10667 28
5.52328 39
7.25986 78
0.147229 62
1.5044 34
0.815873 89
4.24863 75
0.147386 34
8.07764 92
5.80765 31
-8.4196 21
4.46521 4
-8.28476 63
6.8136 38
4.46546 40
5.46475 88
-4.29767 38
4.02173 10
5.58956 57
-3.7715 20
1.73661 77
6.87424 76
-3.46822 6
4.52197 14
8.15469 84
7.26423 3
-9.85343 58
-5.87606 70
-3.89782 11
8.40099 87
-8.16751 76
3.17621 11
-2.65172 84
2.01824 48
8.42375 27
5.45107 66
-5.04654 65
5.20822 30
0.690747 79
1.76932 56
-8.79254 70
6.64678 83
-2.11029 60
-8.42867 22
3.97546 66
6.98912 35
-4.44061 37
8.19326 13
-0.581799 27
-6.09714 7
-0.877067 84
-6.25057 29
-6.34205 27
-8.8284 91
6.64092 75
-1.55798 18
3.71107 22
-0.498 24
-8.57248 43
-2.99838 52
9.26879 65
8.34039 30
-0.609746 61
7.03568 14
-5.09909 57
1.90233 87
-4.9852 76
3.34265 20
9.72016 67
7.23435 80
0.591467 42
-5.66834 38
-2.9538 64
-1.49351 72
2.03147 15
-6.72983 3
-8.53682 58
1.53871 83
-7.7154 52
3.24878 85
8.12104 62
7.12641 19
9.48237 37
-7.81203 90
-6.55917 22
9.1528 7
3.6739 76
-0.597617 11
-8.57456 12
-8.08905 73
6.90399 41
2.28436 88
-2.21558 76
5.99259 15
0.510985 18
2.46388 22
5.76013 33
4.42008 58
-2.08368 26
-5.54796 37
1.15278 81
-9.40254 42
6.71776 69
-6.20761 48
-8.86167 91
8.72163 86
-5.32565 47
-0.903255 54
-2.85397 82
4.54124 61
2.09728 34
-3.45132 23
-8.23695 43
-3.2499 2
-7.02852 82
-6.19732 65
-3.38142 59
-3.25448 42
-2.41964 20
-0.284301 39
-9.03372 41
2.91307 35
-1.47259 36
-7.02929 15
3.01586 60
3.69796 35
-4.1426 40
-1.8893 5
0.771351 9
-1.06961 63
4.17574 67
7.72488 10
-1.99764 45
7.66426 9
-7.34138 24
0.711068 89
-1.28132 70
-4.79347 61
-1.23971 24
-1.66375 4
-9.23292 28
-1.2023 24
-8.3635 93
7.56267 80
-4.68567 65
9.11596 44
-1.40407 38
6.74327 63
-2.18063 68
4.48021 1
-0.399799 28
-0.658193 59
5.05698 48
2.41065 92
-6.0035 81
-1.87368 90
5.7078 27
-0.610254 34
-6.38323 42
2.81179 24
-4.68964 90
-3.81906 86
2.64628 12
8.75848 29
5.51117 25
9.59411 39
7.37898 91
-6.21812 84
4.48556 20
8.64782 10
6.16292 62
-1.05257 27
8.85309 3
0.363887 33
-2.04446 40
-2.63474 60
-6.90449 76
-9.55242 20
-7.49834 8
-3.12267 13
0.58379 46
-7.74765 30
-7.83161 40
2.50394 50
1.05683 50
6.89396 15
4.93413 45
2.45969 58
1.74275 86
2.37132 86
3.65236 82
-0.564402 11
-9.1 87
7.63408 41
4.23377 55
3.72938 13
4.54457 62
-3.74908 12
-9.4657 1
-4.65415 84
-4.54308 41
9.98054 45
8.03048 19
-3.42179 18
-6.66422 11
3.20502 49
7.76113 34
9.79191 39
1.16909 48
2.40677 3
-1.17538 41
8.65997 76
7.54886 30
2.57993 18
5.18429 79
-7.40479 58
-6.23912 68
8.84084 34
-0.816884 87
-4.0015 16
-7.28929 48
3.58612 9
-4.47979 11
3.00947 77
-2.50656 88
8.0393 18
5.98634 49
-7.57352 35
6.77849 11
-3.84601 68
-0.397462 89
-2.27658 58
-7.96242 9
-5.6952 60
4.10981 83
-4.51328 53
-3.67724 30
-2.64631 34
0.147257 39
-5.4551 91
-7.34089 35
-7.19527 12
-6.0906 43
-2.48404 4
-7.67429 84
7.68779 48
-4.98311 29
-1.63779 70
7.98811 78
-1.58041 64
-9.00564 76
6.63604 4
5.27311 35
-2.21253 10
-0.136889 87
-5.79882 63
-5.2632 37
-2.89715 31
-3.58515 76
-3.26995 88
-0.693859 11
-1.35923 38
-7.82001 56
4.38793 8
-0.212496 3
8.50235 52
3.59311 45
3.17836 40
8.67833 18
-0.810851 76
-0.0721958 86
-7.35825 36
-1.00261 51
0.161024 41
-6.15788 92
-7.99902 67
8.91236 79
-6.37153 56
-1.8355 85
-1.66569 13
-4.80426 37
9.70245 59
-9.57368 35
0.0871316 61
-7.42159 17
2.58117 81
7.75336 69
-2.5107 39
-6.9687 56
2.82831 32
4.97215 90
0.0374843 76
-1.20045 83
4.90616 63
-9.95322 92
-2.39471 16
-7.8833 91
8.10579 78
4.94125 6
4.61636 78
-3.64018 50
8.12361 79
-7.41274 15
-2.28796 18
-8.3444 65
5.34415 80
-2.56152 6
1.46157 11
-1.48541 47
-0.317252 69
6.18158 71
-6.317 83
-6.34427 75
-6.74152 76
4.83636 41
-2.47439 61
7.92856 26
8.9792 52
2.44969 66
7.54642 15
-9.98187 81
-4.59911 84
9.15776 90
1.32154 91
7.64316 76
-1.86921 87
-7.45341 82
7.72011 1
0.635368 38
-2.35496 49
-2.15335 39
0.469 62
-0.630388 39
-0.26769 83
-4.20489 21
0.272162 54
-5.08113 12
4.14576 19
8.50404 69
3.68347 93
-9.14076 37
4.58642 91
-9.17644 30
3.14399 13
5.8838 17
9.85121 83
-9.94092 49
-2.5231 90
-5.74297 18
1.28181 4
-4.8309 27
0.398367 81
1.17645 73
4.66536 62
-6.02124 8
-0.749167 24
9.32141 36
-9.33668 47
6.77411 45
-0.989556 53
-4.19606 12
7.29443 39
-6.72976 66
-6.41799 41
5.16232 69
-2.86766 53
3.73243 12
3.30297 84
3.67616 45
-4.3461 59
-1.39138 31
-5.53812 35
-8.74342 3
-0.627465 43
-9.6052 61
-5.3092 34
-3.31088 5
2.99161 33
8.54747 47
2.70349 89
3.00448 63
1.3978 65
-3.59372 81
-8.56329 6
7.34279 46
7.56897 29
1.73274 85
6.78061 10
-4.53794 20
-1.03526 45
5.50626 47
2.38768 51
9.81064 81
-3.38418 57
0.108289 29
8.158 77
-0.405975 73
2.03503 5
-1.11335 68
-3.99605 62
5.1143 83
-1.85625 51
3.41152 16
3.81711 55
-6.51498 84
-3.82932 82
1.48057 93
8.18962 56
-2.72927 23
-6.22095 59
-5.9964 77
-8.58566 30
-6.50196 28
3.62777 2
5.9517 93
0.706744 83
7.14016 35
4.3953 1
6.12357 76
4.19433 15
-5.86214 22
7.07765 92
-4.40114 76
-9.54048 44
7.2833 29
9.5038 27
-0.55814 29
6.19614 78
-2.69164 53
1.7961 15
4.15501 5
0.124113 57
-0.999534 92
1.50625 30
8.27635 40
-2.11393 82
-7.84124 34
-3.33784 68
4.99158 53
9.06766 52
0.412823 87
-8.91573 48
-7.76436 18
-2.8465 33
6.1899 42
6.37771 18
5.18281 12
6.92405 69
9.88335 42
4.94728 60
-1.0923 61
0.92303 86
-7.24246 3
-6.2758 25
-5.46951 90
-1.58813 71
-2.31251 21
-4.36496 86
-3.95274 43
6.3314 21
-4.40357 18
-4.09794 23
1.13867 8
9.95455 57
0.528482 75
-7.19355 69
1.07123 20
8.37977 57
-4.04033 11
6.60148 2
-6.36587 48
-5.25982 65
-7.68333 39
6.89169 11
9.02044 6
-0.450697 25
-9.08912 15
-3.28907 87
3.28662 69
-5.38788 10
-8.23947 26
5.59591 58
-0.845889 84
2.80038 30
5.84576 49
-8.48937 69
-4.28232 21
-0.148832 77
3.07456 62
-8.45784 54
8.2761 63
0.353294 46
-0.832537 37
-2.4321 7
-0.165029 47
-3.10182 47
-2.05011 70
-7.68042 89
-0.822244 66
4.87307 1
-9.46365 57
5.5232 81
0.269267 8
0.414721 82
-0.097534 62
2.87776 6
-9.19651 83
-6.25501 70
8.86045 15
8.57973 55
-9.1962 37
-8.49595 7
-8.7957 68
3.1194 80
-0.169932 74
-3.27196 50
9.86487 57
-6.03956 43
-2.35809 9
8.48709 61
0.462381 47
5.59136 51
5.81744 1
-2.90123 11
7.46798 11
4.13366 14
8.18755 64
-8.97332 27
-1.03609 86
1.03804 53
5.84279 67
5.26675 32
-2.4791 29
-3.248 5
-2.39649 26
0.686373 70
-9.72243 84
-7.411 66
-9.46909 33
6.0345 27
-8.68733 2
4.10587 65
2.36502 33
0.275728 81
-2.99916 18
-5.67976 37
-1.68565 22
-8.49382 62
1.65364 46
-5.13145 67
9.57715 17
9.15144 9
-8.86569 62
6.48431 64
-7.86147 30
-3.73802 91
-2.37133 36
-4.33204 43
5.12628 13
9.58969 90
0.0948796 44
-2.52456 92
-5.36494 39
-6.16608 63
2.37008 2
-4.10474 85
1.81432 19
-8.29965 74
-7.51201 51
-6.27889 60
-9.15092 58
0.032238 86
-4.88567 56
-3.22012 59
6.55678 81
4.21626 37
3.06865 37
7.32607 21
-4.27535 75
-2.84402 25
6.60946 70
-4.43728 11
-7.70293 7
-6.65399 32
-0.697018 2
0.346047 47
5.70544 87
-8.31067 19
-4.38602 34
-4.94089 14
3.99758 82
-2.89782 32
-7.20006 7
6.24018 6
-8.60454 26
1.05692 1
-5.00746 57
9.2336 75
-4.47744 74
7.12721 11
-7.90219 27
0.0103734 18
3.30722 26
-7.05644 34
-2.39153 25
-1.13775 34
5.65728 64
-3.84896 42
8.60268 5
2.05438 53
-8.31913 24
6.02712 21
7.65389 84
4.5038 24
2.45818 76
6.19715 14
2.47931 27
7.28283 41
7.78155 38
-3.17568 54
-5.1323 16
-0.230072 62
-8.77638 67
0.159287 58
1.72473 21
-6.56913 11
-0.0849042 68
4.74432 44
6.9417 78
-5.14219 65
-6.95083 82
-3.83834 33
7.29045 1
7.54828 41
-0.0747046 12
-0.950873 67
0.556558 23
3.25521 13
-5.34642 81
3.34333 50
-2.30829 46
-9.88995 7
8.5266 86
-3.06349 60
-5.03547 78
8.77062 69
3.74047 84
-0.925256 5
4.41449 52
7.86995 1
8.59813 9
-7.3056 33
-0.149383 26
2.02596 38
-0.561828 88
-6.55682 22
4.44933 12
2.61271 40
-8.85052 69
-2.17604 10
3.47337 30
-5.60422 47
6.01088 4
1.62907 39
4.9435 5
3.81242 24
-0.563501 19
-8.96243 46
-7.75823 1
-9.55483 26
4.05817 9
-3.29556 75
8.95363 78
-7.47544 40
-8.63684 84
3.23517 88
-9.39196 35
7.67715 33
8.95101 93
2.91106 61
6.27183 91
3.67425 22
-7.24276 17
4.49784 47
-4.03348 22
-4.5337 22
9.88071 58
6.50712 21
-7.878 30
0.697416 60
-4.75229 83
-6.30567 73
8.36162 34
4.17176 88
-4.54353 59
7.28563 53
-7.97754 86
9.66987 52
-0.422407 9
-1.09161 24
-5.63604 57
7.89958 90
-2.57872 36
2.52647 66
6.09896 68
4.05624 66
6.03128 77
-4.07396 14
4.34253 33
0.80631 47
7.29891 44
3.36047 12
-0.993408 39
-1.38317 22
0.202408 33
3.67284 20
-5.62608 6
9.43832 71
-9.25726 24
9.82482 83
8.99601 41
-9.01663 54
-2.54359 36
2.65916 64
-1.19222 87
-5.77699 65
-8.71478 88
-3.74644 83
-5.1841 20
-8.69275 1
9.95022 63
-9.11893 7
3.10104 22
-5.79912 40
-4.05243 2
7.60054 38
-6.24877 16
-1.67101 1
-2.96365 63
8.43237 53
-1.9698 5
6.12443 46
4.52604 56
-7.0663 43
-5.05021 64
-0.572993 21
1.76565 55
8.13148 3
-5.4837 44
-9.7633 70
5.58349 62
5.70022 44
1.55559 72
8.92662 42
-8.74787 43
-5.44537 61
3.68878 32
-6.7465 71
-3.78947 53
4.99448 68
-2.32191 78
5.21394 43
2.95854 56
-8.08462 75
6.62341 8
-6.15525 46
-9.70449 76
8.49099 52
-5.79892 53
9.50123 35
-6.86071 71
0.28169 50
-7.71516 8
4.19016 64
3.65492 73
-2.5321 32
-2.72807 78
7.30865 53
5.64852 85
3.70612 92
-1.16886 2
6.1229 87
0.667789 90
1.45588 72
5.01627 29
5.61486 12
-7.65692 72
-5.69456 52
-2.94783 25
-8.22577 2
3.64547 41
-7.52218 16
-5.34063 66
9.5838 89
-4.91342 34
-2.15805 68
2.21061 11
8.91842 20
-0.298511 84
9.153 31
2.54781 67
-1.85477 39
-0.639938 36
2.085 44
-6.69551 80
7.60276 64
7.55977 45
8.03936 5
1.97657 16
-1.24378 5
-3.99818 37
-6.94013 44
3.91245 88
-5.58029 30
-1.074 73
-2.90321 73
-3.25473 43
2.15179 20
4.6092 51
-1.83197 37
6.36917 75
3.84876 90
9.3149 75
-3.92954 5
-6.94641 37
-6.59087 1
-7.4389 2
6.19346 61
-1.13154 62
9.30136 67
-5.50549 71
-1.95598 46
3.98006 71
8.47741 78
0.474689 38
-9.32545 71
4.91711 91
2.42216 68
8.1628 80
-7.79945 72
6.18972 59
1.77317 58
-9.58814 86
6.33013 90
2.53129 90
-4.31677 78
-4.81077 48
3.80695 26
-6.77739 91
-4.71936 75
6.79998 50
7.65147 7
9.88212 91
-2.37597 24
2.95991 65
4.38434 2
-6.25234 21
-6.1452 88
3.85081 51
5.63899 27
-0.237041 72
2.04968 17
6.55329 15
4.13189 59
6.77815 79
8.26781 92
7.63411 31
-2.50012 91
3.63252 42
0.0653171 86
9.03092 74
8.76344 57
-9.79921 17
-5.92467 17
3.60743 22
-4.83691 66
-3.26592 48
0.60003 38
8.03569 75
6.4117 25
9.07407 5
7.40791 71
4.84647 75
5.53408 65
2.44437 88
1.48585 13
-0.0509459 55
-2.32113 67
6.21177 14
-5.97804 39
9.51649 46
-7.92431 11
3.78498 1
-1.37549 46
-0.292664 43
8.27116 54
4.59654 84
9.49017 17
4.22684 86
-3.01673 19
-5.43198 12
-4.32432 89
-1.90448 19
-3.19752 43
-4.198 76
2.07608 28
2.82907 62
-8.44128 31
1.58473 62
6.48499 5
-2.55159 60
6.32548 30
-5.60567 24
-8.03708 44
8.05223 35
3.52327 22
0.340486 55
0.497204 6
2.01769 44
1.42056 83
-6.1473 39
1.83608 27
2.62952 33
-6.7425 62
-9.86413 32
6.28058 54
-9.61283 26
-5.99556 68
7.58214 27
-4.4912 74
-6.30009 73
-9.18122 7
-8.04045 43
1.43145 17
-0.51697 27
-9.56995 44
6.04282 59
2.63919 83
2.97678 86
1.12582 78
-7.18948 48
-7.22187 4
-1.03796 32
-2.0025 93
8.33719 2
-4.23899 63
8.804 9
9.67139 34
2.52022 45
-4.25671 38
4.61463 51
-5.53548 48
0.172481 53
0.552913 46
-0.952267 10
0.651628 78
2.45548 45
5.69333 2
-0.767158 65
-0.412372 29
-5.81943 27
-4.36563 24
-4.57647 89
-1.76367 31
-6.46891 69
2.97035 54
-2.93734 32
-9.11601 3
-5.41982 39
-2.37579 16
-3.10543 75
-0.244532 39
2.02867 10
6.23851 69
6.62577 37
-2.29362 58
-3.59457 51
3.28231 44
0.287758 25
-4.68202 4
-4.80951 44
-2.12331 93
0.0554319 34
-8.79822 75
-8.09588 44
-1.97695 72
2.4027 67
0.285921 60
5.14834 47
-3.90128 85
-6.75299 31
-2.81578 14
-9.51783 86
-2.47815 20
1.44619 93
1.75185 38
7.53948 47
-3.92896 16
-8.24449 64
8.83425 81
4.27148 37
0.706029 34
-3.33229 13
-9.29206 30
-3.25695 42
2.84167 43
0.821584 34
1.50742 25
-4.769 83
9.32482 60
-6.78684 23
-6.48642 5
-7.93104 2
-0.422036 51
9.28924 21
4.86795 24
1.11193 3
0.351879 16
1.29222 53
-1.71686 71
8.54351 80
7.3482 20
-0.183191 29
-9.37682 59
-7.23522 83
-5.90206 14
-4.73766 46
-5.42155 22
0.163139 75
0.258074 83
2.01173 87
-6.20591 40
6.69469 84
0.421096 34
-3.75447 59
7.03622 15
-1.72253 73
-2.13016 20
-7.64031 41
5.8005 87
5.36911 59
5.4113 39
-1.82039 67
9.91731 32
-6.55363 20
9.58306 78
6.58431 32
-6.56831 42
3.50721 92
2.44843 92
-6.1326 60
8.65758 72
4.76899 50
7.40919 51
5.81147 46
4.88439 32
-3.01685 49
4.82014 42
-8.19581 25
4.30538 11
5.86404 93
-7.49307 58
-8.61037 77
9.8629 26
0.492716 19
-3.56548 68
5.3283 39
-2.77207 81
1.2232 90
7.95142 37
-4.12427 46
-6.41627 77
0.199521 19
-8.89454 24
3.98597 73
-1.66789 51
3.02717 52
4.57109 12
-9.27803 81
-1.40559 54
9.40413 23
-7.62311 45
-4.03546 65
2.05099 51
6.61537 4
-3.67507 20
-0.625628 39
3.216 60
4.44674 44
-2.69787 39
-7.6497 72
9.66821 51
9.52576 89
-7.8394 93
1.46083 91
6.42366 68
2.11896 21
7.65778 90
-1.55054 55
4.3011 21
1.10316 91
-5.59425 55
3.86174 74
6.72326 17
3.26333 49
-4.65689 40
-9.48185 82
5.71441 35
2.27486 11
-3.88684 75
9.38651 52
4.06017 16
4.12393 3
-3.78912 69
-6.84139 14
8.60053 77
-1.09806 20
-8.05513 88
7.04163 90
-4.29309 83
-2.79982 58
5.10094 21
1.9695 10
3.09282 59
-3.16081 27
-8.80525 42
-7.00535 13
-9.78959 39
7.30717 59
-8.01095 86
0.440366 40
0.541912 69
2.48322 91
2.06331 36
-4.20501 50
1.65249 58
0.779692 89
8.58584 41
-4.52833 49
2.54016 11
-1.2026 77
-9.39863 76
4.98201 55
-6.99887 27
-9.76478 38
-6.45017 20
5.13184 43
-0.417075 87
7.3431 77
7.16628 80
-2.64967 28
9.40315 48
-5.60604 21
2.69367 13
5.84366 15
0.582139 78
-7.96423 85
-1.21225 13
2.21092 90
-7.52816 39
-6.40606 53
8.28747 62
1.24673 18
-1.46318 8
-5.51132 23
-4.06201 17
9.71985 83
-6.47387 2
-4.60983 24
1.73057 34
-5.548 10
0.476176 64
-2.69003 45
-3.13823 65
-3.62675 23
-7.99008 54
-9.50236 79
-4.67286 2
-8.49332 1
7.93215 3
0.240076 59
-2.82869 2
3.91169 46
8.26653 68
-8.85018 80
5.37655 73
-6.1844 78
2.2145 33
3.13287 31
-6.35023 12
5.07812 67
-6.05589 48
4.90389 54
-1.5036 92
3.06619 5
-6.82794 73
-8.39256 44
-8.20271 17
1.74651 80
5.3963 49
0.0125534 84
-9.886 59
-7.39248 29
-8.26821 1
1.10236 28
8.16402 53
8.90194 51
9.7466 80
3.69229 54
0.530483 80
-8.86369 68
-7.02558 7
-4.17329 55
3.59984 34
-3.93743 61
-5.13161 84
1.74878 13
-0.6267 47
-2.18142 72
6.33214 75
-2.64103 14
5.73847 21
4.92525 84
-0.178259 44
-0.244432 6
-1.75744 29
8.97601 83
0.389618 43
3.80386 3
9.00548 48
2.0557 77
-3.99758 62
5.43596 88
0.320172 78
9.35449 70
-4.71592 50
7.57106 77
-9.63488 68
-7.53416 65
-5.48317 25
7.83696 2
-8.21825 62
8.86348 8
4.80365 21
-2.53468 59
-0.0682074 18
2.51483 49
-0.18878 79
7.35576 92
1.88077 49
-0.569033 47
3.74558 84
4.09008 6
0.262448 45
8.32822 55
2.43414 74
-5.27673 72
4.39045 18
4.33625 77
0.967939 15
5.75131 51
-5.75773 18
-1.62285 67
-1.4821 11
-1.12086 75
0.293905 29
-8.00646 27
4.45524 67
8.92999 85
-3.61983 55
2.42669 64
-1.19937 11
8.65561 48
-0.439676 64
5.94281 20
-5.97909 55
-9.32095 22
-5.95669 22
-7.43526 93
-2.6391 4
-2.14552 16
-9.71194 13
2.67085 39
7.15897 79
-9.49345 53
8.19091 18
-5.28123 60
-0.325271 55
-4.74217 78
-9.75686 87
-7.58142 18
5.37458 24
-3.69698 71
-3.69494 57
6.33225 26
-7.29963 74
-2.35868 37
-1.81245 88
-8.38186 68
-1.57302 57
-0.999334 80
0.258724 79
4.03794 23
-4.76544 69
7.31427 57
-3.80674 58
-6.69019 93
-2.41668 75
0.489127 8
-1.73933 27
4.99898 20
0.040204 34
-6.11775 9
-9.00345 85
-8.01457 71
-8.44653 53
-6.05555 69
2.99662 57
-3.37054 30
7.62975 18
9.89968 41
1.44794 76
-8.76374 15
1.99622 27
7.54315 63
7.19124 39
-6.86469 1
4.92612 28
-4.50518 40
6.98652 76
-6.66609 34
0.252084 61
-0.475142 50
-0.722978 43
4.51642 53
3.91017 86
8.78383 67
-2.41982 53
-3.09486 1
-1.53132 21
4.71632 76
3.43945 9
5.38495 44
2.10299 34
-9.18978 64
-5.70245 31
-2.62602 46
-7.0024 68
1.15376 53
8.0805 63
6.87956 24
5.66577 16
5.24565 22
-6.84588 37
-6.46116 8
-3.98373 23
-5.95122 32
2.50358 25
-6.46518 18
-3.82345 84
4.69966 1
-6.2397 25
-5.47824 47
-9.51638 37
5.59705 10
4.71364 66
-7.46335 65
-4.16725 23
-3.7001 20
5.454 13
2.36206 20
7.40082 26
-4.1125 1
-0.245961 63
2.55515 64
-8.11732 33
-8.78639 28
-3.1445 54
9.0381 17
4.47137 6
3.11174 28
1.37392 65
2.0015 18
-9.06488 4
-3.1144 85
-8.52963 38
4.07911 31
8.03474 48
-2.47098 86
-0.758781 29
1.01962 24
-6.60102 87
0.718894 46
-3.25661 63
-1.75213 36
-6.28042 27
-0.860884 52
-7.94496 24
-5.03535 40
0.0737084 36
-3.31879 93
1.00551 44
-5.93662 77
8.71069 26
3.42364 53
9.8974 17
5.74454 7
-2.17609 57
-6.44923 90
5.27352 77
7.54548 44
-2.32237 73
3.11421 91
-4.79043 29
8.76636 45
0.998695 41
-9.346 22
-8.09337 21
-7.22376 21
5.65756 16
-4.7347 24
2.06333 75
-9.42267 91
6.66282 9
8.60631 69
-7.68629 65
-9.89749 75
0.672807 17
-6.16332 18
1.85861 64
4.66452 54
-4.65581 93
2.42143 54
5.22984 44
5.70337 49
7.89246 38
-8.12152 23
0.928505 83
-4.12783 87
-2.55555 2
-6.61284 8
-6.66611 59
8.90218 8
3.39381 20
-2.34203 9
5.14834 35
-4.34978 22
3.81846 40
4.24663 26
-5.29583 65
3.91359 23
1.1518 28
7.25494 59
4.51315 70
1.69406 19
8.76575 74
5.02451 82
6.49784 35
7.75696 88
2.48145 63
-4.60091 22
-7.35077 29
4.34722 86
-3.22523 45
-5.15485 7
6.36197 22
-2.1792 6
3.94995 73
-7.98309 44
6.28479 57
-2.60875 14
1.71167 89
-1.75364 67
3.38348 49
3.10104 87
6.27985 55
-7.8016 14
2.82712 89
-5.62104 39
-5.95108 50
-1.3219 31
3.8712 13
6.94479 2
2.11431 41
-4.20482 56
-4.61036 75
4.3124 57
-1.47425 34
-9.94317 69
-6.68372 57
-1.72869 62
-1.5838 58
-0.666884 20
-8.05891 35
-0.541007 27
3.24439 51
2.74029 65
7.69699 36
-8.15046 65
-2.95665 64
7.53438 86
0.262105 41
6.97105 51
0.367575 5
-5.25362 36
8.66385 51
-1.67664 15
3.26226 89
-4.06323 90
5.43623 1
-8.82231 38
-5.07815 4
-3.43008 26
2.42614 69
-7.28424 77
-6.58726 29
0.216589 47
3.76488 43
2.58872 25
5.94876 63
6.69152 41
5.89249 73
-2.77927 56
-0.410371 18
7.54917 50
1.63811 24
9.88515 89
0.829597 89
-7.94163 80
6.1389 65
7.70886 60
9.49554 80
-8.53203 1
-4.36946 45
-6.90562 10
-3.72812 28
-7.12577 46
3.81124 79
-3.03928 15
2.14874 77
5.57509 50
-5.03176 58
-8.86623 61
-8.2276 4
-0.0231846 27
-0.585787 56
-6.89064 34
7.69908 23
4.05786 7
-9.67193 25
6.90511 64
4.42141 39
2.36989 8
9.17407 33
5.36444 49
9.15056 41
-1.90339 32
-5.7117 49
6.27798 65
5.92686 32
-8.92749 63
6.4438 25
-8.71322 40
-1.63071 3
3.93888 78
6.64 62
-3.05321 20
-5.32665 81
-8.44216 62
-9.42293 61
-1.72317 26
-0.190996 90
-6.71874 36
-6.70354 48
4.6401 34
9.72656 41
-8.15077 29
-4.58402 89
-4.46876 53
4.00958 26
6.48328 20
-4.66288 42
-8.2692 2
8.95558 77
-0.184692 65
1.11098 90
-7.28574 18
2.40524 41
-4.07512 84
7.28468 36
7.14466 15
7.35128 19
-0.00568012 41
-3.94801 68
3.94442 15
8.47489 76
2.74857 33
0.243664 40
-8.75971 71
6.42336 26
3.15343 51
-9.43423 44
2.9666 48
-2.44259 90
5.84911 42
-7.3463 54
8.51093 23
-1.17682 90
0.107667 43
1.90218 16
-8.99113 34
8.05789 30
-2.81796 47
-2.13577 17
0.541219 63
0.658176 49
-3.45753 19
2.51466 9
-6.4389 67
-4.81716 68
0.798805 8
0.185576 70
5.98877 48
-5.68809 4
9.92168 93
-3.77152 87
8.77269 21
-5.17348 6
-8.14791 54
7.74123 19
0.742925 26
8.1666 58
-1.59667 29
9.44981 17
7.59287 35
7.6125 69
0.766483 72
6.36066 44
-5.39616 9
-5.40949 70
-6.27984 87
2.75719 48
-5.86418 50
3.75255 76
-3.42004 61
-8.93766 51
7.5863 66
1.21091 14
-8.25404 34
-8.97153 26
-2.1128 40
-7.06668 24
-8.61599 91
8.92064 15
8.55086 30
3.08008 25
3.83154 19
7.38916 46
6.5056 42
-3.28525 12
8.70009 59
-3.10648 48
0.948426 43
-6.78109 84
-7.34141 33
0.47123 5
6.60461 72
0.0479341 46
3.11299 69
4.64873 91
0.134263 40
-3.39012 83
3.20242 89
-2.70881 15
3.65519 27
-8.47617 76
-1.33151 11
-0.597316 89
2.66071 35
-0.674303 81
4.24131 15
-8.08166 42
2.78806 38
5.85853 44
-5.23665 9
7.08035 17
0.548353 16
-3.6794 14
4.15478 92
5.15274 15
1.55023 42
-9.32625 62
1.65719 2
3.6343 1
-7.64494 64
1.97171 2
6.58581 12
-2.31931 49
9.12952 59
-6.31212 34
9.85976 40
7.91907 79
-4.92684 3
4.21771 68
-9.88703 85
-8.91531 66
8.72811 34
4.69825 71
2.18751 52
6.47321 35
6.03087 46
3.13727 88
1.89384 89
2.64856 89
-5.86292 56
7.85921 79
-2.05649 55
-9.40142 47
9.63281 50
-3.86979 36
-3.38644 64
-4.5397 6
9.91715 37
-0.41536 42
-7.1374 2
2.44138 8
-5.84898 92
4.87303 5
2.48748 79
2.08547 57
9.18078 61
-8.5194 29
-8.58811 16
-2.26027 78
1.19964 87
-3.42739 23
5.90816 20
-5.8241 12
-7.09634 24
-3.91865 60
1.16998 11
-0.175822 29
-0.352804 86
2.80441 79
9.31005 25
-6.20971 18
-7.02693 40
5.99682 18
-3.99118 32
-3.57386 35
-3.7564 31
9.59064 7
6.90185 31
5.33316 90
3.24542 18
3.05957 87
-6.97386 61
8.92838 6
-0.29731 71
7.08799 23
5.6262 37
6.50249 66
3.38408 72
-5.38687 32
-8.63066 42
1.22951 32
8.89878 63
7.47912 34
9.54593 32
2.41025 74
-8.874 79
-2.82757 18
-5.16539 82
-7.07052 23
-8.60846 23
7.20038 35
5.03168 14
2.59424 83
-4.06581 84
5.0692 27
6.52704 56
4.13442 67
-6.62698 2
-8.42121 50
-6.91881 43
5.89129 50
8.71099 23
-6.09958 2
-9.46923 65
1.65296 89
5.5772 20
-2.63994 74
-0.335264 14
7.13084 65
7.39779 16
-3.43994 88
2.43678 33
-1.53308 5
-8.57531 88
5.74755 32
3.31189 9
6.18619 80
-9.74344 29
6.40931 13
8.96856 58
-9.15965 31
1.08827 65
8.24375 7
7.44477 37
-8.70218 53
-4.96913 75
7.74545 43
2.42479 35
9.31883 21
-9.67371 19
5.52579 56
2.86995 3
9.33989 87
-2.46747 37
6.0501 72
-2.25402 19
5.45869 41
8.54062 65
-3.00705 75
-5.6973 17
-5.0383 10
6.59094 79
1.87652 10
3.35323 80
-8.96962 44
-1.45801 61
-2.43003 12
-9.88869 42
-5.48078 74
4.19616 41
2.57556 44
2.27457 11
-3.50032 10
3.9302 22
-8.22407 50
4.08913 52
0.694821 57
-3.80428 59
-5.1106 87
-3.96929 4
-5.2933 2
-3.46764 3
0.687474 31
-1.54281 2
4.90906 72
-2.78922 62
-8.64319 11
-8.05275 11
1.58243 13
-1.37179 82
1.74922 86
-4.08604 55
1.00069 32
-7.6327 26
-6.22806 19
-0.0294745 16
9.50146 8
-9.23018 25
-7.12356 25
9.94504 79
3.30413 93
8.74162 82
1.20282 85
7.38502 36
4.75516 1
-7.08651 20
1.12191 71
5.03822 39
-1.65879 15
5.74338 84
2.15249 81
2.43063 26
7.69891 89
7.22734 54
5.60471 55
0.684943 42
9.49573 69
5.36158 41
4.3346 26
2.45138 40
3.31218 63
-7.98386 80
-5.36965 65
-3.16266 62
0.248789 55
-3.27908 46
8.2472 86
-7.68783 52
-5.27555 93
-4.06712 50
1.19395 22
3.46253 52
6.14474 75
7.79427 87
6.81225 33
3.08961 6
1.21559 78
-3.73751 55
-3.69191 17
-1.41231 90
-0.903198 60
2.85775 12
-2.12118 12
6.7844 56
-5.99215 58
-3.98267 8
2.01051 91
2.51705 21
-7.48598 75
2.6997 46
-8.61646 92
4.29767 54
6.19685 11
0.42066 46
-5.11201 27
9.46861 63
1.17235 31
-3.42833 14
2.36596 17
-6.82353 37
-5.99509 87
-3.53254 74
-7.35408 58
4.99058 69
3.87988 19
-8.94496 16
0.237117 26
-9.20011 24
-5.64329 90
8.43615 2
-6.83854 13
0.298729 90
-3.16607 55
5.22968 39
-1.92135 53
-0.227363 82
-4.02907 81
3.03272 39
8.38022 66
7.54013 54
-0.557726 47
3.66474 50
2.90079 63
6.77661 39
9.18601 60
3.89957 30
0.751137 93
-0.141535 28
-5.50607 43
-5.72743 55
-4.08649 33
-9.40078 68
-5.28722 49
-4.01847 14
7.76891 78
1.39076 6
0.469207 66
1.78981 6
9.93897 60
-5.49093 86
-3.18919 27
7.34845 19
-0.843073 56
-8.37146 41
9.06208 58
3.74642 43
-2.73712 15
3.45411 76
-4.27636 83
2.96896 72
9.25546 62
7.12331 10
1.59036 89
-2.81693 47
-1.77644 19
3.21397 79
-2.3192 34
-3.92502 17
-6.36564 35
-0.508979 21
-1.23169 57
3.66207 73
6.38979 3
4.80249 8
6.11367 36
-5.91665 41
2.3622 63
0.118438 53
9.72926 27
-4.86974 13
3.50126 92
4.60549 30
0.403356 92
9.62644 53
-4.19171 31
5.83534 30
-7.71955 79
-3.93437 8
-3.83676 36
5.61681 44
-3.54596 74
9.93721 71
-7.82065 4
5.6904 7
-4.07286 13
2.82407 44
-8.27185 17
-1.08105 67
-2.45051 61
-0.783476 16
8.66689 44
-7.19082 25
-9.04172 2
3.36881 16
0.886692 72
1.88536 72
-6.50565 64
-3.41059 58
5.57083 22
-1.01698 75
-0.33046 67
8.66338 16
3.43732 82
6.10585 81
7.18948 60
7.16469 58
-5.28777 4
1.80165 92
-6.30301 9
7.72052 17
-3.09297 46
1.9462 61
-1.02801 93
5.59704 93
5.67961 58
3.9065 22
-8.70899 80
-7.40358 27
7.27279 45
-3.53861 35
-2.2891 48
-0.387555 75
8.70818 65
-7.55475 4
-1.85977 14
-4.28815 56
-3.65867 36
-9.37561 88
-2.08404 19
-2.66021 36
-7.93205 27
3.06074 30
9.38997 5
-0.262672 67
8.59653 81
3.03849 18
5.21181 68
-9.93193 6
5.69283 36
4.38552 3
2.8742 8
-8.10727 7
3.69487 78
-0.948657 27
6.61503 12
-6.08297 32
-3.53759 18
9.82428 54
-7.71973 2
6.66672 31
-1.1332 49
-3.05233 57
4.86725 67
-3.33657 9
6.56481 30
-8.02126 41
0.186455 72
5.0706 52
1.94118 33
-2.6459 74
-7.69267 63
3.91573 9
6.53892 92
4.7646 38
5.59855 70
6.96405 22
8.91335 41
-0.346743 75
-2.05827 71
-8.68923 32
-2.95531 83
-6.51189 57
-5.30768 85
-9.3326 20
9.00848 33
-0.203154 86
-6.32929 20
6.43626 56
8.06275 33
8.77349 50
-2.09585 62
6.12143 45
-3.6237 63
-0.899825 58
-1.0286 37
3.42239 38
6.90136 30
8.04978 81
9.45866 13
-2.89008 32
-8.79308 15
7.24159 79
-0.346106 67
4.72769 37
2.37743 2
2.15136 88
2.68027 92
8.71949 15
2.98909 19
0.343931 34
6.83686 34
-1.33181 12
8.31309 24
-5.73847 13
8.93975 42
-2.05852 82
3.53736 17
4.5936 43
-6.30843 75
6.73418 21
-8.54805 47
-2.06453 4
0.70407 24
2.02878 57
7.17439 14
4.1437 9
2.35029 87
2.80029 11
2.04176 30
7.24999 43
-6.7708 79
7.01282 51
-2.37412 3
-7.10274 7
8.72879 87
-5.10097 67
1.74288 74
8.16564 2
-4.35571 31
-6.75773 6
6.22303 45
4.49939 47
5.71786 89
1.50374 77
-5.86395 23
-5.59994 18
-5.61829 23
-3.94685 29
1.1326 61
-8.9105 55
0.363615 3
4.46353 31
-8.46821 22
3.24115 2
1.1741 37
8.98537 68
2.87197 10
-8.00764 83
-7.0744 10
5.37799 71
9.04956 28
-5.04621 31
0.671463 15
-7.92038 7
-1.64401 10
-8.69554 45
4.5822 58
6.47829 52
2.88778 33
3.31426 74
0.547216 52
-3.19888 90
1.7226 81
-2.18476 57
9.87998 16
3.1995 20
-2.84433 32
3.82036 6
2.65786 43
4.42902 28
-6.35725 69
6.68173 61
-1.38775 83
-1.58791 66
-6.78251 32
7.97066 20
6.67756 6
-0.816719 84
4.3178 5
0.518061 84
9.51293 6
4.64978 73
-2.13192 62
8.96854 10
4.3398 67
0.404343 84
1.47513 83
-3.57615 11
-1.2566 40
3.55012 93
7.83067 92
2.01946 33
-4.57793 39
-0.858812 11
3.49069 79
2.26219 80
-1.67081 88
5.08648 15
-6.44035 84
-2.28419 19
1.92442 47
-8.5104 57
1.79156 83
-3.58307 1
8.31549 84
5.34729 3
-8.40318 32
-3.45121 48
-5.4165 10
3.11963 65
3.65339 67
1.25619 81
1.21268 42
-0.873986 12
8.0931 88
4.49041 52
-1.95227 4
3.85452 17
-6.33417 56
8.06942 33
-7.78695 89
-3.58567 49
-9.07136 54
-8.23649 80
0.609122 61
-2.52142 74
4.41861 52
-6.89541 45
9.28618 90
-2.1294 8
7.87849 35
8.60963 26
-5.0379 76
-0.468481 84
-3.48709 11
3.25617 93
7.54533 89
0.632966 20
-9.21167 85
7.04937 85
-9.96547 60
9.40799 86
8.86921 10
4.48437 19
-5.09235 26
-7.27441 29
-1.77312 45
-0.24213 13
-4.35569 65
8.22962 63
-0.689213 74
9.37815 78
7.49107 31
-1.02265 22
-5.626 59
2.72687 75
-4.18661 77
4.97471 84
-8.90114 51
4.52734 5
6.01143 56
-4.29786 64
-4.3658 43
8.4383 19
7.28056 8
-1.04795 92
-6.14444 41
3.58278 23
6.28321 36
7.49058 12
-3.40267 50
8.73602 33
-3.37102 85
-8.70705 93
3.76222 81
3.87845 48
-6.43275 80
6.48286 87
-8.6584 49
-0.224447 24
7.98149 67
8.86618 82
9.69247 46
-0.105875 58
-1.81536 93
8.52005 15
-7.54358 85
-8.30979 7
-8.12406 80
-7.39673 88
5.95175 57
-7.49131 13
-8.43428 9
-8.34629 83
-3.21965 68
9.17429 30
1.42301 78
1.41416 15
3.52503 47
2.01553 65
-1.00963 90
-2.81038 27
7.99532 89
7.32387 68
5.51536 60
-5.16765 46
5.25204 13
1.58639 68
-9.17678 26
3.87253 24
3.89028 84
-7.85086 29
-5.36991 63
8.26057 2
2.74717 67
6.94722 39
-5.24837 74
3.99284 41
-4.74222 31
-3.86188 42
6.40456 35
6.86704 43
-7.33302 84
-0.650802 66
-8.0127 64
1.80955 52
4.12438 93
1.31466 3
8.76805 46
2.43178 71
-9.51727 3
8.87495 34
5.83362 65
-1.62661 32
-5.25612 13
8.91243 61
1.70601 10
-4.9618 23
4.60805 62
0.958897 58
2.01569 88
-4.31921 28
-8.11316 1
2.15299 6
3.68492 27
-5.0326 64
-7.0497 52
-2.22223 48
-9.00963 80
-7.13579 77
9.60492 90
5.49967 79
1.76195 43
-4.51449 61
2.40576 7
3.24151 34
-3.35972 45
8.86826 11
9.99411 49
7.68332 87
-7.05743 1
6.66738 73
-0.0396527 68
-0.862407 82
3.25507 26
-4.53891 76
4.4471 23
1.4437 51
-6.94419 11
5.14239 91
-0.902998 25
-8.13272 51
2.26334 21
-5.77755 32
-8.88672 17
-7.8136 78
-7.36783 36
0.17108 5
3.54768 19
4.00099 5
9.35267 49
6.142 32
6.43162 18
-5.48104 43
-4.68819 58
-1.43789 82
-0.399063 31
-8.39209 71
-4.58565 57
5.10169 34
-0.598667 64
3.26147 2
-3.3759 7
3.84706 40
-8.72927 67
0.507683 42
2.27247 88
0.909507 38
-8.79878 42
4.19328 3
3.09194 33
8.94298 56
9.59538 12
8.5328 77
-5.34857 35
5.4951 31
5.40517 6
4.41309 41
1.95654 76
-0.61387 84
3.1597 44
3.47965 65
-7.27452 55
-5.09228 48
-4.0823 81
-6.1507 60
5.17363 64
5.58323 27
1.47195 31
4.28106 63
-9.33192 66
6.56866 60
2.1254 39
-6.10682 90
-8.93748 57
7.74902 47
-6.60283 40
-5.22214 43
-2.50665 67
8.91118 24
5.4134 11
-5.11854 40
3.38745 35
5.39588 35
-2.98428 63
-0.674846 46
-1.4267 40
-9.12236 71
-8.76939 15
1.27662 83
-8.90133 15
-9.98594 78
-7.33712 44
2.32678 67
0.723255 5
-9.68407 46
-2.56483 10
-5.3546 11
-5.76998 26
5.71599 72
8.01452 16
-8.05608 89
-2.00217 4
-3.80769 2
9.79125 68
-2.45878 89
-5.51962 78
2.19702 68
4.08958 48
8.11017 77
-2.61621 64
3.27456 65
4.83881 29
3.67739 88
-4.23105 29
-2.32885 85
0.375838 92
2.02972 5
-0.891147 71
8.83475 73
6.60043 40
-6.5389 8
-8.8146 78
-7.23219 47
1.10324 12
7.71902 65
-6.81474 8
9.66457 32
-6.91178 18
1.43716 81
-1.30235 56
-1.5338 53
1.41506 78
-9.42096 6
-8.42444 21
-4.16868 54
6.34908 73
-7.05314 74
3.22969 50
6.73462 15
-0.100615 84
-3.84523 54
7.815 62
-4.3591 53
7.20449 86
0.738007 57
-0.122572 57
-3.88979 1
-1.96658 46
-5.90619 20
-9.00278 41
-9.8823 90
1.87198 8
3.57015 33
1.23524 56
2.43449 32
-8.16238 30
2.58476 48
1.75777 12
7.96627 34
-5.96827 66
-0.0803512 26
-4.57605 76
-0.0189103 2
-1.95863 57
3.00748 73
-4.70251 84
9.0143 5
-3.92768 24
9.9452 67
-8.24165 92
-9.20315 83
8.3336 12
1.46229 43
4.07619 35
-6.96649 28
-0.453471 63
-5.50773 19
-2.85235 26
5.57461 37
6.55333 61
-7.24434 35
-6.37952 26
-8.37469 5
4.59724 79
4.34651 40
0.915296 31
1.27476 78
-0.782218 85
5.06617 28
-2.21795 1
-4.56864 20
8.23151 64
0.0308656 31
1.4206 58
-5.39234 58
-7.35454 34
-6.08263 46
1.43278 63
-6.7573 86
1.21044 78
6.77025 43
-2.18183 67
2.95257 9
2.21967 76
-9.3785 17
5.26967 93
-1.82461 21
-8.57081 73
1.72955 73
8.42789 62
7.01349 82
-7.46853 25
8.83642 1
-6.67261 58
-2.54535 75
-1.78719 22
2.08942 54
-9.65902 72
-3.68904 82
-2.3521 17
1.03887 90
-8.36833 57
-7.49778 82
-2.20795 18
-2.09608 79
-1.94859 47
8.91354 6
-6.93627 1
-1.636 18
1.85229 36
0.0161701 24
-6.45094 50
-8.67248 78
0.68147 68
-1.73322 45
0.0471622 56
-9.37827 86
3.04295 8
-9.93626 14
-3.89838 9
8.94812 57
-7.25474 2
8.33675 73
-4.82479 55
-9.41192 48
-4.65736 90
0.0266771 49
8.33094 64
-2.39315 34
-1.48289 9
7.57936 62
1.86832 84
4.93002 2
1.62014 19
3.75889 92
9.92291 44
4.54518 42
-3.9463 58
-6.3029 6
-5.7357 90
-5.00791 3
-8.77555 16
-8.53479 11
-4.4676 31
7.6745 31
2.1681 47
-6.03347 81
-7.39367 88
7.50852 18
-8.40406 91
-8.46611 8
-9.77974 92
2.30952 16
6.54193 26
7.4718 39
6.21564 69
4.00312 56
-2.04859 3
6.70113 47
-8.83901 26
1.96098 78
4.38391 20
-8.32072 18
-7.55178 87
-8.15185 45
3.48495 35
7.79581 73
-3.61708 90
-6.97272 67
-5.79436 30
1.17022 52
5.26887 73
-4.77705 21
9.88772 65
3.03269 75
7.65856 78
-7.48043 58
-6.3712 72
6.14147 45
-3.28377 85
5.5213 15
-1.8985 25
-4.60011 16
2.71606 82
-0.136438 65
-4.27991 57
-5.74205 61
-4.09787 74
7.98934 29
2.09424 63
-8.82628 80
-6.43987 14
2.84855 15
-7.94061 75
5.55674 68
-3.56302 31
-9.72949 54
-0.779359 38
8.96621 25
-6.58003 66
-5.68472 32
3.54768 64
1.18383 49
-3.10819 84
-6.83403 75
9.18204 25
2.63943 63
2.02338 53
-7.7341 89
-0.846682 2
9.11666 81
9.18656 38
6.0915 88
-1.89256 53
-7.59733 53
1.04537 44
2.5705 87
5.03494 44
6.77902 66
-9.80337 73
-9.0225 54
3.16062 24
3.10054 46
4.42778 90
2.75468 24
-7.45022 86
2.45518 78
8.4822 77
0.574913 35
-6.6283 46
1.76144 71
6.74749 4
-9.53594 93
-8.47969 38
4.71725 36
-6.82647 83
2.61887 3
-9.55442 59
-7.2475 69
-9.11579 53
8.52082 39
-1.40918 12
5.59594 67
-0.789616 88
-0.326729 86
9.62477 84
-9.68006 93
3.3251 6
9.90302 93
9.98368 86
8.80171 65
-1.8965 82
-4.98679 25
-0.977269 60
-2.80971 62
6.12209 23
3.2872 42
-4.19462 86
-0.285959 9
0.05674 58
9.97686 64
-8.36286 44
3.86395 54
4.0945 84
-0.753427 90
6.13141 16
-0.467551 39
0.0898048 40
-8.45892 89
-9.11359 52
3.64777 48
-3.97371 87
2.99255 8
-0.535418 57
-3.71412 18
-0.686819 62
-3.62825 76
4.51007 50
1.12089 2
-0.567732 88
-7.66756 9
-7.39371 35
4.90972 13
2.78595 35
6.46935 53
-0.371073 26
1.47699 79
3.49881 71
5.81215 48
9.53041 3
-8.33749 41
3.29642 15
9.48236 71
9.8808 57
-0.762691 65
8.31667 66
4.85642 14
-9.60661 34
0.188649 86
8.25072 77
-0.383238 65
0.0599707 30
-4.42248 65
2.39304 23
7.15227 10
-6.47417 21
-5.86984 15
-2.25855 21
-7.52444 57
-4.46059 23
5.15409 75
4.85637 35
2.74295 21
7.71144 64
3.31302 29
5.66678 35
7.05529 1
-2.26367 82
6.41958 71
-2.37711 35
2.01493 53
-5.62622 66
-8.51367 8
8.74183 29
-5.40601 25
9.44844 20
6.19875 17
-2.54821 71
5.93579 84
-0.211181 57
9.70301 87
2.58524 79
-2.49449 81
-5.07966 72
9.16867 69
-0.827083 55
7.47457 85
6.93521 18
6.65441 67
-2.00988 24
-0.246619 59
-1.67701 51
2.9397 49
-9.90483 78
-1.84091 48
-2.26117 20
-4.22694 74
-1.13061 38
-0.363868 39
-1.88539 29
-9.5935 62
9.35241 7
7.78629 30
-5.91616 26
4.15995 31
-5.38558 14
-2.39046 47
-4.23313 78
-0.337293 37
5.43313 92
-7.41518 5
9.79584 50
-7.89427 35
5.24221 7
-6.81915 62
0.927061 66
-5.13731 14
7.04662 16
-9.1993 55
-7.04284 35
2.57277 43
-5.02008 14
4.11252 91
4.68103 88
4.15022 60
-6.65913 63
5.26336 93
2.80657 92
-7.99992 57
-1.30639 13
3.69499 12
4.22634 71
-8.19608 33
-3.88668 92
-0.64156 9
-7.63676 52
-7.9337 22
-6.11975 72
-2.15091 84
6.60199 19
-6.66208 89
0.476862 14
-1.47918 82
-3.75948 63
-9.385 59
-6.54807 13
6.51981 58
-4.04508 89
7.96893 56
8.05307 16
7.08604 12
0.283777 85
0.461681 14
-7.51134 17
9.4437 32
-9.20482 34
3.36214 73
-1.28092 47
3.6114 35
-8.91523 11
2.64142 55
-6.65345 18
-4.39952 55
0.0376344 25
-9.31398 43
-0.951316 34
-4.48361 14
-3.02271 11
2.68873 28
9.44948 11
0.788326 59
-4.42422 65
-7.24785 28
-1.47379 2
-8.00664 76
2.16328 56
-5.66072 41
-9.77956 48
-3.33092 63
8.5238 42
8.07852 59
8.51022 23
-5.72758 16
-2.49283 54
-3.79679 85
0.0529517 16
-9.13073 51
-6.64297 90
3.8146 6
-9.68488 82
-4.42278 40
3.36695 77
8.95273 18
0.34679 7
-0.605865 47
1.67329 12
-8.84209 85
-8.34576 18
0.712898 16
-4.91988 49
-6.77389 41
-4.39443 66
1.60926 49
4.89468 34
-5.43291 13
1.33076 87
7.346 17
-5.35777 7
-7.85307 65
6.22613 47
8.12513 47
4.05811 76
-1.99761 83
-4.41542 22
-6.30044 82
-2.2419 51
-9.54729 84
-4.49533 11
-2.40984 65
4.3643 48
6.93028 51
9.52056 28
0.200457 40
-9.51583 28
9.68283 27
-7.40709 47
7.74454 13
7.42874 91
0.816202 13
-3.57346 6
3.34901 47
-0.500859 76
2.33611 18
2.46919 30
0.930585 49
7.50606 33
0.747778 16
0.602832 83
-1.83665 42
-1.91088 72
-8.64813 32
-8.95099 88
5.00028 17
5.3396 7
-6.45241 32
4.36009 63
1.14801 78
9.4075 89
-1.20184 44
2.63761 85
4.33135 56
-9.63553 13
-2.49926 56
4.98919 91
7.27787 15
-4.53964 64
5.71859 19
1.87067 74
5.72207 84
6.06807 23
-5.81236 7
-6.2977 50
-0.987869 52
-0.4337 57
-5.32174 23
9.12267 47
-2.1283 20
-8.20177 93
-4.14954 93
0.460351 78
-0.259299 14
6.40242 74
-8.7411 77
-1.08972 65
2.57597 7
-8.96753 17
-8.0015 65
3.46533 15
1.34714 81
-1.18693 65
-1.12866 88
4.09683 74
0.6202 63
-7.43514 52
-2.93744 81
8.24051 64
3.95163 3
-6.97668 4
1.74826 71
5.75497 2
7.26576 51
-0.473084 69
5.26392 93
-2.96895 36
1.9586 57
1.21066 35
7.54286 54
5.07022 89
7.45419 82
-2.0859 22
3.31952 90
-3.10188 43
-2.71878 29
-0.566131 10
-7.94236 41
-1.13036 44
0.923016 66
-6.67914 39
9.40275 32
-3.30468 50
-1.35869 39
5.70434 22
-6.13708 51
-9.6573 25
0.877371 54
0.767641 30
-4.14002 75
9.00447 49
-2.04607 20
-8.80557 49
-2.8421 33
-7.56379 63
8.22206 86
7.59456 63
7.18571 27
4.2922 62
-0.290241 88
1.30869 90
5.7378 64
5.15377 37
-3.76133 54
9.04782 28
5.66611 28
0.780636 7
-2.30577 30
-0.746837 84
3.87144 67
-3.47557 55
8.23874 72
-4.23388 69
6.17322 57
4.18508 54
4.98764 2
5.31318 57
-4.18028 65
-7.65719 33
-8.10433 35
-3.59461 72
-5.33993 62
-3.40144 55
0.707916 62
4.83748 90
-6.9394 57
8.56936 54
-5.7647 82
-2.69781 1
-3.02562 61
-0.571035 31
6.84561 42
-7.0551 41
1.38331 64
1.93124 34
0.423391 51
1.2285 85
9.497 89
4.23729 31
3.68112 9
9.46184 12
-7.81321 17
8.0935 71
5.71879 17
-8.02536 88
-1.04116 44
-5.63642 45
6.49808 10
-3.4235 18
3.84876 8
-6.77981 36
9.23541 58
5.01112 38
-1.5575 34
4.77889 31
-9.04943 28
-2.12717 30
8.60359 4
-9.95738 63
4.72296 46
-4.9386 37
3.78729 78
-8.64372 44
-4.49301 81
4.9106 93
7.35013 64
6.16913 58
5.59424 30
3.71226 74
-5.6949 4
-6.70874 18
2.19239 16
-0.53634 39
-2.11568 79
-1.72131 17
7.71004 22
-0.908831 30
-3.86954 47
9.36781 19
-6.26899 55
1.88614 81
-6.69572 69
8.11841 62
9.07805 59
-2.38691 9
-6.90512 22
8.69746 27
4.59926 66
5.46146 34
-9.70168 28
6.00062 52
-8.80114 30
-8.87171 60
0.363458 70
-7.65169 59
-4.80391 40
-5.78188 12
-6.19196 5
-2.48919 74
4.54342 39
-4.92062 50
1.25679 11
1.07336 12
-9.25593 38
-8.43895 29
5.64358 51
-8.323 3
-7.1649 72
-0.70358 4
0.302475 14
-7.82657 63
0.329764 30
6.28334 29
1.547 93
-3.09204 20
-6.89489 88
-1.34015 66
-7.00084 72
-9.22011 28
7.13591 80
-3.0098 2
0.928891 56
4.08949 4
1.88623 28
-6.77629 66
-4.35642 75
-2.38705 44
-4.65997 5
-7.33457 77
3.20732 61
-2.85603 60
3.63752 47
-7.56585 89
-7.40085 44
6.36525 32
-3.18695 50
-8.77988 10
-1.13541 6
-1.89587 6
8.60652 52
0.72116 61
5.78879 92
-3.45121 20
-9.98322 79
-1.85739 25
3.70579 24
3.92684 30
-6.96095 7
7.57112 63
4.37866 78
-4.90587 85
-0.898274 48
-0.94825 79
1.50386 66
3.55161 30
-8.45916 47
0.84971 18
7.59378 70
5.72801 89
1.57435 44
-0.648865 63
1.95498 56
7.10364 9
-9.0708 4
-7.77968 45
5.13413 51
-5.6951 72
3.33353 58
9.30816 57
-5.37513 40
-6.77535 46
-7.82667 42
-0.649272 31
-1.00933 51
-8.26065 70
6.69149 5
7.44442 83
-7.49188 48
-7.0958 44
-1.14869 55
-3.79026 72
-3.09946 47
0.293068 70
0.0175282 15
-2.31354 60
7.18122 85
6.92714 26
8.85909 81
2.88758 42
2.89997 75
6.38012 24
3.29379 83
1.13721 75
5.82329 84
-8.00498 12
-6.45029 32
4.35633 25
7.92487 2
-3.15864 79
7.59688 29
1.47042 72
5.83689 17
-9.003 17
-2.26137 69
-7.30455 83
0.0659961 14
-7.57002 30
-5.11103 54
0.185368 10
1.17804 76
-9.23199 46
6.7212 3
-0.642389 93
6.0326 13
-8.98786 60
-2.19131 7
2.38131 56
-9.47367 16
9.3893 28
-2.47153 24
3.66372 1
-3.14127 16
-6.04953 25
-1.78011 24
-2.08434 34
-6.82831 80
7.77951 59
8.81313 59
9.34602 57
5.39456 19
-3.23232 16
-5.90672 70
1.54604 86
1.61224 70
4.20561 31
-4.35859 5
-2.69663 33
1.75583 70
8.9416 72
-8.55982 50
1.34235 37
0.23027 23
7.65332 22
-1.91531 33
6.10103 88
-9.61169 56
-3.09382 56
2.84961 65
6.11511 58
-6.11871 35
0.416408 1
-1.45577 34
2.32222 15
-2.77388 65
7.96472 29
-9.71643 11
-9.59888 65
-0.795298 33
-7.53555 88
0.029722 28
8.36342 43
5.46152 21
1.28383 76
-9.66975 10
0.636783 85
9.46064 38
4.45887 23
-2.22907 6
5.22133 35
-4.86628 75
3.16115 56
-5.33723 82
-2.99609 83
-1.50567 39
6.85671 15
-6.93789 65
-7.76123 11
-3.32235 48
-1.044 75
-2.54503 72
-2.21109 22
-4.81847 43
3.46403 48
9.97055 14
6.11465 12
-1.45168 34
-6.56057 39
-0.114438 80
5.70591 51
-2.67512 59
3.57571 46
1.83592 72
-1.36549 67
8.45241 53
-2.68201 81
3.13821 21
-6.49076 11
3.38349 83
4.58624 27
2.64851 13
-2.78689 19
0.984485 66
-1.98765 54
-6.04696 2
6.57683 28
-0.6043 67
0.895112 11
4.3744 23
-0.923126 6
-0.4111 81
7.07689 76
-6.52556 47
3.84524 5
8.41072 72
-5.46134 81
-1.17844 80
3.71952 9
-8.11515 38
1.12742 91
-3.68053 48
4.20145 27
1.64264 33
-9.24206 42
-1.13568 42
-2.47699 62
2.62422 73
6.21195 20
8.2929 50
-3.0253 2
4.74173 21
-9.98538 9
8.83109 15
-7.35272 77
4.35115 86
5.16695 88
-0.644784 38
6.19848 76
0.843342 68
-3.80083 57
2.82655 10
-0.757973 46
3.56573 62
-3.52674 18
9.38964 60
3.74631 28
-7.04797 33
2.90102 42
-5.78304 25
4.81974 13
-4.76279 16
7.84822 32
2.95124 78
-5.62755 82
-7.37842 7
-9.37172 51
4.80128 22
-3.72889 1
5.02719 13
9.25478 9
1.74336 56
0.530383 60
-0.846017 72
8.4035 33
-6.51111 16
3.6651 26
3.32806 45
3.16594 62
5.87173 16
9.74687 36
2.46067 1
-5.15375 53
-6.2309 12
-2.02087 46
-5.80553 71
-5.88398 53
-5.89791 1
3.38279 79
3.93239 40
2.76025 58
-3.16287 93
-5.0627 1
8.72156 76
6.06351 4
8.12618 35
-3.22842 41
1.90874 58
9.4332 28
-0.89991 44
-9.4851 8
-1.07164 8
6.34818 13
8.29673 27
1.91429 51
-3.95943 71
-7.38631 56
-7.56791 44
-2.59799 66
-0.131971 22
8.80513 30
2.74171 55
6.1969 66
3.36294 1
-0.78785 2
8.25026 5
3.92129 46
3.79028 38
-5.66372 41
-1.94112 85
3.33108 16
-3.34272 49
-2.64524 65
3.82738 93
1.77077 79
-8.29523 14
0.509534 48
-5.27162 77
1.57904 24
4.03242 84
-7.70386 53
4.01537 35
7.47942 90
-5.8271 32
2.44575 64
-5.20914 16
5.1276 88
-1.60253 35
1.04591 33
-8.63832 56
-2.56292 36
-9.46771 65
6.36207 60
5.68669 86
-6.19217 72
3.06168 90
1.00817 75
3.50039 68
-1.96283 79
-2.23813 52
-3.78737 93
-3.97444 71
9.96573 54
4.61117 67
9.77613 50
5.89734 2
0.485239 53
7.47228 37
4.79015 88
6.08804 16
5.10909 52
8.6218 13
1.68702 68
-2.84886 36
-1.01912 62
-2.61389 56
6.22882 32
6.99457 58
-8.36686 15
-1.6637 9
5.96328 1
5.27721 2
3.44639 2
-3.81571 66
-1.08926 87
6.07616 74
-5.63286 7
9.563 54
2.35583 16
-7.63961 58
-3.96151 44
-2.95786 4
9.69819 6
7.16505 16
-0.887645 6
5.60609 54
-6.50807 7
-4.05529 38
-7.16793 29
-1.7614 64
2.07528 29
-4.76392 21
-0.303535 20
-1.00095 73
-1.01533 6
7.86582 12
-7.5977 66
8.92032 24
-1.49834 74
-6.62918 92
-5.42227 30
3.98285 46
6.449 30
5.51807 65
-5.9942 58
4.26475 52
-1.37311 25
-8.9814 49
4.7252 64
3.51746 13
-4.86385 75
4.10562 27
-6.25206 66
5.13076 20
-1.15236 19
-0.323842 88
2.4707 78
-9.89556 61
7.36376 75
0.156864 93
3.27361 91
-0.722664 8
-4.15168 29
6.45501 73
-3.16249 60
6.63998 86
-5.94283 90
-1.87474 20
-9.39056 13
-4.10985 53
-0.960644 48
3.99515 69
7.05707 74
8.23881 3
2.74626 28
4.44466 20
3.67366 49
9.2368 69
-1.16598 31
-0.114717 7
9.12474 57
-0.198787 17
-9.5421 31
7.0502 71
7.62604 13
-4.48509 77
0.52999 30
1.51906 11
9.0465 15
-2.15144 82
9.56968 14
8.41523 7
-3.83854 92
-8.75869 78
2.69714 85
-4.20548 37
2.69973 66
-3.00931 42
4.51997 61
-3.31318 30
-2.64283 15
0.217661 1
6.24372 59
0.184411 39
-5.9386 16
-9.40861 39
1.14768 32
7.00793 89
3.58409 17
-5.27072 13
3.39002 2
-0.180461 78
7.1656 64
-0.853036 42
6.28322 18
2.54063 26
8.50124 75
-5.40698 27
9.19089 78
-5.27125 70
-8.71232 86
-3.74587 44
-4.16032 25
-3.85259 68
-1.38916 49
-2.955 81
1.87795 69
6.14562 15
2.62582 73
-8.5494 59
-3.97538 19
4.89885 75
6.31489 60
-8.12719 18
1.38231 30
5.69036 9
-1.77591 37
3.4958 81
1.27821 87
-1.71128 85
-2.92809 91
-1.10715 36
-8.06638 89
-5.15162 40
-9.26561 77
2.05031 11
-5.146 87
-2.93435 52
3.4398 38
-3.71372 7
2.59459 78
9.42437 81
0.120225 33
4.02591 64
-9.27391 65
-4.6867 47
-5.40409 15
4.0629 30
3.56679 39
-3.65108 69
8.86116 57
4.22231 84
6.47119 21
9.08217 46
-9.54326 13
-8.3196 83
4.00384 68
-8.60678 24
3.88183 4
-4.34597 39
3.79088 48
7.93998 86
9.42087 22
-7.10875 26
3.33042 17
-8.15251 2
8.56692 83
-7.42561 92
-3.48684 42
2.75542 21
-0.0321048 11
-3.93583 19
9.31572 8
6.94267 46
2.19784 82
-9.30969 25
-6.57178 70
-4.92144 22
2.17595 33
9.53433 78
-0.061653 85
-5.76729 24
-4.53305 87
2.66625 35
-0.669572 24
3.19205 82
-2.64281 34
3.30137 47
1.74227 80
-3.25896 45
-7.59036 43
4.47585 62
-3.02118 64
-8.67172 38
5.25585 62
6.88487 80
-1.28592 70
-8.75931 7
4.03123 77
3.97089 47
-9.88087 67
3.35872 13
6.18157 87
2.92139 30
-3.81691 93
-5.44006 62
8.0101 51
4.77962 55
-0.754099 29
-5.69336 12
1.05489 71
0.347862 9
-7.45951 15
0.292389 88
0.970848 72
-1.94765 68
-7.21705 90
3.72558 90
1.15494 37
-1.29524 80
-5.34259 2
-6.83614 28
-2.11416 75
3.56174 75
0.424813 50
-9.23109 6
3.84301 89
-0.0633113 16
-2.62349 60
-4.22491 38
-6.00995 31
-0.272214 38
5.27701 64
-1.46802 87
3.58769 51
-2.5182 76
-1.54876 57
3.64132 19
1.51443 72
5.94867 27
-5.12957 78
1.63256 39
-4.74573 19
-3.74592 63
2.16084 82
0.845429 69
8.6595 50
-2.68887 55
-6.27237 20
-2.11924 34
-5.67268 6
-9.69471 64
0.991333 57
-5.55775 25
2.90147 14
8.94783 70
8.86435 40
2.09933 80
4.2886 58
5.09439 72
9.25468 47
4.35914 57
-7.82551 24
4.98127 34
1.84998 91
1.42038 84
8.53732 13
-1.60216 8
-1.46825 39
5.92258 11
6.91762 85
8.24146 31
9.39728 21
-1.43399 5
-0.943811 22
6.00918 36
4.71322 9
0.199135 66
5.50558 32
8.60854 80
5.61322 66
-7.98382 65
4.46635 52
-8.31677 80
-1.3593 33
-2.91615 19
-3.03419 37
-3.15439 20
2.88945 86
-5.13929 28
-6.67236 70
-2.10723 49
-5.2003 89
-2.36769 19
-4.25261 70
4.22174 25
-5.55612 3
-1.17724 69
-7.07837 33
-6.85923 81
-9.65034 55
7.57964 72
2.58604 77
7.13886 75
-2.53604 31
-1.36249 89
2.11887 23
-2.57715 3
6.30465 23
9.54581 18
-9.04718 75
6.2867 24
-5.01971 90
-4.60577 55
7.76441 38
8.1896 65
-3.73644 56
2.43321 74
-6.75822 54
-3.48662 76
-9.25647 3
-4.07514 78
-0.360609 69
9.92669 42
3.88481 3
-4.29223 31
-7.59813 11
5.15479 45
-3.7571 65
8.79645 61
-0.455415 42
-7.3875 12
-6.58922 2
-7.03862 62
-4.75555 2
0.556887 71
-4.24862 78
-5.0459 3
0.414299 63
2.99034 19
-5.40543 16
-4.50956 43
-2.30598 67
7.33302 12
5.61684 31
7.10358 21
9.45369 67
-4.83681 88
-6.72305 1
6.04871 78
7.5876 83
1.49743 48
0.24826 75
1.07517 66
0.144498 88
-6.91827 81
2.61568 66
-6.21676 35
1.47238 81
0.385694 81
0.535187 70
0.461409 24
-5.40522 11
-5.43448 76
8.08263 63
4.16198 41
-1.50013 73
-1.63144 12
-2.87228 14
-4.25922 11
1.86108 18
8.04331 7
5.97045 31
-7.38502 28
1.61017 20
-6.32097 40
-4.94343 78
-5.84181 32
-4.25723 68
9.13274 24
3.70115 16
-8.38543 13
8.44469 77
-7.30594 38
7.67564 55
-6.132 1
-8.60611 16
-0.737374 25
4.73546 88
8.9845 8
-3.36279 67
-5.26293 48
3.24071 65
-8.34936 65
-3.62055 59
-8.6119 43
8.4224 38
1.85406 5
-0.947706 63
-9.35538 45
-7.77328 80
6.30905 19
-3.48271 40
-1.84029 80
-2.24363 5
7.2842 7
-3.59244 34
-1.66196 84
-6.11248 80
-9.07134 62
8.23942 74
-1.43484 29
8.49945 35
7.53378 61
-5.31127 93
5.91508 68
-2.84566 62
6.37394 91
7.58036 23
-4.9598 13
5.02669 86
4.17402 25
-0.333191 2
4.63853 29
2.82091 72
8.54974 45
9.86347 77
0.210535 89
-3.40669 37
-9.56083 52
3.46961 34
9.70513 32
-9.30933 22
5.73974 3
2.96492 48
-6.2736 79
-7.77287 63
4.97937 29
6.43721 78
1.19085 15
-3.76092 78
0.69718 86
-0.789866 56
-5.03766 11
0.977423 19
9.4707 42
4.41808 47
1.59079 76
0.401112 44
1.04837 70
1.3846 21
8.38745 27
-7.90345 79
8.90484 13
-5.26836 1
6.31742 31
9.11668 53
-3.67432 92
-4.96803 21
-9.67033 7
2.24864 25
1.66637 36
-4.43999 16
0.783981 60
-1.52092 39
-0.0547056 14
2.11328 2
-9.49564 66
-9.29102 47
3.33867 39
2.79397 21
-2.15251 3
1.11184 69
7.95684 75
-6.68776 75
7.13239 58
9.59199 30
-2.97619 11
8.16191 57
-2.46967 49
7.1448 16
-0.762562 40
-3.94719 59
4.73326 67
6.8502 7
8.95173 54
-0.237641 18
3.26709 54
4.07433 26
-3.64864 78
8.32021 50
1.71014 11
-3.66662 48
-0.557626 79
2.22295 5
5.54216 16
-6.20805 89
4.3428 39
-9.49738 9
8.27164 58
9.73163 44
7.26029 91
-6.67192 9
-8.94527 11
-8.71925 11
8.62509 41
-3.53565 21
2.9225 86
1.80236 31
3.43704 27
0.37934 18
1.55518 42
-4.51475 19
-6.5342 22
3.2358 69
4.88449 88
-5.10393 17
-0.138862 5
-4.36785 37
7.64396 33
-3.61953 73
-0.0114697 13
-1.30987 77
5.46994 46
-9.90819 8
4.07974 58
-5.14736 28
3.4306 83
4.515 37
-1.07766 91
5.77474 59
-6.72871 57
-5.44942 42
-5.38919 17
8.23302 32
5.84211 5
5.00569 19
8.51974 72
-7.15311 32
7.53797 84
9.01836 73
-7.43233 30
-0.651717 86
1.44162 21
4.80012 57
-2.51649 16
8.29232 93
-8.43685 63
5.86457 68
5.39525 79
-5.73511 19
3.56549 70
-7.29212 74
-5.9518 59
-4.86513 5
1.7983 83
3.06488 79
4.82552 32
7.95163 22
-2.05242 61
-4.37105 58
4.12933 71
-9.37307 44
-5.82827 17
2.01943 31
6.0382 34
3.11762 35
5.25723 39
-8.13503 26
-7.38178 69
-5.54002 46
4.15275 8
-7.06899 73
-3.79744 72
1.07516 65
-9.34083 60
-0.362739 82
7.28506 10
-8.36547 45
-3.23248 87
-5.81433 38
3.01544 65
-7.77836 6
1.56587 91
3.56119 45
0.823964 10
0.300959 34
-4.0328 4
-9.73283 28
6.71673 79
-2.92639 58
5.63582 6
-4.86792 86
-8.31014 12
4.71331 47
-4.60613 10
8.05343 87
2.64133 76
-4.85581 27
6.70385 88
7.26458 29
-1.43706 77
8.07763 24
-5.52929 20
6.76514 45
6.41072 43
6.97041 40
-3.41733 78
-0.755071 15
-9.00631 9
7.02519 55
6.1457 75
-1.7817 81
-4.84636 62
8.94225 28
3.56028 56
-4.53814 93
9.86082 48
0.692606 91
-9.15051 18
-0.15499 28
6.26008 43
-4.20907 13
-1.09322 84
4.99439 44
0.342358 88
2.52592 34
3.8362 5
3.8515 9
-2.92644 54
-5.60105 19
8.30522 35
-3.77496 43
-2.58126 92
-0.738546 74
5.56169 54
-3.06772 74
5.94202 80
4.25615 49
-6.1308 35
-4.40523 41
8.95862 64
-4.20807 83
-5.00904 49
-8.53361 91
3.50246 35
-3.08461 85
2.07267 64
-1.43804 90
-3.21526 5
5.49543 48
0.384529 4
-7.77293 10
-9.629 34
2.71299 59
-3.2516 64
4.05022 53
4.20225 47
2.5906 92
4.85336 4
7.45203 36
-3.61683 63
9.54445 87
9.77938 89
5.3311 63
1.48861 10
-2.6851 73
0.995979 43
1.24018 69
1.34933 44
-6.3263 93
9.97365 73
-5.08312 54
2.30026 74
-1.01284 9
3.58896 87
7.48375 51
3.95282 13
0.51388 25
8.44938 34
-3.16845 64
4.52893 36
-1.136 60
-0.896823 1
4.98537 40
4.37049 44
1.56949 77
8.13381 62
3.6781 49
4.01105 41
5.8408 64
-5.66023 69
-3.20054 74
-6.82342 82
-8.13939 84
-7.19237 38
1.25045 14
7.65949 86
1.0873 50
1.7763 69
-8.88705 80
-5.64856 81
3.72321 22
0.165326 81
0.106144 28
7.48848 63
-9.27869 79
3.38428 71
4.62511 31
-6.89693 84
-7.74712 64
5.78927 85
-2.60977 74
-8.43845 63
-3.35866 6
0.010888 34
6.4946 62
9.52511 69
-8.89577 7
-8.95106 33
5.67638 22
3.67741 23
0.704842 2
-6.69568 83
-0.0552917 47
-2.27032 1
1.5878 74
0.760558 53
1.82597 84
-7.78533 78
-8.89196 33
7.58363 12
-3.6523 84
6.50556 85
-4.94316 38
-0.80306 51
-0.0722672 39
9.2111 10
-9.77149 89
-7.83037 39
8.18054 68
2.6588 4
9.38966 9
-6.01325 5
1.37383 15
-8.31443 62
3.5577 44
-6.94883 63
-9.49935 78
8.60738 9
7.18245 11
2.26381 46
5.86625 45
-2.80449 3
-2.5337 32
-0.226563 25
-9.69281 18
-0.924713 31
-3.31942 2
-6.27329 90
3.67169 44
7.35752 5
5.79249 72
-8.50342 25
2.88072 43
0.275714 86
2.47297 75
0.193459 1
3.14812 61
-0.693316 16
6.29773 79
-9.17551 21
-8.38028 40
4.50987 42
-6.30658 68
-2.58352 83
2.6694 38
8.07902 50
9.52957 11
-5.7101 25
0.269767 21
6.46003 12
2.66992 3
-3.15068 86
-7.68426 75
3.12288 31
-7.51748 77
-6.91191 70
-1.9398 49
-5.94424 48
-4.93295 18
-4.74848 52
2.49795 42
-9.76475 46
-4.01552 88
7.30133 44
-4.8578 59
1.28281 56
1.50326 67
2.00192 36
2.1165 48
6.98622 88
-9.30701 76
1.33262 73
-0.45064 18
-2.88877 87
3.80933 85
-1.24104 46
3.31764 44
2.80064 55
5.55146 1
2.97914 24
-1.15726 63
-6.1715 38
-8.57058 17
-3.4351 83
1.82154 36
0.807968 33
-7.30648 32
9.35128 67
-2.17439 44
8.67428 20
-6.75263 11
0.195175 85
-5.92073 84
6.63853 19
-4.54599 28
5.1553 68
6.74241 82
-4.00422 6
4.41747 62
1.51171 16
-4.83759 15
-2.32491 31
0.903503 30
-6.10169 30
-2.29778 58
-2.7385 92
-4.86756 55
-6.5855 3
3.99626 25
0.789134 73
8.12292 61
-8.32712 18
-5.8437 56
2.57123 80
2.07448 56
-0.907044 23
7.84779 28
-6.13602 88
1.44372 30
-2.28057 12
-1.5222 4
-3.4438 51
2.8102 65
-2.72783 2
-3.52105 33
-6.0988 33
6.65881 92
8.02852 85
-2.13416 10
-3.21359 36
-6.49517 46
6.83074 17
9.76411 84
-7.11158 82
-0.820386 4
8.6304 36
-6.80474 30
8.17637 6
-5.37114 65
-7.15115 33
-3.9316 79
8.02775 69
-3.48485 85
-7.46432 84
-5.45139 2
-6.34435 1
4.19818 33
-5.71626 45
8.49814 29
-7.44019 13
1.31498 60
-6.96583 27
8.10305 21
2.19039 93
-7.05735 33
-5.02497 62
-8.86904 9
3.72855 35
9.67468 34
7.44347 18
-3.56962 33
9.53737 3
-0.979906 49
-0.320153 33
-8.06863 47
7.49717 88
8.35772 21
3.9603 49
-3.14123 72
5.75902 61
-8.45724 36
-9.05468 36
-7.89471 84
3.96325 62
-8.77775 22
-8.61873 67
3.75992 80
2.20718 21
2.4064 45
-0.101437 14
-3.99187 78
5.14853 73
-0.518485 55
-7.072 80
6.09974 42
-8.12873 6
-8.46681 36
-8.62745 46
-7.03438 40
9.09626 72
-4.18345 54
-6.70679 72
-8.9741 75
-4.28308 60
8.39202 40
-4.29754 37
-7.48665 14
0.0111954 56
8.45728 17
6.09505 3
-6.87451 79
-1.11035 6
-3.78729 75
-5.50938 59
-0.622469 25
-3.3617 33
-0.840156 26
-8.96398 30
7.35699 15
8.47964 24
-1.09141 33
6.98277 85
0.28452 18
7.9109 38
-7.54414 93
1.08894 38
-1.16425 68
-7.74063 15
-4.00916 4
6.7625 79
1.23783 40
0.761866 80
9.4777 6
-3.85998 21
9.48858 25
-4.04141 89
0.485125 59
-0.140877 65
-2.2387 55
3.97642 42
-8.0808 40
-6.57215 58
-2.29254 93
6.46643 90
4.91244 5
-6.08617 55
6.42106 49
7.75165 86
5.61042 58
0.17642 32
3.99097 78
-0.526905 27
-6.02779 48
3.67367 29
8.99941 9
6.49059 64
3.73786 30
7.41673 7
1.21795 19
4.58908 86
-6.19702 69
-1.60595 70
-6.89646 54
-9.09408 44
-6.83398 63
3.81859 67
-5.03275 18
-8.59146 24
9.63492 75
3.83124 74
-1.86246 21
3.29183 4
-4.67139 30
-3.87566 65
9.91765 39
-6.40351 22
5.4939 42
-4.28749 59
1.71917 71
3.75487 65
2.49722 70
3.20636 57
-4.81576 78
-1.57402 5
0.169029 28
6.00132 28
2.45977 34
8.75422 67
-5.15287 62
6.12808 50
-4.85688 10
4.80474 39
-3.49416 56
-9.27158 88
-4.88001 39
7.05594 30
4.62215 17
1.34001 39
3.99959 20
3.02507 69
-6.65276 43
-2.57109 35
-0.0708163 39
6.61653 81
-8.18644 21
-5.56125 72
1.31053 73
0.363001 64
4.49934 44
-4.58069 38
-5.60121 40
-0.521587 83
3.30486 62
-3.75017 41
8.74575 79
6.93559 2
1.54271 19
-6.76559 92
7.78722 73
-0.673152 27
-4.48727 65
5.64403 10
-7.88601 55
-4.04915 46
4.97891 30
3.58718 68
-3.05189 68
-7.65093 82
-5.8926 12
-7.85964 50
4.32679 56
-1.87564 77
-9.43881 71
4.30871 46
6.35906 50
0.897771 6
2.54056 46
-8.4425 68
4.18523 91
-7.26198 49
-3.74963 31
4.92734 86
-5.11411 82
-6.27433 77
1.84021 76
-8.24962 93
-0.407054 29
1.46904 28
-6.8318 28
-0.448367 23
2.20188 87
-9.49464 11
-1.52563 46
-4.72981 70
6.41016 72
-8.80321 69
2.3918 39
-4.29121 79
3.23794 4
-5.45478 53
2.93989 71
9.65432 30
-9.63756 16
4.75824 36
6.95866 51
-8.39703 83
-5.93187 26
-3.49043 65
2.35254 50
3.89042 71
-1.77525 80
6.03684 35
3.42399 80
7.16378 82
9.09049 61
5.77278 46
-5.42547 45
-6.3377 58
0.535451 93
-8.64262 56
7.76336 32
-5.63639 58
8.34554 70
8.79095 89
-0.487193 9
8.00435 17
7.62316 14
7.46955 46
-0.733371 23
-2.1593 9
5.26416 66
8.85435 85
7.84442 76
1.08452 92
6.28243 34
-3.17269 6
4.36378 7
3.64021 15
3.40918 49
-9.70122 42
-9.42213 14
-7.24597 44
1.77109 48
-2.24092 71
-6.3653 13
-3.65084 78
-8.24431 29
-7.07968 92
-6.99942 19
-8.89952 82
9.22528 46
0.796732 19
-0.0576218 84
-4.14563 88
6.37313 17
4.11242 44
9.58825 10
-3.98529 61
2.81473 19
0.332309 32
-2.91085 28
-8.51675 75
-0.901426 76
9.82501 50
4.53931 66
4.4389 25
-9.15024 4
2.0324 9
-3.96355 33
6.53666 1
1.29208 41
4.92935 41
-5.31824 93
-1.78886 27
5.02572 75
-3.40505 54
1.26806 38
-0.797471 60
-2.97645 29
5.92536 30
5.90188 81
8.52686 5
-5.47834 26
-3.06474 88
-3.93106 81
-6.97085 8
5.54618 2
-2.69855 21
2.40411 6
-4.46051 90
-3.35217 89
4.36107 59
-3.38949 33
3.9545 88
-3.30298 86
-2.07153 73
-8.95443 16
-2.50998 76
5.19897 58
-1.73389 81
-4.10603 64
-7.8468 17
1.86971 90
-6.843 27
2.17047 27
-3.23185 42
8.39982 35
-4.51972 12
1.82341 34
4.94239 1
-7.26483 7
6.81438 45
-4.29563 15
8.99598 27
-5.74127 38
-2.73421 25
-3.32895 3
2.62199 45
-9.08965 48
2.17647 58
-7.39378 52
2.61528 54
-6.92058 46
9.49669 73
7.16401 60
-3.58291 50
8.05394 14
3.68268 75
1.90292 82
-9.88576 88
-6.59274 5
-3.9944 80
0.553856 44
-7.52057 43
3.81209 31
9.78262 6
2.56239 27
-8.00509 11
9.94873 13
-2.37629 49
-2.80298 92
9.647 43
-5.27077 91
1.2475 48
9.69173 36
7.75667 82
4.99311 20
5.47882 56
-3.33694 23
-7.06107 25
-0.31961 20
2.9587 41
-2.06263 93
6.1382 13
9.0187 48
-7.22751 26
6.80749 56
-0.707311 19
1.67844 64
-5.48804 74
-2.87793 23
-4.28775 68
1.33436 92
-1.55269 21
-1.92764 65
7.764 69
0.770457 18
5.58243 28
-5.49401 56
2.41864 68
5.92598 23
9.9637 44
-3.13076 91
1.81186 92
2.94471 88
0.210228 57
6.88961 71
6.17331 32
-4.28436 6
2.45624 92
-0.203047 74
-3.41828 59
-3.59885 62
-5.62381 47
7.01768 37
-7.29202 9
-3.56365 29
4.5097 30
6.80969 66
1.43567 46
0.897956 85
8.62188 67
0.356882 58
-2.27317 28
-4.88969 22
5.35829 12
-0.892949 61
1.14718 80
-0.79454 74
5.46657 63
0.822935 66
-4.96557 77
-6.43054 91
5.48904 22
9.9434 7
-2.16751 57
-4.74254 92
8.26399 76
2.23131 6
3.05867 16
8.17624 66
8.07947 22
-1.58352 59
7.44705 61
-1.72407 19
5.44549 67
8.0272 41
-0.592713 23
-2.93928 66
8.27341 14
-7.56061 86
8.26059 26
-3.76932 89
-4.77577 57
-2.9718 88
1.6944 55
7.48957 69
6.43802 54
-9.87216 5
3.27455 77
4.42633 10
-0.809207 79
-4.41982 13
-0.201689 59
2.90577 57
5.10165 41
6.00973 23
4.29774 90
6.36562 73
1.4884 61
-1.07374 19
6.02847 45
7.15127 90
-4.12438 78
-0.150641 56
-9.67513 13
5.00088 85
-0.746365 15
8.97191 25
-4.14615 64
-4.0425 82
-9.72473 63
-3.77203 89
-2.33054 81
-4.66463 58
-9.67413 78
-7.31229 17
-5.39962 65
-8.59563 82
8.40929 34
4.70493 7
5.67924 51
-5.61989 28
-3.51602 85
-2.42205 91
8.30033 66
1.05974 23
9.85495 42
2.01706 45
-3.84761 71
-9.38651 81
9.492 84
-2.7944 6
3.69466 46
0.204996 62
4.53653 42
2.87977 75
-7.40542 16
8.41495 65
2.36759 2
-7.07083 75
-4.03021 6
2.68128 30
3.26356 41
1.30964 3
7.53731 83
-9.41076 34
5.41698 34
-9.8801 83
9.91159 87
0.826423 17
9.99836 19
3.25284 62
0.382142 55
-2.69838 36
1.33608 67
4.38734 49
-9.82482 29
-2.3935 8
7.15562 7
-6.11989 5
4.08069 83
2.60389 32
7.32066 71
-8.47905 57
0.114378 70
-3.69666 44
9.12984 5
-7.52206 28
2.46568 69
1.17144 55
9.46407 8
8.01376 58
-4.27582 34
-8.72084 92
6.69371 34
-4.68007 53
3.96374 71
2.10832 61
6.08255 42
-5.33875 65
0.884976 37
6.77652 77
2.32499 78
2.9905 85
4.35028 30
-0.561736 11
7.00369 73
-8.67744 12
7.51912 27
0.360363 33
4.25605 82
5.68715 45
-3.55134 36
-4.0019 44
2.8175 7
-1.9756 18
0.250312 41
9.54604 30
-8.56318 14
-4.38937 59
-8.85796 82
-1.75063 41
5.83427 64
-2.25746 23
-6.51113 14
-2.00763 45
-7.24614 59
-6.48316 50
-6.31437 77
3.87087 73
2.93352 17
-3.46376 55
-4.63501 82
-4.88107 60
0.888672 56
2.71029 84
7.50476 51
-3.56726 7
5.55269 24
-2.30442 67
7.39611 73
3.59859 38
9.43256 10
2.15762 69
1.4174 56
2.27387 47
-0.836311 73
4.90761 26
-6.45994 12
-0.0435124 34
8.75978 70
-6.02726 5
-5.32449 39
-4.13951 64
8.73201 35
3.50652 59
2.20501 80
4.28108 60
-8.04795 91
-0.44172 92
-7.8719 53
-6.40559 54
6.85926 33
8.55287 48
1.93968 32
7.4998 11
9.4346 9
-8.94057 14
-9.99717 70
2.34843 9
1.64663 5
7.10292 33
-5.82194 40
-7.49032 80
-5.66528 57
-0.862114 62
-7.26163 10
-8.85188 37
8.41801 55
8.12723 45
4.68283 17
-2.84932 42
-5.12383 13
1.88415 30
1.81095 38
-2.37765 2
7.87094 68
8.04697 37
8.29305 33
-1.83653 25
1.20304 4
-0.275367 6
5.56473 57
-0.608388 48
3.16028 7
7.88568 74
-5.82384 67
-6.86741 48
6.89467 73
7.72439 3
-7.74424 93
2.33821 28
-4.87028 42
4.63889 26
-6.78964 4
1.2372 37
-0.547319 58
6.32212 3
7.54256 22
0.993463 59
1.16275 92
-7.27912 73
3.21706 91
-1.17785 40
-7.85919 49
-4.65544 82
1.7009 93
-0.332762 15
4.81233 73
4.79422 80
0.265007 73
-1.78538 42
-5.5088 62
-9.08282 80
-6.19966 23
9.27887 60
-6.75144 34
0.301145 65
0.10633 8
-4.15292 58
0.278759 13
-6.32719 13
-7.48362 37
6.08267 92
0.558173 63
8.58284 89
1.58779 36
-6.61899 53
3.50881 77
7.46515 73
9.78932 56
-5.05642 84
-6.55852 59
9.24415 79
0.559903 68
-3.83979 57
-6.5497 87
4.49273 7
-5.97884 27
7.00159 90
-7.83707 51
7.14621 73
0.526838 33
-1.10247 40
-2.26888 15
-5.68186 27
-8.08394 49
2.3553 41
8.81332 50
5.14261 66
-9.16928 26
-3.66137 43
8.85933 20
5.59568 60
4.32689 55
-6.86592 90
-9.39916 30
4.36102 46
2.78654 6
-8.06759 41
-1.64553 42
-4.70798 91
-8.0243 66
5.31968 83
3.87381 68
-2.0462 50
5.94463 22
0.351236 93
1.50759 16
-0.181604 74
3.7211 63
-4.54561 14
6.09256 41
9.09699 40
-0.0521896 40
9.79356 13
-8.85265 13
4.05497 13
-7.89739 76
-2.57436 83
-3.38114 28
-8.14284 48
-7.19312 1
6.0123 75
7.87349 64
-0.961566 56
-9.10685 38
-8.37511 8
3.2989 59
-3.34291 23
-2.19595 71
-3.29019 27
-4.13866 19
9.4079 57
-3.4246 75
1.91553 11
-6.20513 64
-4.08743 24
5.42212 6
7.39293 35
1.64841 6
1.21297 22
4.68161 47
-5.50029 12
-0.3259 66
7.78528 66
-1.28608 61
-3.96373 60
-5.82118 60
7.90461 49
-2.97974 18
-6.95845 67
-3.36366 11
4.77894 49
-4.75387 77
-7.48284 67
-8.21469 56
-7.63344 65
-2.21393 28
-5.83095 35
-5.91054 32
1.67453 12
-0.525218 63
4.15446 93
-4.64787 53
5.34543 10
-2.78524 67
-0.692715 11
-5.37318 37
4.79855 42
9.35278 39
-9.5381 9
5.02956 22
-0.412915 89
6.47098 8
-7.52356 68
-6.89758 81
1.53692 15
7.41104 92
1.45123 80
-8.10289 83
5.03829 26
-8.11349 92
3.22936 12
-1.54087 20
1.74088 46
-7.26141 3
6.27247 62
-7.48591 91
-6.8352 69
-5.4015 93
7.77999 2
3.9525 36
1.08868 87
-5.81045 89
-7.69218 59
3.16535 55
0.477877 12
-5.23301 13
-2.67663 73
-5.15473 52
1.71073 76
-0.922683 68
5.41244 66
-7.73608 1
1.96081 81
-9.24592 86
-9.77171 38
9.65356 50
4.6068 21
-8.24812 78
-5.47061 14
-6.96366 76
4.0137 82
1.17019 28
-7.52371 32
-9.37479 17
3.00551 6
-7.36289 71
-3.8979 46
-6.97672 17
-0.833995 23
1.65841 62
7.59441 74
-2.3937 26
4.44672 62
2.78348 56
-7.21006 53
-3.41434 92
3.55694 31
9.96979 14
-4.187 15
-0.934776 28
-6.93501 37
-3.52716 64
-9.07214 49
4.16562 43
3.13031 82
-1.59805 22
-5.93253 59
-2.2346 90
2.32294 9
0.641657 93
-0.327358 90
2.57091 79
-1.9962 5
-1.93806 90
7.02013 81
0.707358 78
3.52597 75
5.30674 51
-6.75488 74
-1.35997 9
-5.89174 55
-5.10373 47
2.64742 43
5.92989 60
-9.55382 5
-1.44516 80
-3.84653 62
2.95152 32
9.13445 57
6.63574 84
9.78059 69
5.41736 51
7.57115 3
2.90593 54
-8.2749 62
6.94575 44
9.59665 29
-4.94699 23
9.56532 31
-1.94066 66
0.323088 39
2.77692 4
-7.26438 52
-0.803989 79
3.67467 76
-1.91589 74
5.07135 87
8.97883 69
7.02226 13
5.89185 46
7.70493 24
8.25591 36
-6.1042 42
1.82817 32
-6.91962 12
-2.33945 58
3.15411 45
-9.00614 69
0.264235 5
9.06669 2
-8.80799 40
-9.52555 48
7.68643 20
-2.32339 65
5.0645 70
-7.1382 5
1.33153 3
-5.08509 76
7.34011 28
0.703892 72
4.20022 89
3.03841 46
-8.17151 66
7.55019 38
-3.96357 31
-4.2739 71
7.88489 71
-3.01147 27
-6.42232 19
8.74815 11
3.09734 41
3.31645 51
9.39626 21
-6.47601 3
-2.0524 32
-2.71909 7
5.30324 77
4.74552 93
0.269195 20
1.76383 43
-9.6945 31
2.08173 33
-8.70883 46
9.49366 16
4.46516 29
0.0964449 57
6.13866 60
-7.25276 9
6.5437 23
-5.72512 59
0.10693 58
-0.515155 75
6.90952 29
3.70601 56
-6.12568 43
-6.57318 78
4.50461 5
-5.07188 25
-0.630324 38
0.113385 74
-8.75315 51
-5.18221 3
-9.18413 79
8.58088 9
-5.33224 57
-6.83945 83
-2.80491 2
5.74396 33
-9.81557 75
4.02065 52
-8.5301 29
-6.16287 77
-2.78848 6
8.5777 50
-2.21616 59
-0.505591 72
4.45139 54
6.90432 2
-0.0145289 51
1.11441 51
5.34434 71
-0.469074 69
4.12096 69
-7.79345 19
-8.0222 86
2.73333 48
-1.92982 87
-1.9095 71
1.02333 34
8.72693 62
-4.83517 23
0.611051 36
-5.81274 6
-5.80128 10
-7.18232 21
2.00337 45
5.1321 12
0.986522 50
-8.13629 73
2.50364 37
-2.01943 79
-6.11049 69
3.77364 90
-3.87149 61
-9.46336 42
-2.37557 38
4.53251 63
6.4888 16
-8.65789 27
-4.88372 78
-2.54219 71
6.63564 34
9.58741 40
-3.01659 84
1.13351 72
-2.02759 80
-4.88822 52
7.7994 66
4.34004 43
1.43911 81
-6.31701 26
-1.18826 49
7.10478 56
1.58305 93
-6.87831 71
6.0702 69
-8.25979 3
4.83651 27
4.22377 10
2.97887 61
5.72893 72
-4.53057 35
7.58545 50
7.16462 86
-4.45014 58
5.02397 1
-3.24866 34
2.31992 5
0.541148 15
-7.75251 6
-2.38711 48
1.24153 90
3.50277 11
-9.66003 60
-3.70599 86
7.22764 48
2.25936 44
3.52224 73
-3.6734 66
9.79301 17
7.11124 38
5.02052 13
4.04599 93
0.710546 65
7.72836 58
-2.25032 45
3.21966 40
3.80432 84
2.81457 4
-3.66423 61
5.2109 51
-6.42614 5
-7.54208 33
3.95199 7
-8.32946 60
-4.52661 61
4.61609 64
8.06384 61
1.64394 20
1.25659 2
-8.94427 53
4.65049 8
1.11151 22
6.08162 19
-7.41734 15
-6.5466 76
-9.11726 9
-3.4031 37
4.65105 37
-9.17033 31
-0.539206 41
6.2221 32
-8.01876 49
-5.55726 76
1.6235 13
0.403985 50
-5.46127 37
6.89516 43
-5.45818 52
-1.01453 58
6.79429 68
4.84016 78
-6.96833 80
6.89756 47
9.426 63
2.54687 28
7.72614 23
1.56895 71
1.49362 53
-1.02859 68
-6.20494 93
-5.25496 34
2.55832 87
1.79123 19
1.26171 57
-1.67227 1
-4.48061 12
-0.510344 81
-6.55304 13
8.55722 86
-7.30405 80
1.59383 4
-8.34029 16
-8.18896 14
-5.66645 10
3.24609 55
7.04138 54
-3.80877 6
5.59085 23
-8.96281 68
5.97488 85
0.134549 30
-8.56291 12
8.08797 11
1.76122 61
5.46621 53
9.25282 85
2.14017 52
2.67893 20
-4.60711 51
0.374723 20
9.36194 90
-3.46773 42
5.32381 39
-7.38263 87
0.0554677 17
-4.34553 31
3.58566 35
-9.11684 67
1.14822 30
-1.9396 58
-4.7094 24
-9.9473 44
0.368419 39
9.69016 73
6.05394 43
-5.2723 65
-8.33719 74
3.72262 50
8.43148 70
-0.322684 77
2.18292 49
-6.34686 7
-1.41061 93
5.9544 38
6.70339 33
-8.0831 31
-0.660909 65
3.47176 3
-8.90438 56
3.71181 75
-4.34692 19
-7.20287 17
-2.10874 3
-2.63022 8
7.49539 58
-2.97886 65
6.46523 88
-6.38436 28
7.68347 90
-5.95587 37
-7.4957 35
-3.2082 66
-1.95531 33
-7.64763 70
9.64716 86
-1.30402 79
-5.5409 52
2.69108 70
9.74498 29
-3.63296 37
-8.18451 76
-8.64522 32
1.24569 34
-4.98665 90
3.68788 17
-7.70863 48
4.91151 58
0.840575 72
-0.916865 32
-1.98393 48
-3.68166 9
2.14454 11
-4.12862 28
-2.50021 53
1.2581 48
7.49414 18
1.65026 90
8.60336 62
-8.16057 37
1.25925 16
-9.56648 64
-0.304457 29
2.19838 9
-3.60797 12
-0.701421 81
-7.08584 80
-2.46186 45
8.42234 43
-4.82177 85
8.22416 22
-4.29461 25
8.99813 25
8.41557 53
-3.19875 26
7.99528 4
6.57126 50
-5.2126 41
-7.72127 36
1.14178 66
-5.76875 9
-6.06848 8
-8.00087 42
-0.827191 24
-9.26692 76
9.28199 30
-1.2167 42
-4.95443 56
-8.19813 89
1.43996 51
4.09084 24
-4.99524 34
-3.0686 82
5.51528 6
7.24563 82
-2.30131 37
-3.52657 78
8.80326 65
-3.42831 43
-9.29684 29
-0.000169309 92
1.51058 30
-2.69801 71
-6.30066 1
8.86866 32
4.35858 20
-9.23662 37
4.43328 79
0.219277 25
-2.97687 52
-5.23283 22
-7.72148 41
-5.07906 89
-3.31114 60
-7.1633 19
1.89302 21
2.09259 27
0.387388 21
8.11569 62
0.584155 42
-1.44797 58
7.51409 65
-1.1818 41
4.29797 65
2.81812 39
1.08757 2
0.684786 26
9.3286 42
-9.64204 53
-1.7664 47
9.1882 90
-6.96987 29
0.455269 68
-0.469424 6
0.982727 54
-9.27566 45
9.23047 13
-3.7048 68
-0.293521 68
9.67176 3
-3.74245 61
1.59333 48
-5.08375 27
1.33756 90
-2.76484 20
3.98134 31
-9.70178 76
5.17786 77
1.01882 39
-5.31495 5
8.65671 15
-2.66523 33
-1.35902 67
-3.30066 6
-5.95883 4
-0.122722 85
5.71304 32
-8.72884 11
3.58223 42
5.8934 87
9.06817 66
-5.97374 51
-9.34843 64
-8.74774 21
-4.58453 28
8.00894 60
-6.70757 49
2.5967 9
4.57306 78
7.93167 85
-2.99819 21
0.751795 67
-8.57247 71
0.709717 72
-7.4394 23
-5.43696 4
0.365888 3
-5.52629 26
7.30479 10
8.70421 46
-8.21071 48
-6.13812 90
-3.99238 25
4.18724 3
-4.18338 92
2.85659 9
3.67291 81
-0.945712 10
2.80129 20
5.73349 25
-0.214498 47
-5.49342 66
8.33322 72
-1.54119 85
-0.261314 68
0.967717 48
6.07926 74
8.44066 68
-4.6282 72
5.80358 87
-4.6954 7
8.62728 62
8.19518 88
8.36282 80
9.02253 24
-2.97862 14
-0.46931 47
-3.52142 57
6.15455 89
8.40677 20
3.66051 33
5.41216 2
-1.49435 69
2.39449 88
-0.131528 25
5.48729 28
1.47267 61
9.97573 82
0.0580122 62
4.38598 49
7.09904 29
5.31072 78
5.21275 88
-6.63172 64
9.90346 28
9.83337 26
0.333038 92
-9.83066 31
5.82932 53
-1.56984 6
-1.37992 36
2.77911 19
-3.72715 73
6.04568 4
9.63655 55
6.24784 47
-8.50735 60
-0.73776 74
-8.15428 8
0.233043 34
-0.320861 17
3.30619 43
1.53384 23
4.75825 49
2.64039 6
-9.03355 87
-9.26549 37
4.11076 50
3.51334 33
9.65445 12
-2.857 65
4.30236 88
3.30261 75
-3.31389 44
0.373736 1
-0.309775 82
6.05967 35
-2.51487 70
-8.19697 3
7.25132 79
6.52763 90
-4.31242 92
1.61183 75
5.83893 19
-6.63218 39
-9.68075 73
-2.4235 80
-1.44007 16
5.73313 55
-0.335278 16
2.53322 57
8.48304 82
-1.08383 85
-0.709019 88
-6.60755 70
3.56769 22
-4.28878 40
-1.46796 78
3.47207 3
-6.90864 69
-9.63019 51
-3.77931 71
-1.95239 5
-4.18567 76
-8.74896 33
3.36014 6
6.87916 87
3.52086 75
0.968803 22
6.36876 7
-1.56663 80
-1.40816 35
2.22377 17
6.28039 47
2.30319 68
6.13442 11
-1.01401 70
2.68829 10
6.33017 50
9.95835 32
3.54819 22
-6.93586 86
-6.81535 64
-5.17308 26
6.65167 52
-6.74658 92
-9.35343 73
3.5013 15
9.11734 60
-0.0567069 67
8.72178 92
-2.24975 70
7.51889 33
-3.01659 38
1.30297 7
-6.53247 9
-2.09619 41
-4.45359 73
-8.76843 53
9.37103 70
5.29778 19
3.29622 34
-9.05978 74
3.74526 33
-5.50589 83
5.04792 48
7.53474 72
0.250454 26
-7.82267 51
-9.7144 87
3.41602 90
8.65967 5
5.03831 7
4.26271 16
-8.10568 7
0.998995 84
6.80996 55
0.490614 45
0.792908 34
0.155942 63
0.326448 48
7.94482 18
-6.67982 46
1.94151 31
0.0269487 59
-3.87563 81
2.22041 83
9.51636 91
2.3582 43
-8.49049 42
7.88639 16
-5.97684 27
3.57639 72
-1.70964 29
3.92879 56
5.25269 46
-1.83302 80
-2.52312 20
-8.36047 37
9.60119 11
-8.54316 43
6.92991 33
-9.19407 29
-7.55475 47
-2.16789 53
2.5823 38
-6.64123 24
-3.87803 25
-2.19491 66
2.5171 73
-1.64499 83
-1.32029 14
8.81917 79
7.96357 89
9.48213 35
1.98088 23
-4.80895 60
-9.70885 83
4.26489 49
-1.37736 20
7.6741 47
-0.71636 56
-6.06329 40
-2.12505 66
-9.97007 92
0.784081 10
-4.03349 53
-0.0458282 50
0.408402 4
-6.13195 12
1.04131 6
0.672378 37
-4.10122 66
-7.67076 9
-9.28754 35
2.76157 78
-8.87702 83
9.61402 58
-8.49949 18
3.92187 22
-2.23871 80
6.03393 9
8.87879 19
-0.86666 13
4.51109 93
8.48903 36
0.243164 47
-5.94113 89
-4.51614 78
-6.10842 27
-9.70268 62
-1.37634 77
6.23609 22
1.01522 54
6.09361 8
9.44145 38
7.25808 30
-6.47174 43
0.570081 53
-0.546747 18
4.05733 67
2.0589 62
-3.86994 28
-5.7586 70
-6.6108 32
-0.0376585 9
-4.95492 30
6.32938 12
8.46203 22
0.240262 63
6.17578 47
-7.91066 75
-6.18458 20
-1.73961 66
6.6362 86
6.96636 46
-3.79672 35
-4.22442 35
-6.83741 3
4.00818 90
2.19239 81
-5.57127 21
9.02011 67
-9.49378 44
-2.46335 50
-3.90858 15
5.18858 35
1.98191 16
9.42192 57
9.41302 82
-2.27958 6
-1.9341 16
0.18361 61
1.98191 81
-1.17465 90
1.30498 81
4.31486 24
9.65942 26
3.79891 65
-7.52981 64
-6.35166 82
3.78175 6
9.76845 54
-4.92413 23
5.10242 62
-1.49917 25
-9.2684 16
-0.505734 83
-0.143479 52
7.91804 92
-6.71306 48
5.63902 25
-6.59455 47
4.82498 11
2.80956 88
-9.24329 21
-9.58966 35
3.98841 69
-4.43077 28
1.08387 7
-3.87713 70
0.996072 21
1.66928 33
-8.70427 80
2.85376 2
-3.34326 93
-8.86806 63
-4.39891 83
4.47323 66
4.91308 90
1.24913 57
-5.67549 53
-6.86707 36
-0.83754 61
4.13321 25
9.35509 62
2.14453 43
-6.92693 1
-3.76091 66
-7.28733 47
-7.22665 88
-0.0278591 79
-4.27798 48
2.40909 84
2.31465 58
-2.7543 1
1.48738 85
2.47506 91
4.00717 29
0.0658532 28
1.5252 53
4.43819 89
-3.80382 87
8.44323 70
7.33349 78
-8.34749 8
-1.25872 64
0.518604 45
-8.84238 4
1.2406 50
1.65526 85
-7.07791 78
5.15441 69
4.56592 71
2.28056 83
-1.37895 38
1.12141 25
6.31269 90
9.97724 66
1.12569 8
-6.21391 45
-4.59758 10
-0.239071 87
6.99524 21
3.87682 70
-3.2711 78
-7.91822 35
-5.52364 71
4.87113 23
6.15828 44
6.52846 75
-0.0153365 68
1.31637 53
1.66338 30
6.91404 91
-2.64913 44
-4.40074 60
-5.42435 2
-0.178731 46
-3.89214 63
-7.26041 5
-9.08064 26
-9.11824 28
-7.68965 59
-4.55957 25
-6.13128 34
-6.92463 30
5.7107 27
4.30928 74
-5.77196 27
-2.72972 36
-7.80703 40
0.917083 77
3.49545 65
-4.84719 68
-5.4765 47
1.35026 23
-7.87994 11
-4.77434 12
9.60264 59
8.1186 13
5.58643 83
4.38255 58
0.130246 53
-3.59793 68
4.7057 45
6.89516 16
-4.62141 7
-3.60367 51
1.46211 15
2.87057 22
-4.30212 65
-9.62404 24
-2.08421 41
-8.42631 42
-6.39464 34
2.23682 86
3.06557 24
-9.24789 12
-5.87013 56
-6.54551 70
-9.2856 40
8.64158 34
2.22806 10
1.68538 51
5.9892 46
-7.1621 30
-9.05543 40
-2.9711 13
-7.04791 85
-5.93902 5
-0.301119 85
9.75957 48
-0.643762 90
-2.62143 87
-6.90939 39
2.60806 12
6.60854 44
-2.20665 59
2.88872 4
2.02526 18
3.50478 35
9.49998 28
5.97182 92
-0.0385377 18
0.96082 70
-1.97301 53
-1.54084 93
-3.13964 61
-3.05913 61
-4.66308 70
-5.42369 72
-2.56202 59
0.76306 52
-1.73221 66
6.99616 53
9.00831 54
-2.84776 22
-5.5598 86
-3.60344 10
-2.5114 87
-7.27438 68
5.61163 50
-0.765392 90
-1.40389 24
-7.72352 63
7.65185 56
-8.37412 32
-6.15326 69
-6.06905 21
1.4942 68
7.88219 61
-4.03903 25
-6.53229 20
-8.59034 74
-6.39624 60
-3.70996 77
3.38265 65
-4.63687 16
-6.97121 39
-7.30685 16
0.359184 81
0.111205 10
-2.81242 29
-1.29247 80
6.3848 64
-4.70105 64
8.27781 28
-7.58817 34
-2.843 84
4.06858 30
-6.44372 27
-8.66144 87
-6.22306 4
-6.4999 19
4.42154 31
9.45178 91
5.72764 66
2.84804 43
-9.83835 8
1.02581 22
-2.65586 47
1.97003 68
5.35201 63
8.4177 5
3.98913 26
4.88941 24
4.09948 74
0.444998 54
-1.28329 1
7.83429 68
-8.17104 62
-2.56152 68
3.97986 76
7.92952 68
-0.658879 4
1.75783 54
-1.49522 1
6.83074 62
1.67279 34
-6.52738 12
-4.40015 17
-7.696 83
-8.92682 7
1.52392 19
-3.69185 31
6.27087 13
2.32449 3
7.12174 7
-1.39146 47
5.879 26
5.63874 21
-5.35564 5
-7.54376 43
-1.72999 82
-4.73386 82
0.505349 62
5.41252 61
4.08834 22
3.25532 87
-0.557511 6
3.08097 10
1.72651 1
0.450638 36
0.15705 14
9.85257 42
5.57038 20
1.06254 67
1.6727 53
3.85915 26
2.49265 9
-5.55535 54
4.25282 10
4.26159 13
4.01869 50
-0.210924 69
0.219441 16
-0.000898365 33
5.5462 84
8.66169 69
-0.487193 85
9.53794 93
3.62677 58
1.60008 90
8.54553 11
-4.93925 85
-3.60807 34
-0.330775 74
0.289845 6
7.11952 4
-0.809436 70
-5.78034 53
9.3217 74
0.656889 74
-2.61609 37
6.55803 85
-0.987883 30
-7.93743 39
3.26514 29
-1.40564 92
1.18097 45
-6.21269 55
-3.2574 87
-8.64249 85
-4.20461 50
-1.36336 2
-1.571 2
-6.08197 59
5.14973 52
9.18694 64
3.55239 14
-9.57505 6
-8.36297 92
-6.81937 2
0.638748 33
5.76313 28
-0.199988 76
5.61444 48
-2.82675 44
7.03968 1
0.190057 2
5.7707 70
0.782072 49
3.43407 72
-4.39914 52
6.02862 76
-8.82939 48
7.9951 62
-2.76664 30
-1.19617 22
-5.47142 3
-2.89637 22
-1.36979 7
1.6956 15
-6.20339 83
8.02751 77
6.72729 17
5.93578 55
-3.91699 40
4.53011 6
-6.40017 12
-7.87438 28
1.6535 19
-0.47367 35
-9.30478 76
-2.72091 31
-0.829714 54
2.60002 40
0.208498 51
8.49521 65
-1.49765 90
6.87828 87
8.00883 67
7.72206 12
6.58567 49
3.05755 12
4.46436 17
-6.49333 6
2.64263 54
-0.990106 41
-1.03674 7
6.45231 26
2.31301 42
2.58925 70
-0.275967 29
4.7724 81
3.50339 30
1.7456 34
2.07304 52
-8.09292 66
-5.35938 83
6.0995 86
4.18812 41
1.38933 61
1.70328 23
7.3029 90
-5.14185 44
8.27892 69
-9.55782 62
-6.23055 2
-9.66778 68
0.203052 54
-1.06425 82
2.49324 66
-4.72613 60
4.55575 88
3.27175 70
2.09091 66
8.48295 56
2.35074 2
-6.59711 1
-4.86412 2
-7.76713 14
8.01462 18
7.7168 50
9.76863 43
1.55876 7
-2.67894 77
5.52738 75
9.50022 86
6.77802 13
-2.24852 5
3.5564 53
2.69235 5
-5.08276 79
3.49273 32
2.30704 34
-9.85062 81
2.59814 12
7.25911 83
-6.52408 55
5.59259 73
-0.132729 37
7.70708 90
6.15537 2
-8.30113 25
8.41777 39
1.08365 74
-5.6358 14
-0.592334 72
-9.5146 23
3.63731 3
-5.2841 88
-8.92466 23
-8.82502 76
-7.28042 1
-5.56101 23
9.78442 65
4.96887 32
3.83986 4
5.04863 49
-7.46362 84
6.30324 2
6.54823 90
5.03505 28
-6.69997 17
-4.1745 70
9.17586 93
-9.00558 55
4.40956 45
3.6957 61
-2.35852 62
3.38495 83
-3.88691 78
-3.48955 91
2.09101 23
2.23445 50
-0.690514 47
-1.83758 12
-3.71659 31
7.46558 68
0.112148 68
0.240805 59
-0.295265 90
-9.94621 75
-9.21908 10
8.26058 17
-5.62625 15
8.15153 21
-6.5291 61
-4.66298 30
5.44741 54
-1.84347 20
0.790928 60
7.0196 75
-1.57198 75
-7.66883 63
-4.12305 54
3.53151 44
3.76133 42
-8.82652 83
3.79014 42
-2.4912 26
-8.08579 5
-6.50911 83
-0.172627 93
3.14617 54
-7.87279 27
2.37178 16
5.84131 3
3.60607 12
-4.30578 86
9.77709 31
2.95815 6
8.59708 83
1.74666 64
2.7278 44
-7.54739 3
5.96724 7
-0.844888 85
-0.314628 71
-5.73305 33
7.48688 69
-4.78412 37
8.13096 56
7.40592 27
0.927719 89
2.58868 35
1.14383 63
-4.70891 49
9.58699 48
1.51003 61
-2.12059 8
-4.57292 11
3.90967 84
0.708094 65
4.20476 76
-9.54453 77
-6.10042 36
-3.19888 45
7.47667 28
4.85419 7
6.23941 32
-2.16941 51
8.48603 90
0.935967 41
-3.92952 40
0.356625 50
-6.70762 9
-8.97731 71
-0.442907 72
-9.35839 35
-6.34893 71
-3.49421 61
-9.869 28
5.69394 73
-7.85546 31
4.67219 12
-1.72905 58
9.38807 50
-9.85295 75
0.138523 93
-2.19973 83
-5.92928 27
-4.13207 64
-3.54288 25
1.14485 40
-8.76554 72
8.80004 55
1.67502 27
-2.62173 85
-3.09972 92
-7.5653 55
0.0453467 35
-7.48743 11
-6.13237 22
0.523279 45
-9.34081 6
-6.079 63
-0.894521 50
7.49682 42
-2.11059 33
-1.51971 22
0.449987 39
3.81084 21
9.87148 38
7.11342 61
-0.695632 16
-8.98155 50
-2.45477 39
-2.99383 40
2.57693 50
5.16881 17
-9.07593 36
-3.22551 23
4.31893 92
7.86286 52
4.09354 23
4.64729 37
-1.39026 86
-7.33766 25
-1.57623 43
0.470229 89
-2.82016 33
0.521077 11
-0.657592 57
8.58695 36
4.79675 18
2.7427 46
3.23437 13
-6.01754 43
1.96429 37
3.4144 45
-3.53855 76
3.2372 59
0.321645 49
-3.54878 48
-6.33773 64
2.2672 27
5.33702 18
7.50839 15
1.88649 9
-0.537198 5
-8.71219 8
-5.26158 25
-9.61931 64
8.58324 9
5.09014 15
7.17124 74
-7.69303 88
-7.24532 13
6.10085 92
4.5362 54
-1.54022 52
6.70692 78
4.54075 22
1.26817 41
9.50694 59
-0.780145 5
-2.24945 27
-1.20889 93
5.14201 77
2.76971 51
-6.4563 31
9.33998 71
-6.23715 78
-4.60695 82
9.38852 6
-6.71266 8
5.38254 7
9.28668 16
0.00766447 37
-7.51938 32
-1.82694 85
-4.86077 34
6.74849 28
7.451 31
-2.15928 11
2.54082 44
4.74513 23
3.72173 14
5.6627 27
8.43994 33
8.7655 54
1.29015 44
-9.48851 59
6.45582 47
0.56159 86
9.38084 56
-0.935227 82
-1.80511 81
6.91645 66
-6.40701 42
6.43694 34
4.61707 56
0.564914 85
6.56425 85
6.52423 67
-5.83481 57
2.48397 16
-0.16222 14
-2.44587 12
8.12445 46
-6.07024 37
5.72391 24
3.10854 90
-9.31195 30
-4.80861 82
6.51674 56
6.82103 28
8.26634 8
2.64401 88
8.04506 45
2.10131 75
6.56584 34
-6.983 55
8.64129 3
6.42612 55
3.63946 92
-5.02036 19
-6.5284 11
3.13815 91
8.50054 54
3.71762 21
-9.45293 51
-7.88998 7
2.70057 49
-6.82431 35
-8.46335 37
-9.29055 45
-9.25354 60
-2.05543 66
-1.52377 90
0.00709266 82
5.34694 66
2.51886 29
-7.33991 50
-4.03636 68
-3.0876 64
-5.03996 43
1.58158 19
1.26121 63
8.4174 91
-8.67847 44
6.4684 33
8.2986 60
-8.33727 64
-4.86673 75
7.45613 18
6.08762 8
-9.46751 34
-5.49116 4
3.21751 46
-3.72729 58
8.79895 5
-8.10654 51
9.37265 21
-5.47572 36
-2.35797 63
3.65779 3
-2.52373 14
-5.4465 29
-6.58253 82
4.73014 7
-1.33054 23
0.30206 24
8.47331 50
-6.43846 34
-2.81325 40
-9.57822 74
0.747799 65
3.05706 43
0.216017 62
2.26346 37
-9.85719 70
5.64548 77
6.78059 56
4.47103 24
8.31269 29
-1.06553 76
-3.49028 42
3.20073 49
-7.42835 87
3.12464 22
7.08588 17
6.95347 70
-5.36814 88
-7.91265 89
5.45064 87
1.41303 76
9.75161 10
4.67845 90
6.29828 31
9.99706 1
-0.849255 85
2.55276 92
-1.67154 9
3.13983 39
0.771422 45
9.10268 12
-0.232552 5
8.46378 20
2.5584 69
-6.13731 24
-3.44319 60
6.16437 88
6.371 63
-7.70268 69
-8.95571 66
-4.52479 60
6.30925 19
-5.44886 76
-5.61522 88
-0.49923 47
-1.90134 92
7.49034 55
-8.4147 41
-1.94585 10
6.22782 89
9.40756 45
-1.82358 7
4.85848 46
3.68831 90
-0.43756 52
1.21753 26
2.83492 89
-1.22801 70
2.40935 81
8.60951 46
-1.93447 19
-1.57547 28
-6.72207 43
0.674422 49
8.64877 5
-0.548348 53
-5.24973 42
7.5739 25
2.93677 55
9.50421 39
-7.66827 14
-9.34357 13
2.92944 76
1.33962 27
-3.52441 78
2.78392 34
-7.54336 56
-8.9681 13
-6.7984 2
-0.520158 35
4.24668 5
8.93296 51
-1.64828 84
0.218626 33
4.84363 77
-5.16273 33
-7.68112 1
1.09415 4
7.89156 78
2.18068 90
1.34222 9
5.5392 1
5.36591 44
4.63731 86
7.78361 70
-7.89245 63
-2.1334 52
-6.69109 60
4.87902 85
-2.02224 35
-6.77359 57
-8.47011 74
6.05338 90
-5.3312 5
-8.17876 61
8.96672 89
6.70557 38
-6.05304 31
6.12323 8
5.47193 39
2.68482 12
7.82984 29
-6.51541 22
-6.7007 64
-5.53132 45
4.28481 62
4.96239 59
4.27616 55
6.5963 66
-3.74494 45
0.643487 24
-1.18025 63
-0.424137 41
-5.15214 92
6.41105 33
-3.36255 61
7.00677 22
-0.257112 11
-2.4686 91
-7.74182 11
7.60524 70
9.82716 50
-5.39441 79
-2.57614 36
7.29409 31
-4.90193 88
-4.45942 22
-8.95091 11
3.282 25
-6.84027 15
-4.70603 50
-2.09347 77
-4.83638 48
9.3303 52
-9.46787 69
4.65731 71
-2.78748 6
-7.0773 45
-6.94993 63
5.04876 87
4.97095 2
-4.95544 29
-8.12855 78
6.54307 80
-2.40776 33
-5.39381 6
9.71503 6
5.53491 39
-0.790709 25
-3.17853 81
7.72054 36
4.4199 17
4.66292 57
-1.359 12
6.55342 19
-4.29487 82
-5.42365 74
9.24745 28
5.99319 23
-8.51643 23
-3.49657 87
2.23934 16
-1.55638 17
-1.00794 58
-7.03152 88
2.54685 11
3.9349 54
-3.74682 71
2.59263 58
1.13836 34
6.32196 65
-3.57189 45
-7.45919 43
-7.03526 9
-2.25967 12
-4.69213 45
-7.09596 74
-9.76928 62
-6.80385 60
-4.15801 89
-5.67987 41
4.38589 36
7.95225 19
6.41407 85
-9.56499 48
-4.67901 55
3.77611 63
0.815888 77
5.81704 86
7.36423 19
-5.82169 67
9.02526 72
-5.31893 18
8.69031 79
-3.66935 64
3.83195 41
8.71667 74
-3.17397 50
-2.365 63
-6.12956 46
1.70699 30
3.21218 31
5.62596 14
-5.80538 10
2.32222 73
5.67908 21
-3.85296 82
7.87331 53
6.17069 25
6.16143 40
2.79313 14
8.863 14
-4.38355 66
-4.87973 32
-1.52127 56
-1.90231 26
-4.98172 54
5.78375 47
-6.3819 52
6.53572 14
9.24578 93
-7.16918 73
-4.80581 10
4.1489 63
-6.58684 67
-1.9169 47
6.17425 72
5.948 42
-7.7003 38
-0.652732 24
-7.13447 59
9.96164 84
3.55863 51
9.70222 12
-6.71011 34
6.93039 71
3.47587 44
-6.51752 89
2.21673 91
-8.65253 26
-7.59998 10
4.07507 47
2.25793 64
-2.03168 6
8.63736 56
-7.1819 18
-3.42869 52
0.228404 87
1.98741 58
8.79463 48
1.5435 55
9.59451 80
-8.58695 44
6.78337 71
3.13237 46
1.44035 38
-3.09739 28
5.25104 69
8.15831 53
9.02471 80
-7.57529 37
-7.03775 90
9.03332 67
-3.50937 49
3.77538 3
0.504938 67
8.787 32
-3.79213 26
4.51886 89
-1.05198 68
-0.0880849 76
9.58901 7
6.81187 4
-9.36339 9
-4.56322 11
8.43622 58
8.29109 26
-7.9518 1
-3.43291 10
3.76012 46
4.49685 25
8.19116 75
-4.81591 91
8.57229 73
-0.883778 42
9.06709 90
-5.16661 76
1.25925 56
-6.48885 86
8.80161 73
-4.75494 38
1.31545 18
-1.4624 16
5.64969 4
-4.53903 90
4.82182 34
-2.75311 76
6.43935 89
-2.20805 30
-0.62477 85
-7.46572 87
0.419038 28
-0.0285453 15
-5.87603 9
6.67013 6
-7.52434 10
-5.31275 62
3.4714 55
4.26641 81
-0.169954 38
5.66375 86
-4.21382 62
7.76223 39
0.521721 12
7.27269 68
1.1032 23
6.60359 55
2.53727 84
0.0451394 90
6.38891 88
-0.269863 9
3.86248 2
3.42469 41
-3.02321 83
-3.83757 25
9.67875 80
-7.42373 2
1.30108 73
0.979811 16
-4.66776 23
-4.38487 47
-1.06065 55
3.28423 67
0.602774 74
6.97362 58
-5.95421 75
-3.29773 23
-4.2209 41
0.758635 82
4.60606 5
-1.62131 30
9.35328 10
8.22566 84
-1.96716 51
0.0335388 74
-8.91007 23
-8.48199 45
9.18714 5
9.44788 9
-7.25571 25
-8.16152 2
1.20981 37
-4.99019 76
-4.36766 63
-0.589218 28
-8.03352 2
2.91445 35
2.39542 37
-8.11513 90
5.97419 57
2.80632 45
7.55984 76
-2.26322 79
1.90753 61
-4.97691 41
1.62598 28
-2.21056 48
-5.02158 16
6.79194 22
-5.83403 10
-7.78206 30
9.89133 81
7.6274 68
-6.42936 90
2.63453 60
1.88944 3
8.12203 33
-0.375369 50
-6.98468 26
-9.18155 35
9.07288 44
2.78377 44
-2.59923 89
5.05546 51
-0.915535 55
5.83048 75
6.33372 55
4.19267 45
-9.21832 84
-3.45142 43
-3.5446 57
2.21948 25
1.2527 22
-0.990399 1
-6.04599 43
-3.07199 37
6.35882 10
-2.07908 79
7.21894 57
0.829068 29
-6.50825 13
7.66746 27
-3.57685 32
2.58308 62
0.0415298 56
-0.554581 41
-3.89433 65
3.25119 64
7.85131 55
3.21269 80
-9.56333 66
-7.50117 47
-9.30065 76
-7.49345 16
-2.2522 16
6.64553 36
5.49561 91
-6.16842 79
3.77992 25
0.479535 36
3.32603 33
-4.22155 68
-8.97837 27
-4.21111 32
-2.36583 47
-9.43676 59
2.04185 40
-7.12842 85
-9.88375 77
-0.151198 78
-4.67881 51
9.53809 19
-0.0664134 61
3.53858 37
0.141725 61
1.40971 52
0.528782 56
0.301503 87
8.20358 88
-4.4444 89
-2.99856 52
-3.50479 54
6.73253 27
0.726793 45
7.95407 21
2.99255 65
0.676295 19
-5.42618 6
3.41624 27
8.97581 29
-3.43418 84
9.6833 22
5.44238 81
-0.834846 57
-5.93513 73
3.33937 68
-7.41645 89
0.196333 32
8.33023 47
7.96335 12
9.68355 29
1.49674 30
-9.57391 93
-1.54507 16
-0.668871 55
-1.65783 82
-4.1392 48
-1.65024 4
-1.26334 41
-5.35139 93
-7.16379 81
9.97847 6
-5.34189 37
2.25766 63
-6.71405 38
-4.3785 89
9.10183 40
9.58069 52
-5.71385 54
5.39312 6
5.66586 79
-6.53427 46
-5.52946 73
9.24851 58
-1.7034 21
-9.81904 31
-5.48439 56
2.53081 30
1.64901 60
-6.45986 34
2.4259 64
-0.326429 14
3.43587 57
4.52733 26
2.23006 35
8.32438 49
-3.63693 22
7.87951 69
-6.98754 41
-2.48299 60
5.19356 66
9.65907 26
7.11346 54
-3.85926 8
9.80835 83
9.67758 29
-4.93737 37
8.89655 29
-5.12771 3
0.917541 57
-1.27698 73
9.79979 53
-7.00395 93
2.209 61
6.99891 93
7.13579 62
1.43807 5
-5.4188 18
8.75844 42
4.21122 86
6.19794 73
-8.83773 51
-9.43428 60
4.47992 26
-2.83032 91
6.55666 64
1.91232 64
0.582604 59
4.77844 39
-9.07846 10
-1.4795 26
-9.14238 14
-0.670436 34
9.44921 72
-2.19025 41
-4.21593 12
8.90078 52
-2.09578 80
6.15485 67
-0.828949 80
-6.06887 11
-4.55494 37
4.91045 17
5.72436 85
7.75056 22
-7.03624 67
8.98632 15
5.84795 72
1.04145 57
-5.51089 19
-1.55753 38
5.04187 23
5.42033 36
2.55965 14
-0.668414 27
-7.76559 8
6.46409 46
6.40156 91
-4.8418 2
8.17089 39
-4.87974 59
-1.85286 89
-2.50296 79
-8.03325 50
-6.02415 85
-9.49097 92
-4.84509 76
-8.76884 85
3.78046 48
6.95009 46
-3.98257 92
-8.96787 78
-3.83326 39
-4.55178 59
7.53288 32
6.35281 78
8.83496 19
-5.71023 76
-2.98588 73
-5.36991 73
2.85459 69
-3.34176 60
3.78302 40
-1.39576 29
-2.66468 7
4.59453 90
-4.59142 42
-3.17385 8
6.17009 67
9.20396 48
-8.44017 5
-6.80385 77
6.98961 46
5.09193 83
-6.85993 42
1.7301 33
6.24404 70
-8.32434 53
9.78208 12
7.20123 66
-0.42834 27
9.91326 17
-0.735758 22
0.0519082 77
3.07249 18
8.86941 79
1.03226 54
4.67448 28
-1.67201 28
6.18959 35
5.17816 4
-1.05906 86
8.54347 36
6.29396 69
-1.79792 44
-3.14347 59
5.51741 82
-4.52289 28
6.89106 28
-4.35073 30
-2.67801 43
2.75738 39
-0.0656914 86
4.24214 62
-8.55406 17
6.05504 27
8.4682 55
8.71318 2
5.46434 82
-4.28799 3
-7.88511 37
7.67572 79
-2.38911 84
-3.97653 85
6.13329 88
-7.16535 71
-0.68005 15
-4.90426 44
-4.28729 25
0.375995 89
2.84187 14
-6.53616 88
-7.97938 85
6.77524 50
4.59656 47
-5.32984 44
0.50448 88
0.686787 42
3.83602 54
-7.23827 30
8.9496 68
-0.154851 88
-6.34114 54
-6.73438 93
-5.40466 92
-9.70701 26
-3.07604 2
-3.891 62
1.53365 73
-5.1202 41
-0.663839 37
5.32632 78
-9.3916 20
2.02561 7
6.39854 33
2.61031 90
-3.40952 73
-4.22852 60
4.74574 40
1.04784 61
-3.18419 89
-7.3041 7
0.572519 39
8.40366 31
3.55417 42
9.4464 50
-4.88151 34
-9.92008 61
0.143841 91
-9.10271 67
1.23991 26
2.47525 19
6.38591 39
6.85363 84
4.58968 49
-7.19978 26
7.82256 81
-3.12766 6
1.73897 22
1.21868 57
-9.8477 3
-0.175157 10
-0.526333 11
9.87435 21
8.11491 92
1.61237 74
-5.21798 70
7.67916 87
-8.32578 87
3.8426 31
4.64768 70
8.88675 29
2.6898 68
4.18224 34
-4.13844 74
7.71805 13
-4.0195 90
9.59511 55
-9.67512 34
6.7911 21
-9.07936 73
5.95122 39
-2.45096 5
8.28125 41
-1.1469 46
3.34583 49
-2.34224 47
-4.67442 72
0.495532 81
4.86671 77
5.15513 69
-4.3727 78
-0.0794363 65
7.25493 72
6.21258 11
-0.169753 58
0.83034 20
4.25822 80
5.66794 40
1.8834 6
6.03556 16
1.0858 48
8.37446 60
2.89243 79
-1.71379 38
7.22133 88
6.15671 88
-8.00679 93
-9.02962 82
4.61443 49
-6.30615 3
2.42537 26
8.68608 66
-7.09666 34
-1.30434 5
6.30151 60
7.19148 14
4.81062 77
-5.37732 90
-0.877796 58
-6.04103 24
-1.77681 75
8.27767 42
-0.715559 7
-5.71781 58
-6.81759 34
9.01947 23
-1.57011 15
-2.39737 64
-0.851492 8
-4.10448 69
0.700625 36
1.45032 63
9.28508 76
3.17899 35
4.66232 72
-3.91948 5
3.69489 54
1.17827 28
7.58342 4
-0.344241 63
-3.73466 48
-2.52818 59
-0.291706 71
3.84024 56
8.96381 3
3.99301 85
-3.01834 67
-4.94133 75
-2.66856 57
7.58922 10
9.6771 44
-2.62422 71
-6.43561 29
-2.67341 82
3.03482 14
-0.400621 29
4.46942 57
6.53984 53
-7.78837 84
-9.08144 42
1.00999 79
-9.31832 46
5.10109 80
-0.68441 67
-2.7533 63
6.60586 29
-8.7012 53
-9.229 91
-7.71599 6
1.31556 51
-0.193569 75
-3.11753 72
-5.43501 12
-1.02681 91
4.16045 51
-1.6375 59
1.77872 49
6.42565 32
2.3846 11
7.1381 92
0.651457 77
1.15397 28
3.05523 47
9.01833 59
5.49691 59
-0.171841 23
-5.29011 91
-2.82626 81
1.95705 73
-5.47481 64
-8.89807 38
8.00748 42
3.32002 71
-1.00132 58
3.09366 79
-0.722821 20
-2.7803 88
3.06713 9
8.25582 18
1.69218 19
9.13991 17
-7.57288 69
1.01262 76
4.78841 83
8.6629 88
7.57434 42
-1.81848 53
9.12251 43
-7.11908 87
-8.75144 53
-1.32997 75
2.66749 75
-7.4098 65
-9.8705 43
4.18477 68
-4.08656 67
-5.09183 66
-6.01191 3
-7.37331 80
1.53147 32
-3.73708 46
-6.45582 57
4.32839 47
-9.01265 66
2.2729 51
-1.3815 72
-7.66041 45
-1.84164 19
1.32861 59
9.66516 77
-4.12971 76
8.44179 48
0.528682 29
-8.56056 89
-1.33877 35
1.31181 42
-8.75314 84
3.14722 37
-6.96051 49
-9.50818 68
-3.27342 72
-5.78256 72
-9.97317 36
9.06147 44
-7.92468 54
-0.712143 9
2.57939 84
-5.22257 39
-1.3725 21
-8.36245 74
3.04192 29
0.155205 60
7.67428 80
-6.99689 33
-4.31639 51
3.20718 76
8.74737 77
-3.03391 30
-2.46264 49
-5.60326 42
8.95531 17
-8.74394 16
-4.44577 60
-1.38382 48
-6.15929 80
6.58574 39
-1.09673 89
-3.54121 67
-7.47131 89
7.33312 83
6.37753 60
-5.89096 5
1.25602 8
-1.29299 7
-0.402594 71
-0.0963976 74
-3.55939 29
5.57924 92
-6.6421 10
-3.77518 19
-9.33696 5
-0.455243 79
-5.3568 68
-2.07318 54
-4.13109 79
5.70365 50
-8.85244 70
1.69489 49
-9.38762 82
3.19564 24
9.74162 53
-7.81275 28
-4.38185 70
-3.94106 14
4.97291 4
-4.12401 17
-7.79444 19
-0.305715 67
7.07807 31
2.37292 79
1.55955 59
3.28025 1
-0.173199 54
-0.125839 38
7.31468 2
-3.60081 17
-2.37706 13
-4.37317 33
-4.77699 54
-8.87145 56
-3.28505 13
-4.73666 41
-2.78473 26
7.57051 56
2.1854 55
5.76195 54
0.242621 31
-4.53604 90
-7.78244 6
8.32429 55
-8.71844 9
-0.227778 84
-8.7781 70
-2.34437 53
-8.99348 23
-5.72866 29
-1.22897 16
-9.24865 55
3.95512 8
-1.04416 37
4.8089 56
7.75865 54
7.30683 62
6.9008 61
-4.78602 67
5.85374 75
5.05426 61
8.10964 25
0.100834 54
-9.40168 83
-6.68695 6
-6.53015 75
2.91914 74
-1.97675 37
3.53064 31
1.15531 76
-6.41533 64
0.984928 13
0.757056 19
-1.08919 57
-5.02035 13
-3.62972 59
5.99807 24
3.69444 51
4.33747 8
-8.63612 55
-9.25718 88
5.95871 92
1.89505 57
-2.43626 29
5.54467 57
7.30142 83
0.289952 73
-5.99404 55
-3.17758 79
7.90497 81
1.32152 57
-5.54364 88
-6.90403 36
4.4165 80
0.24112 68
-2.39065 58
-6.12912 45
9.83096 83
3.55131 22
4.1933 18
-5.28139 73
-4.0694 79
-3.99045 81
-6.87642 70
-3.22765 52
5.08547 82
-0.257212 14
-2.21942 50
3.75144 7
-8.77712 8
-1.58141 87
-3.64609 19
2.23243 12
1.66472 74
-0.553394 44
-8.55935 38
-0.96158 77
5.22393 93
2.58987 41
-1.8757 4
-7.27572 81
2.30701 25
7.89236 45
-5.96333 86
3.18997 9
1.6057 19
7.05827 32
9.50219 51
-1.53333 56
-7.39703 83
-6.31181 3
9.25348 66
2.50135 84
7.84912 59
-6.20687 5
0.0613502 24
3.31871 84
-5.0992 18
2.95858 13
-4.91978 13
-9.43564 88
9.76162 2
-2.08962 38
7.35223 77
-5.78262 92
4.53125 58
-1.54222 21
1.70466 35
-7.59856 19
-9.31165 25
5.84495 20
9.66162 17
-8.92615 4
4.10751 77
-1.43032 56
8.8106 21
6.70576 62
8.67297 16
-2.16811 13
1.30729 73
-9.85789 65
-6.48762 28
-5.74278 14
-1.40819 47
6.0983 57
-9.42353 47
0.501293 33
-3.73594 78
8.57572 79
-1.32433 93
-3.45027 25
3.0732 93
-0.151155 67
7.61597 28
1.37971 40
-9.54478 38
0.554893 39
-2.59877 65
-2.54989 21
5.2625 45
4.03532 15
-2.60457 71
-8.21542 21
-2.84765 89
-2.40442 67
-4.2546 72
-6.06822 33
2.77815 38
-4.57083 69
-6.69847 71
-9.03882 66
6.18636 40
9.17972 43
5.15535 90
8.24177 18
0.307056 74
7.58763 40
-9.70271 6
8.72998 79
-2.75902 74
-6.52173 4
-8.08703 81
9.7014 10
2.41832 9
4.52786 85
4.38343 38
-7.14856 50
4.5719 76
5.54936 12
2.73338 69
-0.752612 18
2.32243 93
-7.31152 21
3.94239 64
1.34051 36
3.99933 4
5.298 56
-3.71807 23
-2.02833 38
-1.8632 21
2.63894 17
6.23106 67
-0.38767 18
-8.0359 71
6.40396 15
-6.03753 83
-1.29637 28
8.90587 56
4.62451 52
7.10152 59
9.25014 73
7.64986 87
-6.69062 44
5.69533 66
8.97871 42
-0.595815 89
-9.44264 56
-5.05358 63
-7.03503 88
3.73521 58
1.91279 90
1.27432 14
7.65684 82
-4.37769 13
5.46025 33
-5.48629 74
3.25615 67
-7.95238 11
-3.43217 68
-1.17146 80
-7.84693 28
2.08946 25
2.75069 59
-8.24827 8
7.16978 35
1.4608 4
-9.75631 68
-0.692444 79
2.464 56
1.47277 64
7.4353 34
0.196704 78
-1.62766 86
0.758106 74
5.93779 88
-9.26221 68
-9.12481 61
-1.14682 82
1.89976 45
-5.06628 54
-7.43309 40
-2.93155 20
5.48698 4
-7.74921 30
5.38984 61
5.38727 24
3.99377 60
-3.13181 85
-9.89079 73
-5.74969 71
8.33309 30
-0.675139 51
7.44955 36
-2.22082 29
-7.77674 35
4.22232 73
-9.00983 6
-6.31611 12
-8.07142 10
-9.23946 66
1.97143 10
-7.34311 81
-7.24587 40
1.29552 46
-2.3692 12
3.65312 89
1.14355 13
6.60655 43
2.39604 34
-4.20404 25
5.97041 14
4.7621 23
-2.16284 46
4.56098 29
5.08987 12
-0.390943 39
6.76339 21
7.20844 68
-8.30145 28
2.957 24
4.77073 80
-4.6048 68
0.180637 38
-5.27931 38
2.78492 65
2.17373 58
-1.10807 72
6.44863 65
-4.17576 28
1.16878 14
6.99312 20
-4.07702 56
-2.48183 87
-3.86327 50
3.07296 46
-1.28675 25
2.26203 6
-4.20258 22
-5.10858 41
9.78555 27
2.93738 4
9.09674 6
1.84054 87
-0.0769489 59
-4.05725 90
-9.34433 67
6.49188 61
-0.530508 48
-5.33992 61
-1.15895 24
-1.81691 27
8.59146 65
6.63799 75
9.43009 23
-0.804297 78
8.05786 42
-1.61033 15
1.5607 43
6.00483 69
4.96863 45
6.30395 81
5.43016 50
-6.20264 86
-6.39133 42
-4.78392 65
-4.18625 13
5.22808 66
-7.29779 63
-5.29401 15
6.57224 25
-1.2455 17
-2.03231 79
6.50811 63
0.677467 77
7.79596 27
6.95265 76
-2.36623 92
-4.28236 35
-0.546733 83
0.459951 16
-9.64109 17
3.63044 61
5.91605 13
-4.0592 78
-9.42313 5
-9.11765 58
0.687102 78
2.84925 66
0.541491 56
-6.79466 72
4.95714 29
3.17158 74
-6.70423 4
-8.39543 47
3.88355 35
-9.28054 66
9.66674 37
2.16418 54
-4.63114 89
1.15548 62
8.96681 71
-0.368586 40
8.45732 15
0.72264 54
-4.24638 76
8.09082 56
-0.620282 50
3.92045 30
0.784731 30
8.59061 51
8.77478 68
5.06348 41
-5.82784 11
3.05321 3
3.31787 26
-9.68737 10
-0.75916 33
0.000202367 19
-3.01386 24
-6.71636 87
-4.00655 13
-5.39295 8
6.96104 3
2.36684 22
-4.05794 4
-4.37127 27
2.18608 91
-7.41717 84
6.37591 69
-3.23336 37
-2.5368 26
-7.90567 84
-2.17479 54
0.599644 50
1.45408 61
9.60112 13
-0.255225 65
-1.5705 43
-2.35701 43
4.50723 87
5.0036 33
7.58286 39
-2.4338 16
4.22069 17
-7.89929 44
-7.80159 89
2.56536 51
3.12274 14
-7.32088 49
1.24086 31
7.11906 88
-9.49204 45
5.04926 86
-3.3788 86
-4.31609 6
8.40047 68
0.682956 33
6.33739 75
-7.89059 88
3.93692 22
0.208255 47
8.11956 28
-6.68324 51
9.23899 65
6.03808 43
-8.65703 3
2.07873 47
-0.253452 89
-6.09953 21
3.93285 56
-0.247312 43
6.42933 17
0.600652 64
9.4748 36
5.2873 5
-6.06094 74
1.0707 8
8.28051 59
6.73314 33
-0.778544 51
1.08292 86
-0.528864 83
3.6304 14
-4.86681 19
-1.54079 47
4.56191 19
-9.33072 16
6.85234 21
-7.21118 41
-4.13821 53
-4.04837 6
-0.427925 92
-5.43335 30
-3.35867 92
7.22239 5
-6.52927 9
9.62383 24
-6.84162 18
-7.40857 37
-1.00374 92
-7.91416 62
7.19253 90
-9.95987 49
6.65531 24
-9.52097 7
7.54473 12
-5.4545 1
-8.99286 56
4.75682 41
9.95062 37
-4.68583 44
-4.21915 57
6.89529 67
6.44339 79
5.81337 16
0.35085 43
-7.11276 89
-6.09106 43
-9.64674 13
0.166041 83
-9.10724 1
6.92335 1
0.62822 16
-2.88988 59
7.42151 83
-9.05373 88
0.0115957 14
-1.03814 10
5.46631 73
6.92106 5
-1.67788 80
4.27948 63
-2.59093 60
5.55369 42
-0.871534 41
5.64144 21
8.45836 27
-8.4399 55
-8.96556 26
9.02369 38
-3.15833 6
-6.09318 78
3.18496 14
8.41185 73
6.71963 60
1.80968 37
1.09667 5
8.92223 43
6.37909 11
-5.44613 55
4.31565 86
-0.460618 14
-0.242245 13
2.10492 45
2.73882 31
7.28762 61
2.79535 93
5.63595 47
8.86823 1
0.679926 44
-5.8243 5
6.69211 31
-2.78972 68
-8.05126 38
-9.22273 44
4.87434 89
-0.521487 37
1.0296 92
-3.84178 67
0.758721 68
4.0993 87
7.36731 52
-2.30172 58
-1.15573 79
3.65938 39
-6.24802 52
-0.191882 13
5.26055 75
2.01326 47
5.43167 76
-2.26122 18
-4.18262 19
2.1267 19
6.06906 62
-7.57809 43
3.76882 8
-9.63602 6
9.40226 53
-6.82779 13
-3.1133 73
-6.19496 22
-2.19198 72
-5.90139 15
3.25205 65
-4.01704 57
4.63673 85
0.976151 67
3.66791 43
5.89428 57
8.63726 49
-7.59455 84
7.87873 65
1.81834 80
-7.54777 32
-8.39461 56
-8.67017 44
3.80322 66
1.44123 67
1.38361 22
2.47645 25
3.76865 41
-7.47834 10
8.27629 85
3.9679 55
-0.340746 48
-6.41275 90
7.0827 75
4.18629 76
6.23795 38
9.50628 32
-6.78295 4
4.73155 17
0.448458 22
1.95317 13
3.20527 75
-1.51972 71
0.664573 3
6.77036 43
4.87992 72
2.7002 57
5.94706 15
9.28204 20
7.61735 49
-2.75835 41
-6.83501 57
-1.52193 62
-9.5796 22
7.36723 22
-5.13285 71
-4.33282 7
-0.39912 77
-5.63154 23
-5.65104 52
8.5493 50
-8.78663 25
-5.44432 56
-2.4739 28
7.16993 11
8.23043 49
-2.34444 66
4.69508 40
6.87579 55
0.9415 18
-3.6162 28
3.97486 74
6.53232 57
5.49137 90
3.55025 30
-5.94735 16
-2.01567 58
7.41397 49
1.28161 20
2.18934 71
-6.21809 8
7.44234 22
-3.98502 75
-1.98062 55
-5.00292 14
-2.03163 14
-2.55296 76
-3.05327 41
2.34879 37
-4.22626 89
1.11699 36
-8.99471 71
2.94046 43
-6.47427 53
9.24335 57
-3.10249 1
1.84965 9
3.90286 58
7.23383 40
7.82715 49
-0.865302 76
7.45196 44
-2.73715 82
-8.33391 68
9.43798 49
-3.12355 87
-0.454457 80
-0.90575 61
4.38326 12
-5.02581 16
3.14735 33
-1.95067 44
-2.54485 27
-6.06895 26
-1.03542 43
-2.14755 72
-8.96629 37
8.73485 15
-3.77842 41
3.53828 57
1.66798 93
-8.53237 93
-5.06183 30
1.157 36
7.73266 47
1.69409 72
6.72163 91
1.94205 58
-9.85036 77
-9.92783 33
2.1247 3
5.38119 92
7.5988 42
3.50393 41
7.42229 36
1.29444 8
-2.16867 1
-3.12089 31
-5.15563 71
5.15496 9
-6.65903 63
2.3327 13
8.68047 19
-7.75556 54
-4.15755 21
-1.96356 29
6.11856 62
-7.67559 69
-8.63672 12
-4.59753 71
-3.36954 61
-0.234246 48
-2.26984 22
8.2326 48
3.67039 71
1.99081 57
-0.762319 26
-6.72295 48
-1.28452 66
5.73982 20
9.8996 37
-9.29063 7
-3.08684 68
6.56188 15
-3.62565 89
3.4631 93
-4.35149 71
0.952679 58
3.42705 25
1.35721 62
-6.23543 4
-6.98532 55
-0.556296 32
0.492615 71
-0.187794 83
-4.31515 80
5.22318 29
-2.48536 65
-9.59632 34
-8.45155 50
-0.479945 84
9.14161 3
-3.83786 89
5.29154 80
3.85541 50
-9.05499 17
-7.74605 58
3.58409 79
-2.63411 38
-5.52616 19
-7.32313 48
3.98844 1
-5.92312 46
1.97699 30
8.94774 17
8.12629 53
6.37586 73
2.06904 6
-9.18511 27
-5.13305 84
4.70635 20
-6.59842 40
-4.01747 21
-2.33293 47
5.35296 71
4.54335 19
-1.66936 33
-1.78189 54
7.02863 23
-0.324556 81
-6.40176 65
-1.73315 51
-8.88619 50
-0.718118 18
7.18456 8
7.69291 45
9.08489 48
0.287615 81
-4.11662 66
-2.89897 5
4.54429 22
2.07285 63
2.80532 35
-0.333062 82
7.67478 52
-8.55734 16
-1.4486 43
6.86388 17
0.727772 44
5.0939 23
-9.44495 84
9.96541 38
7.10154 1
-4.82861 87
-0.245518 21
1.27921 69
6.46935 22
2.54245 37
-8.67639 56
0.494978 40
-8.00185 49
5.73128 41
2.71389 83
-3.2888 76
-4.03241 23
-6.27593 75
-4.08243 6
-2.63182 63
-3.54896 40
7.65899 49
-4.10058 12
6.69308 61
-1.80518 19
0.289516 87
-6.41999 68
6.11261 35
-1.45355 3
7.95132 56
-0.428518 67
7.20667 68
-1.32195 82
-9.59524 90
6.01787 89
9.03234 27
-2.5151 68
0.446499 60
0.858359 82
4.45182 55
-2.00124 45
2.78484 38
-2.07232 68
4.18294 27
-0.00621619 35
1.96325 9
-9.2274 13
-0.12834 79
-1.80281 84
5.50252 8
5.16696 68
6.84731 93
3.98507 6
-7.08089 92
2.98733 3
1.04095 23
1.00937 84
8.30913 34
9.17091 64
-7.47577 8
3.3232 83
-1.48762 78
3.12001 28
-4.95737 40
-0.146116 22
5.44738 91
-1.44215 44
7.62683 54
-3.60833 59
0.762945 50
-6.00352 62
-6.15019 53
8.763 61
1.13062 82
4.20706 18
1.86197 58
-4.04287 58
-9.07929 25
-1.30059 43
3.94674 92
-6.07354 28
3.94595 19
5.29183 19
-1.43452 9
-1.89885 73
6.51202 25
-7.34134 57
4.93292 18
-9.97025 9
3.05795 41
-5.80127 84
4.68247 40
9.94293 41
-2.23288 16
-1.5563 37
6.23891 7
2.05102 2
-5.56553 91
-8.20104 32
-7.61443 40
-0.5622 15
-6.00044 38
1.5676 34
4.25193 93
2.46425 10
-1.21651 84
-3.89051 13
-7.50805 79
-8.06718 25
0.938841 82
9.33005 2
1.37878 60
4.31306 86
-3.50363 30
4.83037 46
-9.23164 4
-2.20741 10
4.18381 71
-5.06523 68
8.201 90
-4.22333 20
0.643316 44
8.35659 55
-8.51577 4
-6.62863 50
-5.25604 41
2.20365 13
-8.29647 83
-1.51546 10
0.418552 63
6.08388 50
4.97785 27
9.2538 48
-4.59829 69
2.28982 71
7.20403 91
-1.0521 63
9.37751 59
7.49723 65
6.25385 12
7.06777 49
-8.68523 79
-7.04307 32
-6.13121 20
-5.33824 90
-3.86836 59
-0.596494 22
2.06866 30
0.587607 6
-3.42235 2
1.12349 66
3.50675 54
-5.36381 89
3.57231 64
-4.14184 27
-2.46165 67
1.89942 85
8.16527 32
-3.47252 50
-7.86701 9
-5.442 82
-3.49058 26
-1.83034 92
6.61527 73
4.31133 72
9.22119 33
2.33187 31
-5.25186 58
-9.1963 36
2.68278 81
5.65894 28
-0.840943 8
8.48176 93
3.80908 40
1.92858 38
-0.177051 11
-4.75855 11
9.18106 61
9.61214 22
9.12799 13
3.95236 65
0.375995 24
2.43444 82
8.66978 80
-5.90921 52
-9.44949 84
-2.72067 82
-4.04341 13
6.66949 13
7.53092 22
-1.29841 59
-8.77102 84
-6.78855 69
-4.76011 68
4.55232 67
-6.58289 61
7.538 38
-2.57917 52
8.99895 38
-3.43704 43
6.69867 28
0.391155 9
-4.99502 5
-0.227778 2
8.13734 26
5.62931 18
2.68315 5
-3.524 34
-8.96815 80
0.496261 47
-8.47592 33
-8.12401 1
-6.89227 53
6.37212 77
-5.27591 58
1.6074 15
6.23616 91
1.77274 42
-0.389349 6
-1.23552 9
8.22346 93
-8.86152 84
4.0793 18
-5.83364 64
2.8155 60
7.6178 15
-4.33547 8
4.33541 9
2.58742 43
-8.02969 41
-6.36976 36
6.26623 80
-8.814 78
0.145906 89
-1.28132 76
-4.1883 90
-2.79626 41
-4.16655 47
3.3005 90
4.42658 13
-0.936506 93
-6.93315 32
-6.28316 48
2.42667 33
-6.46409 25
6.04862 3
-1.13737 48
2.40592 42
8.88242 39
3.07582 77
2.21249 38
-5.8845 21
5.75351 67
-7.42125 56
-2.20794 62
-2.47876 1
1.30277 62
-0.320354 84
3.63573 11
-2.45464 86
-0.989534 13
-4.15929 3
9.72615 24
-5.22747 49
0.907191 13
-6.10816 25
5.33994 45
-5.07982 35
-4.38636 61
-4.18703 93
2.27987 27
-9.89132 92
-5.67796 39
4.0209 44
3.70419 41
7.04196 23
-0.82674 36
-6.72137 80
-1.08216 62
8.59049 89
-9.94528 17
5.63013 68
-7.9475 75
-6.70032 75
-3.42825 49
-1.74782 8
0.342373 64
7.79103 17
6.05644 72
-5.44319 61
-3.38658 1
3.88268 27
-4.10774 50
-3.80411 43
7.12132 83
-6.51469 53
7.61652 57
-8.38063 78
1.36299 42
3.44266 56
-2.32826 30
4.97858 73
-4.23809 59
-1.78507 77
-5.40593 71
-1.77128 69
9.07405 92
0.249754 34
1.62751 43
-4.3365 8
5.54811 4
2.19952 17
3.66295 30
2.78439 91
-7.29806 61
0.146971 53
-5.87633 27
6.60905 67
-4.49254 19
1.66016 28
6.11422 90
-7.40075 51
-3.60019 44
6.17522 88
7.56036 19
2.53998 91
6.30868 87
-8.36754 2
-2.31073 64
6.63067 11
0.0554462 4
-9.90452 69
7.78464 7
2.71601 79
2.24755 73
0.260075 3
-3.2324 93
-1.60852 22
9.53969 63
2.29762 60
-1.40505 24
-7.88161 62
1.12461 51
0.649105 6
4.7873 64
6.5734 92
-2.12025 17
7.74909 33
3.89326 42
4.63007 17
-3.86042 9
4.11075 65
-3.07829 83
8.51573 21
5.34857 15
5.2365 44
-4.68583 4
6.47068 74
-2.46951 51
-7.15578 27
1.86296 89
-2.76614 13
0.254857 70
-5.8472 32
-4.22848 93
3.80629 35
4.83923 54
-2.54748 23
0.150888 71
-0.272879 89
-7.13839 47
-9.35946 49
2.70201 28
-1.14213 2
-1.96405 32
-1.56728 23
4.22695 76
7.96117 64
-7.05556 17
-8.54719 23
-0.904971 16
9.96543 85
2.21325 14
0.969204 1
4.47487 38
-3.24903 34
-0.776314 45
2.33475 76
8.65153 39
6.34305 9
5.46316 30
-0.232124 43
-5.6098 52
4.86628 39
3.36843 66
4.29975 84
-3.65035 20
7.04723 50
-1.56514 14
-8.46027 6
-4.34594 55
9.54353 92
3.05089 86
2.93664 16
-2.28278 86
-6.09394 47
-3.50376 48
-4.45064 37
-9.41038 81
6.08862 73
-4.82846 6
-1.18815 43
1.12275 73
0.705771 54
-4.64467 68
-9.02393 4
2.6589 82
3.44185 77
-1.24756 78
-8.95043 82
2.88375 82
-7.20788 46
3.03712 57
-0.886988 80
-1.89287 80
-2.01518 93
-0.707475 62
-6.57222 81
2.39803 56
-0.99596 47
8.69175 11
4.56489 32
4.32046 70
6.20979 86
-6.02262 84
7.95183 34
-3.71786 23
2.21319 47
5.80766 10
3.56632 1
9.91958 40
5.44435 56
1.02201 50
-4.28853 76
0.781636 85
0.622402 36
4.30176 36
5.94856 18
1.0329 70
-2.20717 88
0.497876 24
9.99586 42
8.93386 85
5.62856 90
3.91754 87
3.80369 79
-0.721292 29
7.35481 65
7.00344 12
3.3008 60
-7.70538 49
3.90285 55
2.39801 36
5.5636 16
3.42059 13
-3.8836 76
-7.07118 88
4.63147 38
-3.1036 3
1.82595 10
5.44624 39
7.50872 71
-7.47141 70
8.05489 70
-6.10734 63
3.98742 72
-3.99029 9
5.29269 77
-5.28261 85
4.76917 77
-8.51439 91
9.41984 22
-0.331461 89
-0.668935 33
2.98438 51
-2.52219 52
-6.14586 86
-2.58878 77
-7.17891 15
-0.0375227 83
-4.75983 84
8.89054 78
-7.57195 70
5.03631 52
-2.34143 11
9.55092 29
6.03274 79
-6.12025 93
-1.60565 34
5.11174 71
-6.45766 18
1.54307 62
-4.08559 88
-2.16399 71
6.85427 34
1.3006 14
8.44144 17
9.95757 91
-0.0427977 54
-6.79232 74
5.5176 73
4.07255 22
-4.88266 31
2.74684 25
3.86092 76
4.99276 4
-3.14897 30
7.4696 83
-8.82622 26
-5.771 70
-2.64514 66
2.65738 8
4.83942 66
3.24 76
1.20507 40
3.48065 64
-8.8263 50
-0.326358 49
2.56766 87
-6.97045 68
4.89466 14
-2.80483 21
6.04627 68
7.3331 2
-5.73652 29
8.45041 38
-6.92889 90
-2.85559 26
-5.31996 68
5.39114 9
-1.77877 34
8.92158 19
-9.65833 48
5.56413 65
8.04055 54
3.32042 79
-5.89253 49
8.0647 5
3.76785 15
6.90668 17
6.2435 49
7.52066 74
9.5444 2
-6.4654 50
-4.39753 71
-5.66799 76
-2.96463 87
0.156421 43
-3.18086 29
-1.53851 36
-9.91369 32
6.1562 13
4.57856 4
-1.39891 9
8.1665 28
-6.78638 51
-6.44355 38
5.08143 32
-4.63955 32
-0.448639 75
2.27996 91
8.81754 28
-7.91172 86
-3.17788 61
-0.880926 23
-6.67353 76
-9.20873 60
3.59339 67
-4.54398 3
6.23327 91
-3.96629 53
2.53587 86
2.50751 24
7.58758 71
-9.18901 40
1.45711 68
7.93914 42
-9.29485 20
-3.81758 37
3.76163 2
-5.46569 56
6.33787 60
1.19245 18
-6.35961 80
5.86875 73
-3.52846 24
1.23242 77
-9.02668 88
1.57698 73
0.761773 64
6.05652 49
7.64195 84
8.58322 50
4.99434 20
4.75093 42
0.533557 50
-9.32158 31
7.36104 69
-2.55134 14
3.45357 39
2.34483 66
-5.09599 72
8.64871 89
-4.78514 83
-3.18885 61
-6.10134 65
-2.27781 16
3.65668 50
-0.885151 28
-6.02941 31
1.97746 93
-5.71881 49
0.758128 77
-6.03761 37
1.84612 76
8.80879 61
-8.64233 70
6.7165 67
1.83366 6
-2.29381 1
-8.5842 54
3.10634 80
0.442811 17
-0.97897 51
2.73361 93
2.97931 8
3.87635 6
7.97999 14
5.62839 32
-9.77345 72
4.747 25
3.63187 44
-5.04161 79
6.5939 37
-1.12971 75
2.21373 62
3.84171 17
8.84623 23
3.92627 86
1.17559 6
8.0786 30
9.95798 65
0.647418 85
-2.48015 4
0.963021 51
5.69223 5
-9.78204 73
0.579144 40
8.87282 21
1.58278 53
1.64638 92
-8.75052 21
0.426529 44
5.67097 22
-8.3834 39
-3.79249 20
-7.74648 81
2.9853 37
-0.128112 85
-8.01091 12
-1.04694 16
-5.70561 79
-8.02552 10
9.56838 61
3.4291 84
-4.54989 56
-2.59835 88
-7.98617 10
3.70762 37
-7.35364 25
-0.942296 53
-3.00585 55
7.9097 68
7.35471 4
3.62247 86
8.77002 41
3.55792 91
9.8082 91
8.76765 35
-1.44408 38
-9.89279 39
-0.640967 28
6.74008 90
-0.760653 51
-7.80802 70
6.88151 47
-9.83244 74
7.10048 4
1.19491 4
-0.705038 14
-9.45335 47
-5.40052 61
-7.63449 89
-1.03071 77
-4.9886 70
-7.18991 4
2.39183 70
-1.73497 61
-8.46768 29
-6.54195 75
4.4707 88
-8.10545 7
-5.01066 22
-4.95108 67
2.18201 85
8.92702 63
-2.79557 61
9.31132 72
-9.38325 28
7.53641 40
5.69993 85
-1.78853 31
-5.48799 49
8.90461 20
6.47163 41
-1.02264 33
8.42856 69
2.31325 6
5.60745 91
-5.746 24
5.00197 39
2.15018 62
5.96313 68
7.68127 85
0.43309 69
7.09125 79
-8.85373 27
-9.68096 93
1.79928 79
-8.73421 42
5.46115 24
8.57566 65
-7.9707 36
3.9281 44
3.37752 30
-2.12277 87
-9.72433 79
-9.58791 82
-9.62265 19
-3.85347 80
-8.07904 35
1.57758 25
-7.52236 73
6.29264 92
4.64914 21
-9.24325 40
1.09127 40
-5.54175 84
-0.235869 39
-3.91538 8
4.11407 6
-9.71551 64
-9.59879 23
0.734147 71
-4.60344 56
-6.65744 32
3.7468 44
0.0229032 86
-9.30327 40
-5.10445 37
2.06557 67
6.00025 85
2.98787 81
-6.8016 44
7.16722 54
-3.32518 39
-3.0806 69
6.15863 23
9.62988 26
-7.37804 48
-5.32229 79
-3.77526 64
2.35076 22
0.563648 74
-3.71821 86
-9.46066 39
-7.26837 56
9.84515 21
0.569281 91
0.609107 46
-9.3113 93
6.59005 54
3.04486 18
8.6379 4
4.53216 36
-1.57839 46
7.51296 22
0.866135 59
3.92385 73
6.28029 41
0.440391 12
-5.81479 40
0.161631 2
5.30248 14
-0.0876846 56
-4.29658 59
5.85498 72
4.74181 15
-2.94872 69
8.45446 4
9.13139 43
8.82621 23
3.24563 59
-1.81449 49
-4.45963 82
-7.60442 24
-7.33401 29
-0.823531 19
-9.96672 64
-8.30864 56
0.0686264 41
2.24397 31
6.17632 64
-5.30732 35
-4.97089 36
4.08917 14
2.49251 34
-1.23382 75
-3.60342 81
9.29074 19
4.77174 82
-3.31585 66
-7.69803 44
4.82715 28
-5.53372 33
8.17589 65
-7.66737 56
5.66515 2
4.56552 5
-3.38794 18
-2.99632 93
0.15136 70
2.25117 73
6.0094 14
-7.75239 69
6.91726 70
4.2105 40
8.6975 45
-1.4422 66
-7.29107 86
6.38362 59
-7.31341 6
-8.1422 55
3.57518 89
1.32294 18
5.70668 72
6.32371 86
-1.02093 39
6.25172 85
-1.46087 35
8.79406 78
-2.25921 24
-3.5717 21
6.98066 92
6.94712 10
-5.10749 59
-8.48241 7
1.13187 88
2.8389 82
5.38088 41
-7.53324 39
5.71074 44
1.73824 4
4.4659 34
4.18902 20
-6.63401 48
-4.65018 25
0.845693 42
-3.27097 40
-1.07221 28
-9.75651 14
2.8966 12
9.46811 50
8.39826 39
-9.65614 47
7.83375 32
-5.89495 50
-2.5145 1
-8.83466 57
8.77781 45
-0.216699 63
3.70682 8
9.13365 92
0.965923 71
8.26401 91
8.24335 90
3.60354 70
-7.36742 70
-9.33195 2
8.60674 7
6.66842 66
-1.01281 54
-5.4978 80
-6.6488 6
0.210128 84
-2.36771 89
1.2838 3
3.66728 21
8.44162 47
3.31093 19
-5.34133 15
0.452231 64
9.17243 59
-0.974882 52
4.12372 90
3.5468 73
7.89727 90
2.56924 60
3.96136 53
-3.61532 31
2.99979 69
-3.06852 9
5.68928 87
1.94846 40
-3.39786 26
4.08825 14
3.67952 9
8.59023 73
6.17678 57
4.28208 41
-5.49492 57
5.26815 50
1.44635 13
-9.53575 68
-7.33616 1
1.94753 14
4.69954 86
8.95097 65
-2.91615 32
-0.121779 60
6.95307 73
-9.74373 70
-9.19883 16
6.38628 23
4.22661 42
2.43309 63
-3.79948 93
0.442904 19
8.47572 5
7 3
8.47325 16
6.74103 71
-6.89161 17
1.394 85
-8.22028 19
-8.84332 45
6.19419 44
-6.24138 56
-8.0186 66
-2.63867 63
-1.12047 62
-6.68563 3
-5.38569 2
-7.9994 62
5.54635 49
-2.88227 90
7.62313 30
3.93855 89
9.12468 72
-0.915149 37
-9.60258 89
-6.37173 48
9.33305 61
0.00537724 65
-2.48389 79
-9.52733 31
-6.69906 60
-3.49721 63
-9.42163 58
1.62362 90
-3.49648 43
-4.39328 43
5.07528 2
6.80242 31
8.23726 12
-3.74467 6
7.25257 44
-4.09755 70
6.60314 68
1.05994 51
7.20385 76
5.60188 22
1.00909 69
-8.57647 42
2.7653 40
3.01306 48
-1.88532 49
-0.453028 85
1.37442 36
-0.848848 37
6.49602 8
-2.87387 19
-2.12485 21
-4.23791 6
1.97309 65
3.78698 40
0.822892 3
-2.63594 63
5.93333 57
0.593011 51
2.85547 54
3.68931 88
-0.701879 18
-1.27562 7
-1.15963 79
6.60188 20
-2.18597 51
6.95696 75
1.56507 79
4.26552 54
-6.11958 28
8.42406 41
-5.89567 75
-5.47322 45
8.43182 91
7.70967 38
7.89725 17
6.84566 44
-0.349523 68
2.63265 63
6.07914 88
-3.65095 18
-5.90242 83
-3.8643 44
-3.33387 1
9.72002 17
-2.36691 88
-0.17164 58
-3.57809 67
-1.20175 6
-2.67523 74
2.73888 1
0.155434 11
-4.99386 6
6.08678 75
2.3674 65
3.49404 56
5.91746 47
-6.31643 52
9.58776 65
-0.287653 12
-0.403266 81
-0.0239566 64
0.737864 44
-0.668557 42
4.34568 9
2.97617 1
2.8184 81
3.81797 61
-9.47075 78
-6.72451 11
-2.64696 74
-7.75811 41
7.86713 60
-7.60582 5
5.14276 77
8.04186 27
-6.9358 2
-0.627772 9
0.847266 24
4.74455 88
2.28095 13
8.83553 46
1.29945 31
2.26332 48
2.76706 42
-4.27716 22
6.47707 78
2.44191 62
2.93378 16
0.258188 48
5.70315 42
4.20831 9
-8.39721 66
0.340243 47
9.99439 61
-1.67615 31
5.37336 29
-0.0876489 28
-6.11269 27
9.85594 58
-2.98134 58
4.93405 64
-0.423179 72
-8.97331 13
-4.69451 90
-8.41315 47
2.95249 6
6.42583 44
5.69001 83
-8.3166 54
-9.18587 83
6.26914 75
8.10479 80
-1.784 45
1.2592 92
-4.70334 49
6.30484 50
7.08721 8
-5.53015 31
3.70342 69
-4.31563 61
-4.24343 7
-3.1652 58
1.91134 75
-9.5902 73
7.45336 55
5.04422 81
3.65123 64
4.52843 38
0.732361 40
9.44055 14
5.93142 88
-0.0686148 67
5.82193 82
5.21531 17
-5.13447 3
9.67043 68
-8.698 30
7.26975 80
8.96641 12
-3.67418 3
2.85216 73
2.55836 93
-4.57068 55
8.94546 80
6.34962 12
-5.29906 58
6.10951 31
-0.110814 46
8.5957 80
4.67886 54
3.38001 24
2.32732 36
-7.89798 80
-6.16312 67
1.59326 91
-7.90862 84
9.39226 61
3.62433 30
2.05088 47
7.22419 13
4.31138 3
-0.784376 43
-9.50194 50
-6.34332 12
1.86896 55
-6.70005 54
-8.90635 22
8.79601 19
9.23641 7
-5.12608 82
9.59904 23
-3.61689 13
-2.1322 53
-3.91818 53
-0.95459 63
-2.69503 21
7.52944 64
4.36345 20
1.03657 47
-5.45685 86
2.86062 50
5.31637 3
-4.90672 91
6.76767 66
-0.330303 41
-3.61369 65
5.93734 18
-9.03498 37
-8.82629 2
-1.53801 61
1.34198 34
-0.0742757 41
0.0750378 52
0.284742 82
1.69027 42
-4.86791 23
7.86941 57
-6.14232 24
7.33442 37
-5.48607 75
-4.05907 81
-6.55758 59
2.85702 55
-2.34268 40
5.75203 79
-4.75587 10
-5.75745 33
-1.43923 1
-0.381723 15
7.98533 65
0.554821 37
-1.45592 48
-0.85032 61
6.7388 28
-5.21935 60
6.09094 23
1.26427 49
8.44343 56
-4.26117 4
8.75062 79
-1.19951 82
-5.11343 61
-3.62743 71
9.5089 41
1.91472 14
-7.4645 80
3.66733 82
-7.0034 40
8.3739 54
9.51699 27
5.3268 32
7.9995 45
5.30629 26
6.4256 2
-3.16014 10
3.23502 15
-8.5622 72
0.675594 41
-0.808021 29
-2.6866 19
6.46366 93
2.15825 91
1.00796 70
-4.88928 76
-8.87276 63
6.91876 58
-5.66128 64
5.15061 3
-2.03095 21
-8.94596 5
-9.44933 36
-5.33385 25
9.01911 30
3.47441 61
-4.03075 2
-9.31405 48
4.43142 55
2.5215 13
-2.41955 44
-8.84466 42
-3.81756 82
-9.50946 6
6.40785 11
-1.69372 52
8.97817 11
-2.51269 26
2.5364 80
9.00001 71
-0.70784 77
-1.26031 82
-2.0809 89
5.72392 60
-3.24906 4
-2.65506 54
-9.51029 85
-7.55649 37
3.13344 49
-6.14789 3
4.55991 5
-1.6724 5
-9.66239 35
3.2789 13
-5.20404 30
-0.461476 66
-4.59527 81
6.00989 89
5.11775 24
2.20418 8
4.09833 28
-7.84937 70
7.58951 76
-2.49534 58
0.309294 57
3.98865 48
4.40414 14
-0.0128349 48
0.114693 15
5.57324 37
-2.65466 70
-0.940016 89
4.60757 59
-0.288461 30
-6.60828 78
-2.66933 68
0.0594418 13
0.0573975 88
-2.0287 45
6.79115 45
-3.40262 54
-0.807921 13
5.05123 42
-2.03375 42
-8.11831 34
2.39998 19
6.49422 91
5.01461 71
0.375123 17
-0.144322 20
-0.606001 36
8.38233 20
-9.96272 78
-7.90421 33
-1.84993 3
-4.76711 73
-4.22302 60
6.07979 70
0.14883 90
-4.93057 32
0.985486 92
-1.30213 8
5.01577 40
-3.8285 92
1.58599 67
1.7405 28
-6.55465 45
0.165012 75
-4.04586 72
-1.83044 46
1.63656 26
-5.54946 44
4.0529 92
-0.910532 15
-8.50975 65
1.48792 67
8.0753 22
-8.7459 14
2.76134 61
8.5338 56
-8.19952 11
-6.60552 69
-2.72131 53
4.65987 40
-6.61506 37
3.56407 88
5.4256 26
-3.85758 39
5.17713 87
-4.75384 88
8.81269 79
3.88301 32
-7.30232 30
-8.13246 55
-5.93798 42
0.666245 12
-7.16587 31
-3.10698 84
1.23051 21
-4.3062 34
3.32145 33
5.29651 19
-0.090801 6
1.6522 22
-5.05433 69
1.39007 82
-5.82829 88
-5.22183 89
8.88907 2
5.5233 42
-2.33584 43
6.96708 16
2.99119 68
6.24382 77
1.55942 38
8.09418 67
6.61505 22
-4.78678 62
-0.771704 73
4.43881 29
2.02005 17
8.39824 82
4.28704 46
-5.1019 14
-1.60171 66
3.0474 77
-5.54255 89
2.31321 28
6.97617 42
0.175476 62
-7.69996 5
-3.71392 51
1.29655 66
8.87828 12
-9.8499 18
1.33595 52
4.0147 38
-5.55805 69
-4.26094 27
-4.44182 86
-9.08381 16
1.67121 41
9.67849 74
-9.53048 1
7.76508 9
4.05892 51
-6.44279 31
2.65372 49
-2.15187 77
-7.59157 15
-9.05763 92
-1.08129 77
5.99731 83
-0.329074 8
1.99687 55
-8.09412 14
-6.18152 27
-7.57814 30
-6.02875 6
0.934381 33
-9.71916 90
0.506046 81
3.78446 5
7.92018 12
6.37074 11
3.95739 16
6.8458 44
0.204996 15
6.57378 91
-4.71335 15
5.26222 93
7.75603 43
2.67094 56
1.29905 2
3.76593 63
0.464711 83
2.45955 34
3.59867 39
-3.5857 49
-6.46277 38
4.53751 39
3.17418 2
4.6771 55
2.30126 86
5.50037 52
-5.79754 58
-6.67942 54
5.74146 45
5.29545 40
7.80398 92
-5.00345 50
5.12663 63
-8.52252 26
1.94527 39
-4.56216 31
3.31714 70
-3.22739 51
-8.20052 38
2.62026 65
-9.44779 60
-1.72032 30
6.51014 15
7.67998 42
-0.930752 75
-1.23043 85
1.84184 42
0.564349 61
-4.7033 90
2.86356 10
0.898121 28
8.84355 81
7.09784 67
6.82474 67
0.402084 81
7.67808 91
-6.82061 24
-8.84353 5
6.39328 69
-7.15432 25
-7.19358 29
2.15685 10
1.49747 62
-8.26171 83
1.62896 85
-6.59757 56
4.46421 77
-0.707332 10
1.78166 51
2.12137 52
-6.2813 74
-9.82514 75
-0.693652 36
2.57601 50
2.96109 8
-5.9507 53
1.28091 38
8.67781 31
-2.6501 27
-4.42493 47
4.64568 69
9.34573 19
-7.53166 50
7.67744 27
5.31854 63
9.02183 69
6.99818 79
2.37508 79
-7.95271 60
-2.67861 3
-3.92472 38
-9.356 32
-7.8939 15
6.52681 11
-3.51744 3
-8.37481 20
1.10517 1
7.01482 58
0.740523 56
3.46764 23
-6.10491 36
8.22573 87
-6.97926 72
-4.18462 63
7.7894 10
0.568151 80
6.86863 64
-4.38548 27
8.15195 4
-3.81223 5
2.92659 76
2.72864 55
-8.11939 3
4.59509 22
-2.52747 35
-1.20933 63
2.01112 83
3.98928 77
-2.36578 10
0.902031 66
-9.53714 93
8.40633 61
0.309351 75
-3.26597 28
1.37968 40
1.36791 1
-8.79535 57
-8.4927 42
4.2941 63
1.20063 58
-0.00920389 7
2.99689 36
5.66969 69
-6.30619 61
-9.04836 76
1.26612 83
-0.909653 8
-7.01545 47
1.73061 6
-0.24183 75
-6.7489 78
-4.59359 67
7.61308 64
7.73083 25
-3.35626 27
4.994 80
-4.11387 1
-9.57587 74
6.55086 57
2.4711 22
-4.77629 19
2.73408 64
6.08841 71
-1.09744 79
-1.26498 53
-5.40193 74
1.03859 42
1.2655 84
-6.36539 55
-4.19273 21
-6.07891 33
5.03465 8
-1.41035 10
-1.62568 14
-4.32706 15
-8.23206 24
-7.46609 7
4.75824 21
7.83488 28
2.7955 35
-5.11124 60
9.02705 51
-3.23476 18
3.356 83
6.65929 76
-2.75437 50
6.33767 63
-1.35677 52
-1.97141 43
3.63653 54
7.94446 17
-2.90826 61
-0.00185614 31
0.804094 43
2.31159 63
-0.0634828 13
0.0033902 79
-3.80453 3
5.74016 25
-0.0144216 2
-0.48259 55
2.67231 46
5.59406 69
3.3908 56
-3.97667 28
-0.306301 35
-0.880212 17
5.86544 78
6.06827 23
7.7723 38
-8.60179 49
4.42321 17
8.68736 4
6.51849 77
4.24313 10
3.37061 7
1.99626 26
-3.3922 16
-4.73041 11
-5.93436 69
-0.296709 77
-0.644784 39
7.03274 66
-3.54347 20
-5.24165 40
6.43673 41
-5.60212 44
5.49756 91
1.76379 37
-8.58602 26
9.99047 11
-0.6154 93
-4.97745 85
9.42041 4
-4.77141 7
1.01606 2
1.40225 20
9.675 34
-1.47209 71
9.36164 79
-3.94488 92
-5.16819 50
0.51483 79
1.13553 61
7.32484 29
-5.31292 44
3.85022 71
-4.52262 15
4.32614 13
-1.08123 86
-8.95649 72
-9.29845 45
-3.98956 34
-5.51037 28
-0.760932 87
-5.90154 25
8.69962 19
-9.90237 32
6.66312 80
-0.865402 20
5.69846 50
2.93019 3
-2.92784 34
-0.639888 6
-4.92218 58
-2.03548 93
4.78513 9
4.01107 87
-0.826504 45
-6.29264 69
0.196747 29
-8.17778 57
-5.15248 49
5.08613 33
2.5732 71
6.56928 46
-2.18867 84
2.0592 31
-7.97968 21
7.14016 78
-0.8307 87
4.07471 74
-6.08909 84
1.62947 47
-2.14554 56
-0.0269085 66
-5.35084 59
-8.93035 76
-5.63412 71
5.84882 10
5.20991 88
-6.27819 39
0.287608 68
2.29625 51
-0.599168 11
-8.85503 79
-6.51991 42
8.13783 42
-0.825525 39
-4.39887 15
-0.155901 22
-4.11356 50
-4.22373 81
6.37608 82
-8.31575 88
0.752617 18
-2.79577 30
3.66269 82
4.93728 80
5.38757 44
7.75206 41
-1.7802 29
3.80746 69
7.92997 7
-7.93675 13
1.06451 50
8.03301 44
5.34559 46
-6.99701 60
-1.94455 41
0.110883 64
-1.45289 31
0.734934 79
-9.64741 70
-6.47674 56
2.65907 33
-0.8521 39
-3.8292 52
2.12899 50
0.380841 68
-9.05032 11
8.49003 16
-3.39435 6
7.70462 92
-3.2029 40
-1.93497 28
-9.37326 3
-2.37089 56
-1.11324 54
-5.72142 2
-8.63599 42
-8.50046 49
1.21745 48
-3.57801 23
8.88721 24
1.53494 9
-5.75011 60
-0.0636258 78
3.62377 54
0.286686 22
1.14613 76
1.00311 29
6.58439 67
7.76193 2
-6.99228 93
-8.41166 56
-1.05328 22
-9.35915 73
-1.00441 17
-1.76513 28
7.57959 68
8.76316 69
7.00785 76
-0.6695 71
-9.05495 39
3.00794 39
-0.921053 8
-2.68408 12
6.25047 9
9.90023 45
-7.56977 49
3.04576 7
-5.04461 71
-9.47367 28
6.33832 91
-0.343884 46
7.38837 88
-3.28205 11
-2.22322 83
-8.91897 75
-7.5707 40
4.64027 81
-0.21339 36
-6.55766 47
-7.79056 58
-1.88788 85
-3.85575 25
4.2508 62
5.37089 56
-5.07466 87
3.0598 48
3.78363 23
5.42286 14
6.89646 10
-6.99528 19
2.43678 65
-4.16359 26
-9.1067 12
-6.89462 15
7.87023 23
-6.35565 23
-0.747881 64
-4.96438 38
8.03554 9
3.31203 74
9.95072 14
2.48305 30
2.04581 14
7.61085 80
-5.63796 76
-0.92111 82
2.87777 84
5.68397 63
0.903138 26
6.11556 75
-9.97788 72
-4.34972 69
-8.95941 11
-8.42436 69
-7.4552 21
4.78711 20
-5.31768 73
-2.34015 82
8.20563 33
-8.63191 65
-3.01111 12
8.47352 17
8.64494 1
-6.67198 53
-1.96573 83
-6.09529 49
-0.846575 59
3.20852 49
2.78311 77
7.45535 48
9.60651 86
-7.85062 55
-7.48936 34
-5.725 93
-9.06933 79
-0.349945 92
1.75291 87
9.29075 15
9.64693 70
-0.599768 75
-3.89586 78
-0.138476 27
-3.40259 78
0.332237 48
7.25014 5
-3.77915 10
-3.27606 8
8.36475 80
4.67487 16
0.113928 66
-1.78657 29
-7.16713 17
9.65922 68
-4.93587 3
-8.63144 91
-2.18739 60
2.3878 50
7.93794 26
-7.71358 2
-0.740461 25
-0.933719 2
2.22066 62
8.96736 48
-1.81496 25
0.0683048 66
1.73256 55
-5.26657 82
-8.8079 86
8.76696 59
-2.21944 37
2.00315 64
7.02359 51
3.93106 21
6.65315 17
-5.73897 31
-1.47158 63
-5.29036 40
5.4858 78
0.575299 33
6.1629 86
5.73906 32
7.858 8
-8.74716 8
8.92588 10
-7.90707 52
1.25568 37
1.66901 53
3.98522 63
8.38561 61
-7.0689 81
1.61267 35
-2.33592 83
-0.940652 89
-5.20705 55
-8.24584 30
-0.615078 82
-5.1197 56
8.42028 66
9.81793 2
1.44453 39
-5.20499 93
5.57461 48
-0.491189 16
4.4731 9
9.60695 78
4.06941 78
9.9505 46
3.74877 76
-1.33833 22
-5.0363 85
5.84319 86
-2.17276 85
-0.00553716 26
9.96334 69
4.3302 67
-7.03783 33
5.8565 26
7.50338 41
-5.07495 8
8.4354 1
4.06934 44
-5.72085 11
-8.37547 81
-9.592 86
6.52707 15
6.51601 91
7.74409 67
8.00331 79
-1.70475 42
3.50916 56
1.30804 3
0.699667 2
8.16413 42
2.08421 73
6.58798 32
2.89395 60
-5.03975 5
6.49413 19
-2.8103 23
0.681212 66
9.18954 28
6.13661 37
0.915754 48
9.34954 30
8.7681 26
4.05624 75
-3.01777 9
-1.15119 53
-3.00477 13
7.11763 12
8.77617 19
9.26677 49
-9.19377 39
6.611 90
9.05864 66
6.45394 32
-7.65503 34
1.6718 68
-2.57225 63
-4.65294 11
6.46389 17
6.99766 79
9.06232 85
3.95655 39
0.197319 35
-8.69795 80
-4.23892 36
0.611923 22
-9.63332 53
-6.89898 2
-9.00173 24
5.87086 82
-5.31555 92
-3.20707 8
-6.88886 83
-4.29918 26
-3.59213 39
-6.66619 48
0.476805 1
4.27609 28
-5.94113 23
8.44971 76
5.26037 11
-2.13571 40
-0.700749 18
-3.1343 66
0.689882 81
-0.531079 85
6.13011 33
-7.47809 35
3.8872 4
7.92512 52
-1.22554 81
-0.228221 27
9.70881 87
-0.781353 86
4.20633 12
5.891 83
-2.07355 70
-8.93247 86
-8.10206 78
4.7122 83
-4.13036 88
8.25017 2
-0.665869 78
-0.379522 18
-7.91111 68
5.76456 45
-0.400121 29
-2.43909 45
2.26535 24
-0.814782 45
-3.46622 19
-9.29989 85
7.70841 5
7.48075 86
-6.34024 53
2.03644 73
-3.52857 42
9.99465 49
-6.40915 63
-0.949057 42
9.13466 34
3.1306 75
4.5473 26
-5.93842 28
1.75598 21
9.7352 15
-0.712514 6
-3.4785 19
-4.43262 61
3.24104 74
-5.70613 50
4.87188 4
1.27329 27
-5.0751 63
-6.50646 65
-8.8602 91
7.74671 75
-1.39033 82
-2.65619 85
-1.10598 52
7.60456 85
8.98172 87
-9.33405 27
-7.84764 23
6.24836 59
4.92509 37
-8.42554 54
0.316198 57
-8.23289 70
4.02506 21
0.861618 56
-0.864573 47
1.01846 2
-4.44477 52
-3.78813 28
7.00833 68
-6.42112 54
-2.63186 27
0.0628297 41
-7.07156 60
7.27231 46
7.1915 81
-1.7633 22
8.22628 29
-7.63427 29
4.41008 38
4.62754 69
-6.30677 78
8.15793 32
2.63217 80
-5.94323 27
-5.59691 54
0.817546 49
-2.91824 8
-2.57286 36
2.12038 70
-1.60575 92
2.12261 78
-8.19294 56
-4.45688 72
-1.63335 18
1.65923 15
-7.91785 91
-6.69082 18
5.63593 21
7.48116 55
-0.0152508 20
-5.62666 74
-5.44438 5
-0.639537 83
2.61343 37
3.21461 83
7.66386 40
-4.2372 58
-1.98176 52
6.19475 41
-4.26746 70
1.75696 74
9.8606 57
-8.54625 13
6.16466 62
8.77622 19
-5.2386 53
5.79637 24
3.37572 57
1.47603 49
-2.68391 5
2.21207 14
2.51097 40
5.81492 50
7.11905 67
5.655 23
-5.77063 50
0.833199 74
-9.10653 18
-4.97394 68
-3.59625 48
4.38882 79
2.31421 20
3.75393 9
5.5838 75
-4.13673 48
-6.24269 45
-4.6531 32
0.0944364 85
-8.39053 82
2.40869 67
2.55028 72
9.65323 52
-5.80129 84
8.78619 28
-7.50269 53
-4.6676 42
8.99418 42
4.94748 2
-6.73935 50
-4.94113 88
1.61355 51
8.23453 50
-2.73293 65
6.37874 77
-3.9387 37
-5.28977 33
-1.17651 27
-1.93528 93
2.48686 22
-0.798915 66
5.21259 81
0.872925 57
7.70653 31
1.74309 60
5.48253 56
-6.02429 8
1.03242 67
4.18001 18
4.64507 61
6.38709 10
-2.17532 51
8.53333 67
8.15291 28
4.24058 67
-9.56857 50
-4.88549 78
4.4608 18
-5.81845 63
1.96742 39
-5.79575 14
8.7909 49
9.59477 84
5.71114 20
9.39668 39
-7.9286 74
-9.16938 91
8.79854 43
-3.941 18
2.25442 75
7.09027 78
5.94679 81
5.53485 70
-0.273837 92
-2.43287 64
3.62818 44
-7.88981 34
-4.45838 64
0.971534 34
2.91047 61
-7.15044 12
6.21435 41
0.800835 56
5.91016 82
3.25807 58
8.20317 24
-3.57816 77
3.0824 65
7.57468 66
4.14584 90
2.72568 71
7.2332 93
5.33605 80
5.06092 42
-8.4957 62
0.323103 15
0.458979 63
2.045 50
8.33484 56
-4.7558 8
-8.25307 88
-7.52093 32
8.55944 18
0.0271631 10
-0.416032 18
-6.10596 27
7.40354 89
-7.87197 36
-8.65399 52
2.92859 68
6.28565 38
-0.789994 80
4.63215 77
3.28859 8
-2.1571 49
9.51916 79
-9.28949 33
-6.48843 8
-5.31989 59
-5.43989 77
7.16735 10
9.0574 26
-5.60826 8
5.9906 26
7.50119 25
-9.19818 28
-5.35082 63
-3.11134 55
-5.73678 5
-4.59143 77
-4.344 9
8.65027 61
-3.3777 55
-5.47598 35
-4.16124 3
-6.91638 58
-4.03226 91
6.01826 43
-4.29238 22
-8.65904 24
8.97831 24
8.20473 16
9.6719 84
1.4123 34
-6.58948 84
9.8008 51
-0.548805 44
9.69034 7
-7.24867 58
9.48442 84
-5.85438 80
-0.339988 74
6.89733 60
-1.28429 57
0.151524 16
2.80085 78
7.70094 67
-1.92538 91
7.01086 24
-6.78066 3
-5.56057 3
0.670276 23
-6.7128 19
4.29077 81
9.89365 47
5.39507 78
-0.821237 82
-1.84427 59
-0.608309 75
-8.19718 70
-2.73285 62
-7.304 12
4.71361 78
5.46336 86
-1.97144 51
1.9692 26
6.41209 11
-7.78899 28
-1.25828 77
6.90003 49
-7.02415 89
0.791621 61
-1.935 8
3.37685 12
-6.29072 82
7.47116 24
9.56292 24
-7.06547 34
-8.83952 25
6.87929 42
3.16368 62
-1.86159 35
2.46964 49
4.70936 1
-4.55936 27
6.17181 39
-4.9191 4
-0.252859 24
3.98236 6
-8.09481 37
6.28998 33
-2.36061 70
0.393164 51
3.56148 72
-3.68711 21
9.47174 86
9.45467 1
-6.42497 9
-5.51246 62
1.72039 73
-7.72994 37
6.65961 85
1.91548 6
-2.2552 79
-1.32691 20
-2.6102 88
5.29529 58
8.05634 25
6.31731 50
1.91671 63
8.25343 15
-2.93941 93
7.8981 16
0.524494 6
-0.491625 34
7.4791 10
-2.41558 8
8.67583 86
8.96508 45
-4.8808 6
5.62836 40
-1.18303 54
5.87369 57
9.79153 55
2.86799 21
-2.22349 3
0.744483 21
-5.00416 22
-1.96056 17
4.1925 13
-0.720162 57
-1.86221 56
-7.16577 24
-2.04926 53
-7.13714 85
6.13374 28
-7.95632 34
8.08686 11
5.26956 1
3.49504 83
3.74988 56
4.19536 30
8.5056 41
-3.92353 4
5.00075 55
1.20402 65
0.89697 71
-9.12085 82
-6.43801 88
2.42902 41
-7.8737 16
-6.52141 9
-1.31532 31
2.61907 26
1.57622 14
3.17057 25
-1.77857 62
-6.49865 82
3.53454 55
0.980411 34
6.89945 66
-5.4453 48
2.69043 34
3.38788 62
4.41357 27
2.78766 59
7.81271 82
-1.91983 43
5.15028 33
8.34099 57
1.46505 72
9.05029 81
-7.57583 47
-2.51397 9
9.45389 9
-9.22687 56
-1.32882 64
-0.243145 78
2.25157 67
7.0306 53
3.73952 31
4.65204 11
-7.18818 25
7.64368 79
-5.16167 79
-3.23646 20
0.908463 61
-8.39374 83
-6.5148 85
-9.26559 7
9.67937 61
-0.294201 37
9.63971 90
-7.86749 51
1.96818 79
1.68216 28
6.02456 79
1.37885 83
8.46922 33
-3.07736 59
9.48131 68
1.47428 38
5.92131 41
0.218233 8
-1.2696 36
-0.915764 84
-6.88848 12
4.61752 23
-8.19247 63
0.8124 41
5.20213 77
5.95674 6
-6.10898 93
-4.40723 68
2.21294 58
2.52368 63
-6.69765 24
3.83239 5
6.6508 74
-6.11629 6
-3.55022 89
1.01373 21
1.95432 44
-6.2383 90
4.68289 56
5.61262 88
-6.61693 91
2.49525 93
-0.576788 6
6.45644 7
9.97772 35
1.13295 87
5.66779 52
-4.65851 70
-4.79965 60
-6.83454 37
7.23866 51
4.34796 19
8.92753 7
4.96079 54
2.92738 63
6.96615 35
-3.06036 31
-7.36937 78
6.59958 65
-4.65223 20
8.10558 55
5.38721 31
4.9346 25
5.74155 51
1.93713 18
-2.06596 3
-5.18963 75
-0.728911 89
-6.00996 70
0.0999758 84
2.67735 77
1.31864 50
2.95086 89
5.03421 48
-5.08902 23
8.61786 10
-1.0797 70
-8.13944 4
-0.27423 23
-2.16119 22
8.54855 74
-4.91531 6
2.45488 51
9.28942 32
0.221278 22
5.47786 9
9.03738 28
-8.82828 67
9.01917 87
8.62053 60
2.11796 88
1.43518 60
-2.23415 85
8.08022 41
2.69023 35
-3.86069 42
-3.32692 49
5.48997 55
4.56083 42
1.83943 44
1.56965 6
3.66252 83
4.67864 1
-8.30633 72
5.92391 10
-6.62389 1
5.62879 54
2.50405 44
1.63529 20
5.99304 51
3.09633 92
5.91582 8
6.01703 55
-5.70053 4
-1.66019 24
-6.04985 90
-7.62625 49
8.45817 26
8.12683 48
3.84953 11
-8.38908 48
1.02711 93
-0.135202 32
6.24934 54
0.530133 33
-4.03708 2
2.60891 23
-2.16284 51
5.25608 26
8.92888 44
0.209427 68
1.22157 80
4.68599 72
-3.27276 69
-9.95304 19
2.8557 79
8.18131 49
7.46985 25
5.1791 71
8.52258 52
-0.649029 68
-5.50351 90
9.44156 67
2.35091 28
7.86994 56
4.20145 55
-6.29157 65
-8.4388 35
0.500535 78
9.17529 17
2.83583 66
-8.74956 59
8.27213 39
2.54897 81
8.85862 79
-8.26974 54
3.39016 35
5.02009 62
1.39525 32
6.61785 84
9.24897 92
4.45916 54
2.98283 67
2.22751 89
0.865106 44
5.62837 60
8.52894 89
-2.52225 70
3.11486 72
9.21742 76
-6.13711 5
0.745755 69
3.2055 10
6.44382 8
-8.31523 72
-7.59239 88
-6.57833 79
-4.95715 34
1.87095 86
8.5972 18
0.982527 50
-1.08186 3
7.03043 13
-9.03312 38
-3.07139 29
9.45093 1
7.19037 77
7.19942 42
5.81022 16
-0.638229 20
-1.80174 66
2.20405 16
3.26995 71
-8.01197 49
0.766247 80
-3.70053 51
7.12451 52
3.50228 73
8.65788 76
-0.929673 81
8.67122 93
-3.71138 72
-3.43904 55
9.86465 29
3.44441 19
3.5407 81
-8.11529 37
-8.43298 2
7.87806 83
-3.30517 22
-4.83307 75
-5.94 56
2.20077 68
-0.564123 76
3.09559 67
6.82387 17
-1.30945 72
-1.02752 7
2.9686 80
1.96695 62
-0.609546 23
0.993935 85
-6.90075 14
0.567086 37
-5.08102 65
2.20836 51
-8.25296 60
1.14119 17
-9.71451 15
-4.63578 44
0.969633 92
-3.58993 70
5.51775 69
-8.1927 82
1.14711 42
-9.40748 66
-4.05366 24
-2.63292 1
-0.83764 69
0.457385 76
3.2665 89
-4.11443 75
-2.05681 88
-1.65574 78
7.34424 58
7.49697 20
2.80106 68
8.26854 68
-7.7224 44
-1.70292 51
-4.40869 48
-8.21613 80
-0.506835 82
5.51634 59
9.7589 33
0.313311 63
7.3458 59
-2.52019 59
-1.77228 54
-3.41322 36
-3.8866 56
8.87727 60
-6.22925 2
8.61378 23
7.7822 71
-7.09009 17
6.28588 40
1.89205 81
1.3204 60
-7.15141 21
-8.40347 69
6.58707 50
6.91143 53
-0.893206 34
-5.68695 58
5.2303 63
5.86642 2
-8.42035 35
-9.24439 44
7.65293 45
-4.11857 88
8.99158 8
-9.84217 19
6.66559 9
-4.17104 52
1.87153 19
-0.605579 25
-5.11263 2
8.02831 67
-3.67228 19
-9.607 41
3.0335 54
-7.4436 72
6.7149 19
9.68262 76
-2.82898 27
6.74673 71
4.42206 30
-9.62305 41
7.72014 34
-8.09113 25
-8.99847 67
-2.04994 85
3.73261 20
9.06522 77
-9.96862 14
-7.86546 14
-1.21661 2
-7.16167 78
-5.22649 53
-4.17517 18
-5.82456 4
5.0474 7
0.958983 14
5.76285 74
-8.79095 57
8.6716 56
-5.17764 40
-1.20817 40
-9.66105 40
8.12094 55
4.05002 69
-2.01574 10
1.12797 56
-3.9418 60
2.44017 34
2.98037 44
-5.61682 9
7.75613 1
-6.84651 80
-8.9612 67
2.14341 81
-6.54493 30
-4.06687 91
7.30312 24
-2.48173 31
-3.86738 55
-7.89142 51
-3.30627 53
7.3519 3
-3.75264 44
-2.69216 2
-3.93539 86
4.19954 9
-5.05807 13
-2.15309 41
1.98172 62
8.99667 29
-6.48706 23
4.85734 36
-3.3126 91
-1.86538 28
0.210099 82
-7.66725 72
-1.29619 43
-5.91469 61
6.83316 62
7.57819 77
8.47963 24
1.21278 45
8.92915 52
-0.322855 21
-3.20429 48
1.12378 64
9.46172 3
7.83016 93
-1.19718 3
7.68222 46
-2.98987 22
5.59322 92
-9.09522 27
-6.57375 35
1.00122 19
-4.42861 64
0.600659 72
1.0738 55
7.43978 6
9.31803 3
-9.27064 37
6.3161 59
-6.96228 72
-4.98582 34
-4.9903 14
-5.69731 64
-1.45648 21
2.04941 38
-2.95646 71
2.87411 74
4.9552 73
1.40075 53
4.43778 20
1.34744 2
-4.63502 58
5.36987 1
-8.3028 5
0.710089 63
9.68837 51
2.46037 12
8.06652 32
3.3933 32
-4.49565 57
9.89421 32
-3.12073 35
-0.504676 4
2.9032 47
6.6374 31
4.51994 83
-3.22082 32
1.78163 69
-2.95938 86
7.21027 27
7.7991 47
0.0808989 48
-6.6476 48
-7.73191 83
-3.44965 35
2.45013 38
4.73188 34
4.56549 58
-6.76273 47
9.23649 52
8.78573 40
9.06168 80
4.86918 21
-6.34776 6
-4.15167 41
-4.36137 42
4.74057 8
9.00614 10
-7.55792 22
-1.33313 10
-0.741948 9
7.26146 80
-0.428497 15
-7.28257 47
1.12337 24
-7.38458 77
-2.57836 84
6.28366 30
-8.9861 14
-3.02157 10
-0.183992 2
2.80389 18
-4.41399 61
4.84325 56
2.40424 23
-6.23517 1
-8.15229 34
-7.17064 45
8.54001 6
3.52026 58
6.85772 8
6.5707 11
8.32592 17
-7.21389 25
6.91893 2
-2.72861 37
-0.596966 29
-6.31312 20
-1.55139 73
-4.77198 52
1.73734 75
-8.57323 18
5.40976 2
-5.63837 57
-5.61712 10
-1.07379 87
4.67392 46
1.90923 28
7.31953 25
8.41504 55
-9.66129 12
0.28209 48
2.46217 41
-4.60523 62
-1.02578 58
8.2528 62
6.23086 42
-3.06401 92
-6.0897 22
5.99264 73
3.40707 85
9.93607 27
-4.81464 29
2.73438 57
-6.51745 60
4.58281 57
3.26509 51
3.6025 90
-6.41736 45
-6.64711 82
-3.21125 12
-3.81006 73
1.98595 46
2.26375 56
-6.87997 6
0.513901 88
-5.65473 6
-1.79649 84
-2.07325 26
-9.30294 88
-9.84835 8
6.23504 53
-4.96441 82
2.72433 59
-2.29778 62
3.32803 1
-8.11053 81
5.27785 4
9.3927 3
2.36183 33
6.15692 40
5.42542 54
-4.79537 59
8.90685 86
3.8577 46
2.90516 77
0.369734 62
9.40389 33
-5.40882 31
2.95737 54
-6.63327 14
-6.78934 11
-8.14077 18
-4.88662 23
-2.28199 67
-1.82904 81
8.80003 78
4.79302 2
-8.59713 31
-4.17307 67
1.92301 60
-8.24138 3
-9.99709 91
8.00051 24
-1.36029 1
4.05849 87
4.19438 60
-6.34036 18
-2.24946 35
3.98696 87
3.30892 33
6.25758 20
1.37236 4
-2.64254 1
5.22686 43
-1.62744 77
-3.95261 25
-5.64258 39
0.656596 40
4.01181 64
-0.652732 29
-7.72608 90
1.24842 46
-2.14282 40
-9.29332 64
-1.93904 63
7.50303 49
-4.32724 57
1.98056 51
8.01223 59
-8.12072 48
4.60678 89
8.63943 19
0.88329 28
-0.675776 23
9.46591 11
-7.259 9
2.78364 79
8.8798 65
-6.04927 76
-5.32838 63
9.30527 60
-1.76095 59
-4.46117 6
4.82733 4
1.67101 5
-4.74482 93
-7.67 91
-6.17263 14
9.57527 53
-2.72815 18
1.45953 28
4.52523 52
7.06997 49
6.866 62
6.3108 21
-9.08507 74
-2.37601 67
-2.80623 42
-1.16989 31
-3.57113 70
-9.9593 21
3.91429 80
-7.79911 44
-7.93543 7
5.36247 27
-3.77831 63
-0.747766 91
8.94022 3
-2.02257 45
-5.72502 5
4.95464 25
-6.87345 36
-0.89242 40
7.70831 21
-3.09062 50
9.89129 7
-6.01443 90
-8.9181 26
-8.48945 24
-6.57012 12
-5.86007 93
5.35263 31
1.33562 77
-3.13684 4
-6.44658 27
-4.30437 63
-6.54955 88
-3.43946 31
-0.349373 38
3.70989 19
-8.88713 35
0.913267 48
3.4276 72
-6.6875 24
-9.52349 90
8.48196 61
-4.11468 9
-0.933747 78
-9.64042 17
-6.14727 56
5.59241 7
3.38701 83
0.263392 25
9.39864 81
3.5491 4
1.42908 81
-0.537698 6
3.06458 22
0.215517 42
1.44188 78
-2.98305 70
0.363923 61
-1.3605 57
-4.01264 66
-1.26635 36
-0.352132 65
-1.78937 54
-2.16984 59
-7.00573 15
-5.46344 60
-1.1697 30
8.268 42
-2.22069 93
-1.29492 6
0.301374 45
1.75212 38
-5.72306 15
-5.13368 35
-1.27612 64
2.84909 6
9.44368 92
-0.484548 14
4.0323 69
7.09056 89
-1.71505 15
4.88172 28
0.498898 65
1.49064 2
-3.15077 56
8.34645 5
6.74411 91
-3.94789 88
-9.95102 25
8.79424 15
2.91312 12
0.181837 25
-0.520558 45
-8.18601 93
-4.21433 7
5.20431 21
1.06279 27
-3.11513 48
0.908049 24
3.39432 18
-8.95566 69
1.93585 85
-5.8723 43
3.09429 77
-3.35801 22
-7.08617 81
0.639656 52
-5.96361 69
9.86975 3
1.69797 54
-4.81799 57
5.5356 65
-1.07404 37
-1.18843 23
5.74302 30
-9.00937 70
-0.85225 60
-0.0649767 57
4.71499 50
-2.38122 19
-1.15538 72
6.9999 27
-1.87682 81
-1.55224 78
-0.66697 39
7.75394 22
3.978 46
-6.44843 7
0.177735 16
7.661 72
0.591781 46
1.02607 56
-2.46055 76
-4.32716 93
0.288312 41
-6.71261 88
9.10521 89
0.229026 81
-6.81065 63
-9.70788 57
0.234008 8
-6.86333 75
9.90533 34
8.3267 53
-4.81093 30
-4.08793 44
-3.52047 68
-3.32326 26
2.42672 70
0.980168 12
6.82587 76
-9.11158 21
6.15226 59
9.45203 68
-0.581642 40
-0.452213 69
2.00614 88
3.88866 75
1.07623 83
2.58871 16
-9.82362 50
-6.4525 18
3.50082 93
8.8105 3
8.24508 57
4.07958 62
-5.1396 19
5.07839 11
0.865592 71
2.07237 77
6.334 27
0.90965 53
-5.00936 40
-4.35609 21
-7.54043 79
9.49696 74
-2.24486 72
5.06669 63
-3.23228 82
-5.69393 18
6.06962 37
-0.84576 28
-3.31709 21
-9.51961 45
0.182138 6
-2.97023 75
-8.17613 44
8.23806 26
7.65027 37
7.56628 20
5.69482 71
-1.90448 40
0.405986 41
2.45323 92
5.95601 66
-8.64659 8
-4.1675 47
3.73639 83
-1.66203 35
1.73719 51
-2.57292 3
9.38594 13
-4.95281 1
-0.0522754 39
-8.09066 9
7.83733 42
4.43363 68
-0.470525 31
8.21088 27
8.00919 22
7.61449 76
-6.70659 47
-4.57026 12
1.36738 51
1.93264 29
-1.84284 1
-5.26831 22
3.81788 28
7.83463 28
6.18145 36
-2.06137 69
3.95446 13
-7.95238 33
1.66246 60
-5.50554 29
-5.92266 63
5.20138 60
7.71192 85
-7.70328 51
9.71742 88
-1.53392 58
5.48995 19
7.58036 43
8.72845 27
3.05142 66
6.84327 25
-1.70978 18
-0.0236635 79
-3.44492 77
-1.53788 3
1.89197 18
1.18384 75
5.33326 41
-7.29129 49
3.15035 68
-6.00112 62
-4.71044 9
2.78404 88
-7.83657 16
3.52089 51
5.1674 15
-5.23363 4
-0.162906 71
4.98233 41
-0.383703 47
6.6197 21
-1.03191 82
2.47668 26
9.26818 43
0.959683 65
3.9461 62
-9.26517 10
-3.22388 6
-5.99751 41
6.21819 4
2.96183 30
-6.28626 28
-8.82837 37
-0.676076 52
8.8716 23
9.88849 78
5.39979 63
0.974114 69
2.72027 32
-7.76595 1
0.138952 17
-1.46416 18
-6.12576 60
-0.880783 53
-9.8745 18
-7.4234 47
4.26414 1
6.33614 1
-1.93518 55
-0.724994 11
0.00456241 40
-1.17867 65
-1.92173 29
7.72399 86
6.90927 3
0.335211 50
1.41759 69
0.172503 14
6.94334 58
7.10507 57
-4.75058 40
3.4743 28
-9.02462 71
1.69828 69
8.39383 23
-5.29919 13
4.93255 56
4.66309 28
-5.65506 23
-4.28748 22
4.78192 7
-8.91663 48
-8.04951 73
7.57988 26
1.74669 56
6.2225 41
-0.490517 44
-0.948057 57
-7.29899 58
-6.89467 57
9.31241 30
0.352365 32
8.40125 80
-0.997232 75
-3.75002 42
-2.55537 17
-5.43836 56
-5.31085 55
7.81024 89
9.60946 37
0.490929 84
-8.84989 61
4.44809 16
-5.77667 88
0.751588 71
9.29158 50
6.32752 14
-8.40214 54
4.95124 70
8.21747 73
3.03728 24
4.82861 4
-4.63369 81
2.42967 37
3.87148 28
1.4864 65
-1.41614 11
8.31896 12
4.90965 39
-8.88536 24
5.14781 89
-4.0042 84
-8.12483 69
4.21473 11
6.88624 34
1.76727 41
3.02378 1
-1.12749 68
9.20232 43
-4.26208 52
7.08168 75
-1.14251 12
1.7393 38
5.3864 57
3.79961 3
3.89815 62
-0.395875 57
7.21197 11
6.82768 72
-7.30663 45
2.05834 60
4.82484 21
6.29326 39
-8.2742 62
9.2378 87
2.88688 55
0.0654743 10
-5.55365 16
0.828753 83
4.89762 88
6.28485 84
8.77262 73
1.8909 45
-1.38248 74
-6.27031 72
0.277973 84
-6.38623 65
2.28778 51
-3.53069 28
9.06479 16
-9.02834 83
-8.5929 66
1.24093 28
-3.81806 39
2.9978 51
-8.65569 37
7.12118 46
-4.29368 69
-1.25883 56
7.28921 57
0.614039 68
-5.32065 48
-4.33431 83
3.473 42
5.38556 85
4.87594 32
-1.68499 70
-1.06259 35
-6.13185 48
-7.82285 17
-2.59572 75
-3.09846 41
3.13529 62
2.50961 93
9.91528 9
2.70883 48
7.33051 2
-6.03261 82
-3.13773 38
4.36587 79
-1.16859 59
4.92954 1
0.0963877 31
-2.60662 37
-6.5072 35
-0.834038 52
5.67172 89
9.37646 26
-0.40115 39
-9.53554 52
-0.258098 42
0.862919 35
5.18912 75
3.96551 90
2.69722 17
5.32927 48
-0.689242 77
3.99672 50
6.41419 62
0.692291 15
-2.93243 19
-3.79612 68
-1.4912 83
4.60454 83
-5.63665 81
0.949462 62
3.2471 73
-7.2492 1
4.09643 45
-1.34432 2
-1.25333 71
-9.00253 86
8.61745 86
-5.82099 55
8.22042 81
4.58412 77
-8.32872 37
1.00353 30
2.08113 57
4.63833 41
9.61574 78
0.0252476 5
-5.38248 75
-9.98499 20
0.927819 93
-4.60052 65
-0.661966 75
6.58023 73
8.2427 16
8.30175 58
8.46527 7
9.8201 45
3.23475 8
-4.2734 4
-4.82333 29
-3.4416 57
6.42287 86
-6.32753 3
8.68969 48
-3.40708 62
-0.826118 86
-3.74404 23
-7.65015 76
5.37277 55
0.117295 45
7.34015 24
6.81323 91
-5.64194 34
0.997909 60
3.54732 24
7.84017 69
-8.04845 86
-7.49725 50
4.43668 75
-5.68439 51
-9.53298 7
-2.81904 48
8.63687 63
0.435635 80
6.34666 34
-3.77777 35
9.24798 58
0.236145 71
-1.10447 61
0.278487 77
5.21961 9
4.85705 32
1.98171 83
8.87429 44
-1.64766 28
-4.77295 83
8.85276 34
6.35669 4
-8.96625 50
-8.77063 61
6.78293 21
-1.8045 19
-8.73661 74
6.20102 66
-4.63092 21
5.89075 5
8.29831 41
-7.84639 91
-3.67457 73
-6.01717 42
7.47036 84
7.96355 71
2.02189 35
1.56443 79
-6.49567 39
6.85447 30
2.50568 41
-9.88813 66
2.76641 52
-8.96135 61
-0.78968 27
-2.42169 3
-3.26831 19
5.23941 18
-4.08243 33
-9.20863 34
-2.28809 40
-0.690271 93
-9.43075 58
-1.37963 54
-5.59999 80
1.84234 39
0.895673 1
7.96701 92
4.79335 27
2.29088 21
9.10155 67
1.81101 17
8.9768 75
0.478721 92
4.46464 27
2.65705 48
-5.32243 71
1.51307 61
-2.78095 27
-3.09085 18
5.46068 23
2.85138 91
8.39984 82
2.81986 42
-1.30148 72
5.61829 81
0.11119 56
4.37818 52
-3.48789 43
5.65513 27
2.51725 75
-2.6274 3
-9.23875 19
1.75663 74
5.44275 7
6.26207 41
-0.160855 31
-8.35242 66
9.47056 65
-9.45354 80
8.37368 88
9.17445 57
1.24999 65
2.70999 4
0.743511 60
-6.03547 28
7.20238 79
5.63712 39
5.06979 62
-8.06623 60
9.79659 84
7.81357 63
-3.78128 7
-0.988812 62
-4.80318 53
2.16227 39
5.38806 47
-0.70844 66
-5.23844 4
4.27296 38
1.95099 92
2.64858 66
6.71867 26
1.84813 36
-7.93141 20
-3.34838 88
-0.808507 26
-9.28669 63
-4.17293 20
3.67873 67
-1.27459 22
-1.05787 88
7.84256 50
2.02584 45
-4.57255 28
0.0246329 9
-3.21138 26
9.39758 64
-1.11303 31
-8.07082 5
5.70768 8
1.99862 79
5.11437 67
6.69408 2
-8.50279 5
-1.42579 38
-7.73086 12
-3.92968 47
-1.39295 81
6.22055 46
-2.21709 75
6.47684 62
7.72028 18
1.35899 73
8.20184 49
-6.1759 18
-5.32231 8
2.76766 26
-6.2486 43
2.76657 91
-2.81882 84
1.54041 49
-4.36155 3
-9.53012 45
7.43397 3
-6.64267 79
-5.68349 66
0.692177 23
8.38196 38
5.71223 32
-4.69831 33
-7.15315 47
-3.16383 15
1.27645 48
-5.59014 88
9.57726 71
4.05881 49
5.08057 28
-3.15678 5
4.79911 8
4.87805 60
-5.44827 89
-4.8538 72
-3.76399 70
6.42787 70
8.82061 2
3.23005 84
-8.09884 58
-5.44657 66
2.55619 56
4.58784 57
-6.77077 21
-1.47574 91
4.83576 46
1.80825 80
4.34772 27
9.72051 60
-9.58759 62
-1.73607 61
-7.79702 39
7.3928 6
-3.29786 52
-9.77577 23
-4.62537 43
-2.91145 2
-5.12754 30
-4.44392 56
2.42845 26
6.78337 65
2.98759 93
-0.391344 31
-2.12943 79
2.90801 27
6.40371 71
-1.49481 65
5.71446 36
-0.61079 40
-9.64661 26
8.00307 31
-8.35442 2
5.90591 54
-3.34444 69
8.64717 72
9.3253 13
4.1204 11
-7.70384 76
-7.17761 88
0.029236 70
-3.55345 55
-7.51877 69
2.65069 58
-2.09806 43
8.89237 4
-1.52771 23
3.44475 56
3.12537 3
-7.08207 75
4.35198 10
0.564249 74
2.47619 56
5.6679 65
3.15125 1
2.979 80
-0.471054 71
9.36584 33
-1.29862 38
-1.09648 9
-5.78797 60
3.90694 13
-2.66627 26
-1.9875 64
9.64752 45
8.62449 73
2.11506 79
-8.15993 78
-7.86504 40
-2.63573 30
-4.74828 77
-8.88781 73
1.94452 51
1.5433 26
-9.64138 80
-1.2861 69
2.32849 13
-4.29112 73
-8.86418 57
-9.50267 77
-4.89246 40
6.09992 52
0.334553 45
7.65842 15
-5.69224 26
7.54022 2
-6.70165 56
7.60507 65
-8.32503 34
0.33341 60
8.85515 34
2.35916 64
5.38604 61
-6.20547 7
-7.54249 2
6.14277 25
9.4754 22
-0.649144 78
-8.9883 84
-5.20597 13
7.87161 14
8.69748 63
7.44461 58
5.43965 1
-9.35053 28
-6.91647 72
1.69797 37
-1.08166 31
-6.53732 47
1.23284 51
-7.37765 26
7.44208 22
-5.65796 6
9.25537 31
-4.35708 14
0.430703 43
-5.53562 9
-0.5188 80
5.44276 77
4.02995 84
4.11831 33
-3.28542 68
-4.43886 35
6.33973 59
-4.23213 46
-9.72055 70
-0.235247 26
7.64537 58
-2.8725 38
-0.0775636 64
8.87819 23
2.61387 59
4.91195 30
-2.4681 18
-5.87688 42
3.53933 20
-9.79537 65
3.67091 76
-1.82613 14
-5.23016 5
6.10007 23
-5.58604 41
9.52957 55
0.608778 88
-5.00871 20
-3.11294 48
-0.390901 54
9.85607 3
7.34672 14
5.64375 88
8.46751 40
9.74475 19
1.45415 78
2.49816 75
9.58262 62
2.93514 23
-1.62441 80
0.99322 11
1.301 66
5.2779 48
-0.460826 11
0.147886 6
-7.49311 71
-4.87181 11
7.03594 40
2.89185 68
9.9057 34
-2.3487 89
9.52503 63
-7.20623 81
1.65495 22
-2.26776 3
-7.73753 40
-7.00021 78
1.30295 55
-8.3906 39
-0.285845 78
-8.43511 45
-1.55642 82
8.58405 9
-3.10107 89
-8.04094 43
-2.78357 71
4.42522 26
0.0582267 60
7.41103 75
8.12109 13
2.84795 84
4.39765 8
8.51664 64
-7.94925 17
1.89832 5
-1.6343 87
-7.26423 60
3.38115 64
-7.03615 43
-1.18608 15
-1.5944 14
-0.342447 16
-5.19707 61
4.88481 6
-4.61806 15
-7.92975 4
6.65409 39
2.84767 37
-1.96122 87
8.52119 56
-3.89584 21
1.60194 57
4.03842 48
1.3669 7
-3.85675 15
-1.27047 19
4.62588 44
4.58905 51
-2.74811 57
2.92046 17
-7.75784 81
1.43072 71
-4.21793 54
-8.20678 19
8.73782 63
6.68237 14
0.248417 56
0.394993 52
6.88911 18
-7.6919 71
-0.128855 72
9.62729 56
-7.63861 8
2.27264 14
1.34199 78
-0.766922 70
2.39935 12
2.09652 76
7.53851 43
0.453904 63
2.32528 34
9.874 5
6.7787 46
-1.75211 71
3.36189 86
3.76016 54
9.52629 67
4.56913 20
5.41705 45
3.11729 1
5.85959 55
-9.04257 78
4.27453 11
6.53309 49
1.61029 46
9.02868 74
5.77621 29
-6.33212 29
-1.92363 58
8.59921 19
5.5828 90
8.81515 9
-6.59022 14
-0.88936 11
7.74968 80
-8.98432 32
8.28004 85
7.69345 79
-1.5101 24
-0.00804597 20
-0.82792 41
-6.40254 20
-6.32473 10
-1.38776 43
-8.94822 21
-0.216878 73
-6.11942 20
-0.190939 4
9.12939 82
1.84677 62
8.43427 32
0.208119 19
5.16103 3
2.13027 58
6.75175 11
-5.89263 30
-4.24583 42
-8.16487 48
-0.128383 21
-8.84315 76
9.72985 55
-2.70997 17
-5.54666 76
-2.24725 40
0.836873 60
5.61235 13
5.31886 84
5.85321 50
6.1802 7
5.24162 48
0.63927 74
0.452732 51
6.0351 67
3.8706 27
-3.35489 40
-4.88293 9
-5.60227 83
6.34195 8
1.85754 84
7.70797 13
4.06832 85
8.89736 73
2.65981 67
1.14279 71
4.60575 28
-1.7794 40
3.9063 29
-0.897752 26
2.4905 11
5.97147 80
-5.1369 19
8.9842 4
6.65303 75
-2.10853 67
-4.12781 6
3.95956 45
-7.54308 23
-7.92522 54
1.37963 83
7.29465 54
-0.165694 19
7.74557 41
4.07197 59
-7.02903 68
-1.09648 90
-3.79995 42
-7.156 81
-6.5609 44
3.51314 44
2.49596 20
-4.59487 52
1.42921 47
-2.82277 3
-4.64702 82
8.67513 25
5.1359 62
5.2348 52
-9.54546 37
-5.73255 26
7.16458 71
-3.96807 63
-3.69829 90
-3.42806 21
9.61903 24
-1.61653 28
0.415478 9
-4.49976 31
8.93274 48
5.56372 70
9.02 10
6.75658 20
-4.90159 47
1.04272 60
-5.38265 86
-0.475678 13
-3.41802 22
-6.37358 69
4.09773 34
9.67286 7
2.74193 2
9.34426 63
-1.30642 7
9.35953 34
-4.89821 26
3.4397 3
0.598107 26
1.88897 46
9.3355 63
3.46617 13
3.37247 68
1.54178 13
-2.22982 16
2.70171 93
0.435992 48
2.64913 53
4.65404 1
8.22404 8
9.88037 89
-0.0384376 91
4.51976 84
9.4861 78
2.65573 21
-6.98048 62
6.60143 18
8.45299 78
-5.77793 31
7.79794 47
8.36965 92
8.79564 28
2.3168 40
-9.31722 28
-3.29337 46
8.17152 16
1.69672 31
8.72395 91
9.54561 33
-4.46788 58
-7.5599 64
-0.909159 26
3.62668 39
7.44537 46
8.89693 78
8.21476 30
6.08909 49
8.68583 76
-2.39859 49
-3.61642 5
7.26836 22
3.32977 5
6.62679 49
2.42313 29
9.86708 43
-1.8227 87
-0.656163 74
1.60411 29
1.04982 68
-0.691315 92
-6.4355 37
4.9582 74
-2.76118 52
-8.42593 2
3.9434 43
-2.53701 32
6.82861 74
-7.03502 67
-1.09327 44
6.52687 55
0.674208 10
0.456063 88
0.283398 17
-9.84669 48
-4.99459 90
-1.23603 41
9.8828 11
2.41318 88
7.46639 84
-4.77716 57
6.19375 60
2.27436 13
-0.111572 39
0.165434 31
1.03224 11
5.02662 57
1.49282 55
-3.64228 24
3.5854 70
8.36439 58
-4.28215 63
-6.29753 39
-6.09203 13
-5.17302 77
-5.26308 10
-7.80157 43
-6.58475 87
-9.68841 61
3.39765 1
4.83237 82
-2.76765 87
-7.66612 71
2.77636 36
9.3059 86
1.85552 26
-0.991171 84
3.18166 74
-5.22053 64
8.33882 60
-9.39264 49
9.43019 63
-5.44043 2
-9.16791 33
-3.9404 13
7.28343 40
-0.319796 17
9.1473 44
-2.49766 91
6.36451 27
-1.92198 62
-1.36171 78
-5.51994 89
-2.59704 39
-5.73637 84
2.13113 40
4.46897 63
8.11947 39
5.08859 54
-3.33457 50
3.19357 44
-9.46432 52
-2.25958 23
5.84595 49
9.28435 34
5.16256 4
-9.35689 35
8.1654 9
-0.763305 63
-3.50351 50
6.28352 12
2.20282 8
1.47409 18
4.92569 1
-6.42372 47
4.3406 58
-5.56597 92
-8.15618 12
-5.9709 84
4.66668 93
7.70442 68
-0.439519 39
-1.87806 65
-2.98404 29
9.41345 52
4.25129 58
0.61361 7
-2.36997 89
-0.602048 37
2.14872 53
1.07613 75
-2.59701 42
-5.1638 35
4.54749 22
-3.94602 58
-9.51284 80
-8.15947 22
7.98044 41
5.41718 23
-3.11631 72
-1.96077 7
6.15181 56
8.47532 40
-3.66861 71
-9.39151 68
0.975058 82
-2.96876 18
5.29841 91
-4.47301 28
-0.924069 14
-5.60851 63
5.04243 92
-4.73156 6
0.563934 45
4.97546 52
5.85377 92
-4.17046 19
0.102156 44
-0.331075 40
-6.09621 59
-2.14447 86
7.35364 60
-4.83563 81
-6.09106 22
7.51127 12
-5.12339 18
9.17663 89
-2.77034 62
5.97779 8
-9.30993 19
2.94452 48
9.62858 22
1.06651 10
4.66728 76
3.59534 66
8.76482 38
7.43795 65
0.580938 17
3.11715 71
0.334696 26
-1.0138 89
7.54423 15
-1.23396 63
-5.057 68
-9.85318 11
9.83431 32
-5.87409 29
-5.15264 24
7.7986 37
8.18659 48
4.56904 32
8.12804 58
1.07217 23
0.012096 78
9.57896 50
-6.50564 53
-3.727 86
5.32055 21
6.23736 2
6.13664 92
-1.50925 69
9.75709 30
-3.27156 54
5.3615 81
-6.42374 79
-6.36775 34
3.95136 63
3.88007 57
1.94099 21
-7.18769 50
-1.64719 70
0.766026 81
7.31306 85
-7.35613 49
9.15162 67
-0.997911 40
8.08656 6
-3.09254 37
7.93789 22
0.894554 64
5.23989 54
-5.58974 51
-9.25601 91
-8.15089 14
-9.2762 75
5.80955 22
2.05435 92
6.82727 27
0.193931 22
7.5653 16
-7.07905 27
0.199985 62
-7.38668 21
-8.4312 48
-6.95591 43
0.0904338 27
9.82822 53
3.871 24
6.42269 88
0.664044 85
4.45043 32
0.98114 81
-2.73615 56
2.36445 33
9.49802 8
-2.96967 77
-6.86748 25
-3.97181 49
-8.56017 10
-7.45476 59
0.376338 65
6.39245 41
6.32782 14
-6.11612 53
9.62895 48
-3.61096 41
-6.58558 80
2.65451 1
-4.18041 88
0.399482 50
-4.47444 30
1.24459 90
4.05192 51
2.89095 77
0.140095 70
-4.21456 8
-8.7008 84
-3.60998 2
-4.36173 21
-1.06923 80
9.4482 52
1.10456 40
-2.15514 26
7.20429 25
-5.61134 76
1.95291 45
-3.74089 84
-2.64609 62
5.09951 52
-9.35549 86
-6.03261 13
8.25195 88
3.27088 9
-2.88627 83
-4.33725 26
-2.11427 2
4.42875 31
-3.95984 32
-9.36427 90
-9.25015 79
-2.19484 48
3.76458 79
-0.721063 14
-1.4372 13
1.48062 13
8.09044 18
-1.0373 41
8.76522 63
-9.47051 27
2.34648 90
-8.61134 28
-9.31947 58
8.41444 35
5.81175 33
3.38916 72
-2.22753 82
4.5777 62
-0.35216 27
9.29998 47
-9.3472 74
-7.25228 54
4.43395 36
-1.39008 57
-1.13669 64
6.80706 37
-3.54711 1
1.16884 88
8.1761 87
-2.97385 59
0.0196296 85
4.09094 71
0.162046 64
-8.39238 13
-5.73897 61
-9.67935 70
9.77756 13
-9.58229 34
-3.15283 65
-4.83697 37
2.39741 7
8.91583 22
-4.73933 16
7.98897 64
7.38285 92
6.66262 38
4.19931 34
6.93797 62
5.49791 72
3.11231 75
-2.09182 31
-9.32708 59
-0.937793 77
-1.61403 27
6.0744 29
2.73957 61
0.957553 26
6.45346 34
7.81174 51
8.41112 39
3.52076 59
9.56475 78
3.01331 49
7.10426 19
-1.14018 8
-5.37847 55
1.04873 74
2.24192 22
2.53699 17
2.36889 2
-1.61862 69
5.8229 74
8.43157 44
-7.76362 32
-4.91454 72
-8.68317 73
8.72077 36
8.43292 72
-6.61303 15
7.83751 61
8.40731 3
3.17173 23
-1.07912 53
-8.62969 72
-3.32665 87
2.19921 48
-3.47911 82
5.52848 61
0.96583 49
2.42444 23
9.28289 59
-9.46964 18
2.61794 6
9.5869 12
-3.70352 43
-7.05844 68
8.6273 82
-5.72866 45
3.04887 47
4.19691 87
4.80841 88
-3.53819 26
9.85644 43
2.0192 62
4.64069 57
-5.66075 21
3.99809 53
9.21693 32
-7.63745 10
8.6415 59
0.99292 40
-3.80636 84
2.17056 82
1.90725 68
4.30636 67
7.0494 12
7.40112 75
0.614975 69
-6.50309 9
-5.09023 63
-2.72484 59
7.82309 58
6.22453 6
9.89102 44
-0.722943 3
-0.717432 12
0.772459 33
-3.31985 54
8.89617 62
1.455 91
-0.666841 58
0.59251 67
7.4929 84
6.391 65
1.62887 12
-3.79823 1
6.53773 89
-2.60998 49
-7.63098 77
5.11352 31
0.69292 48
-9.14238 5
-9.9235 30
-5.21241 15
0.564849 65
7.93646 8
-3.54548 51
0.0584125 73
5.41546 32
2.95225 7
-0.558119 35
1.94252 90
-7.02395 45
-8.16877 49
-2.82305 80
-7.17574 55
9.21707 59
0.624203 42
-2.36213 66
4.60257 43
9.23299 13
0.865885 71
9.50178 2
9.995 8
8.59009 64
-2.45464 57
5.52413 53
5.18611 27
5.91496 33
-5.6244 52
7.53347 18
3.77212 79
0.954851 6
2.40636 54
-4.08431 31
-9.37432 90
0.680076 6
-6.81422 62
5.6434 5
-6.21816 48
-3.24198 85
-0.5519 2
-2.85231 74
-0.712479 7
8.55499 33
2.63237 19
1.66368 59
3.46363 60
6.70766 33
-0.356256 26
-6.63725 10
3.95517 8
-0.0533833 34
1.96336 16
-4.86233 1
-5.39376 30
6.33541 84
4.69118 49
-5.90088 22
-9.6454 64
3.07633 38
-1.92646 33
-5.30983 13
5.68561 87
-0.0319905 90
-2.59851 77
3.56973 23
-6.62563 34
3.02507 69
6.14896 50
-8.16211 57
0.827638 21
-6.90977 37
8.56403 55
-2.62664 54
-1.6528 89
-3.16652 4
3.17942 16
7.952 1
2.91098 16
8.65593 46
-0.507235 11
-2.67343 45
-4.96902 81
-3.09298 56
0.332752 20
3.11535 55
-4.0296 31
-1.37884 36
-6.51314 55
5.18425 61
4.98981 3
-5.29023 22
6.56417 87
7.97555 47
-2.43054 11
-9.57434 72
-7.48867 46
1.64728 5
0.958418 89
-0.649329 56
1.21989 29
-8.88559 73
-7.96697 73
3.5829 76
-8.12527 13
2.57812 40
-6.24755 79
4.2713 92
-9.26391 58
-3.4403 50
9.28643 29
3.95852 37
5.03744 4
-0.0560207 83
-6.45721 6
4.00613 75
-9.52045 76
-4.78001 87
4.64365 86
-3.66689 19
-6.93095 51
5.33512 88
-4.55979 5
7.80347 76
7.24572 43
-9.12123 66
6.7852 80
-1.66265 26
4.05445 80
-6.90819 6
-7.23542 41
-1.87429 38
0.544793 67
0.275693 45
-2.45177 56
3.8577 93
-3.82734 7
-9.73376 13
4.9354 90
-0.982937 71
2.35382 81
2.193 58
-2.73504 31
-6.82181 37
-6.16009 9
-9.62285 40
-9.4471 45
6.20044 51
2.92134 50
-6.83532 42
7.48708 73
-6.61663 47
9.76961 23
-3.23589 84
9.51165 63
3.60237 73
-9.4322 15
6.95671 24
9.81381 34
-0.673467 28
2.00462 61
9.8969 53
7.30156 2
-0.583185 22
3.85416 62
-4.39423 41
-1.03754 55
0.642973 3
7.40731 9
-0.601812 36
9.15239 48
1.85869 35
-3.29928 79
-1.99052 84
-0.176558 29
-5.87507 61
4.97531 28
-4.37874 76
7.74379 70
-9.89989 66
-0.660423 13
-5.13059 48
1.42443 64
8.11601 50
-1.58347 43
1.46728 25
2.21034 16
-3.36467 87
0.706744 55
0.00887956 93
9.9433 65
-3.08385 69
-2.92348 74
1.72786 42
-4.28892 75
-7.49748 53
-8.49943 90
7.48293 77
2.97497 84
-2.58474 38
2.14553 67
-1.21082 30
-3.33424 60
-8.63046 13
9.44838 81
4.49292 57
-0.481875 26
-8.13982 54
-0.556739 65
-8.73925 55
-3.59695 34
0.429073 56
4.29075 29
7.17837 37
8.11843 17
9.19982 57
-7.33016 7
3.06349 86
0.435063 3
-0.980107 79
1.78402 42
-4.37219 20
8.47842 77
-0.42844 39
-0.0171234 85
-3.81828 44
-3.17131 32
1.61844 76
9.1108 61
0.699739 80
-0.640059 80
8.22916 24
-7.77408 9
-8.12447 10
0.226338 12
5.51558 39
6.53186 22
4.8475 49
4.32767 76
-2.24082 64
-2.99451 39
-4.68251 13
2.03238 23
1.62248 89
-2.28417 65
-1.71564 48
-7.45712 44
-2.70919 73
-0.655576 83
4.72959 26
4.38865 88
-5.84977 87
0.85001 77
3.13509 46
7.67876 63
4.014 8
9.36035 67
-7.98725 2
9.90443 14
7.05052 22
-3.96411 60
8.20186 39
9.8415 73
-9.07249 7
7.80658 91
4.74061 55
-7.14638 7
3.49077 66
7.44314 1
-1.71224 33
0.597728 80
-4.92886 79
0.0534378 10
-7.14638 62
-4.62663 42
-5.06302 77
4.08353 33
0.439838 83
-7.23196 10
-2.37801 58
-9.20356 38
9.88357 57
-3.76892 67
5.45326 81
-8.30892 35
-1.44948 59
-1.22863 21
-5.53256 17
0.403621 85
-4.60131 82
-5.32161 71
-1.65497 24
0.153862 20
3.71209 55
6.83182 38
4.50646 80
-8.30415 20
-1.58305 63
6.66736 86
2.25351 64
-1.49468 52
-8.14577 52
1.8847 85
1.11257 53
6.54644 68
-5.85734 84
-2.00952 76
8.01942 55
5.92037 45
2.14759 15
-0.455601 60
-2.36634 74
1.84309 90
-3.32022 49
-6.00603 14
-7.30677 39
5.47634 39
7.4521 46
-0.562629 45
8.32597 43
8.15241 69
1.26524 10
-0.896865 46
5.4831 77
1.27193 52
-3.44691 78
7.69092 49
-3.68829 33
-7.77002 56
-6.20182 25
7.80348 13
3.82164 7
4.62477 21
-7.51855 11
6.54251 78
6.59297 4
-6.20038 91
-6.50509 73
9.86429 90
3.65897 69
6.9805 19
2.25371 86
-6.91409 37
-7.66499 25
6.91647 33
2.55623 21
3.38988 14
-3.36362 8
-0.425724 58
-7.5211 11
-0.170297 77
2.36755 93
5.68452 81
3.71846 39
3.13028 83
3.66514 7
-9.98485 55
-5.34998 45
2.48102 82
-7.3687 9
6.97024 91
4.50593 64
5.0419 30
-8.68181 72
2.92006 31
8.99618 77
8.70197 77
0.78481 30
-7.41167 26
3.39127 23
6.03587 59
8.64716 90
4.38522 55
-6.19354 49
3.18146 71
8.70163 64
7.72478 38
8.77015 9
3.29277 45
0.249604 51
-3.13292 22
9.04153 17
-2.0491 78
-5.42265 1
7.76953 11
-4.85555 54
-9.76039 62
-9.40108 72
-5.25914 81
-8.96644 22
8.38066 72
6.27272 37
-4.99545 39
6.55462 34
-9.54293 78
2.47671 19
-4.00324 69
-6.42233 10
-0.0756338 26
-0.975032 28
-2.84672 86
-5.5902 53
-0.173277 85
9.30642 73
-2.37581 76
-0.183841 83
5.71452 19
0.9422 82
6.96876 90
9.46362 79
-0.637607 65
7.05866 87
-1.17861 52
4.85869 87
-2.62887 40
-4.24894 5
6.36035 68
-2.15893 21
2.86918 75
-1.81648 43
8.71574 37
-7.40319 22
7.36117 32
6.15777 72
4.98677 38
-4.62322 17
-2.33189 42
4.64864 56
2.2402 68
9.4114 66
-3.29069 19
8.20154 19
-7.44395 15
6.9403 52
2.95388 34
1.20008 48
-1.27701 86
-7.57889 92
-7.60131 27
4.58983 25
-4.40666 45
-8.39831 8
4.18377 63
1.29023 29
-7.20845 86
3.37539 78
0.253914 63
5.88923 89
5.07159 51
7.66458 88
-4.8361 20
7.29474 9
5.30559 20
-2.16351 4
4.06958 49
7.66395 77
-5.4287 73
-3.24932 12
3.27381 49
-6.75552 22
1.43348 76
9.07589 10
6.65188 36
5.16855 76
-8.70678 74
7.26643 13
1.03552 5
6.23505 52
-7.22932 21
5.92721 3
-3.09253 26
-8.30115 87
-4.57717 6
0.185883 76
9.55113 89
8.1776 91
9.69892 93
-0.657378 86
0.824951 82
-7.49379 57
-9.46392 88
7.29146 3
2.0612 79
7.23217 12
9.74835 65
-0.996589 91
-0.307145 80
8.65594 79
-0.0294745 48
-6.593 35
1.05665 64
-5.23886 26
-1.10635 20
8.46662 20
-3.18396 88
6.21045 48
-1.15211 5
-4.03684 8
-1.06039 47
2.94223 62
5.70051 68
-7.04187 20
-6.7355 16
8.86461 69
-7.51758 57
-1.24709 55
3.343 47
-9.78403 83
-9.97526 49
-6.59524 32
5.16448 58
1.74539 36
7.70693 61
-9.64477 51
8.32299 41
-6.12659 49
2.78665 87
5.21049 59
-1.00398 56
-3.03963 79
6.19436 44
-8.9447 80
7.41533 92
5.96553 41
-8.30868 38
-2.78504 92
8.36233 59
-1.70523 88
-9.33965 47
-1.66666 79
7.03083 58
-3.32514 26
2.79579 88
6.56147 76
-1.7069 53
-5.82997 19
-1.50396 57
-2.28615 18
5.69244 20
4.6406 6
0.208941 24
-6.59141 13
-5.12325 28
-6.22254 45
-2.31919 78
2.05716 5
-8.90006 42
7.71473 72
5.53255 54
5.37221 24
4.98667 34
1.32829 30
-7.85851 6
0.357161 23
-0.615335 23
-8.60891 29
1.57572 71
1.09722 93
-5.34086 15
9.02276 23
5.39959 50
-1.59363 63
7.72508 54
2.63555 59
8.12575 56
0.00850789 33
-2.47553 33
-1.24258 90
-8.0158 12
1.53902 92
9.08547 48
1.68684 90
6.2297 61
6.77668 1
5.88596 68
7.76707 90
8.65601 64
9.31084 91
-5.47758 73
2.89824 20
-4.09759 14
1.24369 77
9.32662 55
0.115615 64
-2.63381 45
-7.85035 82
3.73752 45
7.323 93
-5.16349 5
-0.600547 36
1.47867 44
0.534886 1
-2.05604 61
7.5158 17
-1.51511 80
-1.70416 12
2.61787 60
-7.47938 44
8.75136 57
6.85725 56
5.34566 77
2.29065 16
4.10506 12
-6.78718 22
8.96296 40
3.15724 10
-2.01096 54
-7.66688 29
4.1161 91
-8.92545 33
6.97052 85
-4.06681 60
9.09199 35
-3.15286 69
4.2705 70
-6.81327 45
-6.76188 5
8.82068 8
-9.21138 32
2.28884 83
3.36297 84
7.94874 42
7.48622 36
-5.33399 12
-7.45921 59
-2.57937 8
-6.14731 24
4.76614 17
-6.39361 4
2.87995 64
-1.28728 18
-4.32143 57
4.81133 34
3.21448 42
7.10747 32
-7.7727 9
8.11917 85
4.64476 86
-1.98362 35
8.69876 28
1.14195 52
-5.08149 74
3.27302 25
-7.59393 42
-6.02262 56
8.62947 39
2.91564 85
-2.67696 66
6.1644 22
-7.99428 54
-1.88359 73
-4.12074 24
6.42706 23
-8.37328 38
7.80854 33
3.43744 86
7.61754 48
8.64791 67
6.99748 81
5.62283 61
-5.79182 6
7.88214 67
-9.51461 6
-4.13022 60
5.61545 26
2.94053 80
2.09718 23
-0.52925 17
8.62455 13
9.18975 75
-4.84627 40
7.20119 55
-3.56065 66
-1.8354 62
5.01195 88
-4.81661 57
-0.0351068 32
6.76471 33
-5.50624 89
-0.218986 23
3.78802 34
4.18155 74
-9.06305 66
1.56714 93
-6.00858 45
-2.46833 51
6.32475 30
5.66456 6
-9.80825 44
-5.27233 37
-4.74304 75
4.46443 52
-0.740647 52
7.92559 54
6.62089 63
0.969047 8
-2.93151 55
-5.00541 86
1.29785 46
-6.31644 63
-5.6376 72
-4.47384 84
0.562505 38
-1.10871 19
2.11654 57
-0.987154 18
5.29985 30
-9.27248 60
-6.74507 78
4.41372 93
-1.32926 43
-5.56433 16
8.48624 1
-7.28436 93
-3.63474 60
-7.47457 68
4.74658 79
-2.5246 44
9.62612 18
3.09923 34
1.95912 21
7.16676 27
7.78476 72
-5.13514 25
-2.39795 5
-9.05084 38
9.88532 38
4.99414 45
0.104929 66
3.61331 18
-7.72207 20
5.14081 51
-2.88569 62
0.964 76
9.2605 78
-5.15716 42
-9.28709 51
8.78253 32
3.58384 69
2.73981 35
-6.62229 4
-9.85551 37
1.5707 55
7.25819 68
8.72477 42
3.7088 4
-5.79637 65
-3.52024 49
-5.47692 70
-1.58964 20
0.756634 14
-8.86183 30
8.28504 6
6.25652 14
-1.14536 18
1.54799 13
-0.792553 81
4.38598 72
-0.475328 62
-8.45107 31
7.3223 62
-6.1049 76
-4.92024 43
-6.65838 60
6.2772 51
-9.50299 20
9.45018 75
1.37976 84
-0.150219 51
-5.98864 5
6.01757 11
-2.26049 60
-4.5292 38
-7.98164 1
-4.76344 55
0.80478 88
-7.63772 81
-4.1959 38
-3.17165 9
7.06506 6
-2.1232 66
-7.51107 87
5.46346 15
1.23583 84
-5.28883 53
-7.6425 32
7.12776 23
-7.36046 13
-1.34744 74
-8.29315 35
-9.99667 12
-6.52096 47
9.62762 68
-2.05515 8
0.747299 92
-6.38123 80
6.76839 70
-9.46043 7
1.68161 63
-4.21238 76
2.86808 81
3.80142 78
3.60034 24
9.21636 7
-8.93945 84
-3.71574 73
-4.49819 28
2.20987 57
6.00145 85
4.53619 33
-1.57279 79
2.53905 84
-7.05819 44
0.950456 44
2.5278 81
9.70656 68
0.275285 12
4.04837 47
0.653294 37
-3.81353 1
9.67468 13
1.1977 24
-0.659408 29
3.69549 82
3.106 90
0.0878035 12
-7.88991 24
1.65272 59
-3.64984 43
5.48602 53
4.8279 87
-1.32992 89
-7.30518 59
4.13818 73
-7.12871 25
9.25101 39
2.56409 65
8.7644 67
2.92016 83
-3.31441 11
1.93567 54
-5.09363 30
-3.62262 15
5.99393 65
8.99579 44
8.74443 18
5.84299 83
-8.36964 79
-4.20282 20
-1.55006 9
8.23749 42
-5.21553 14
-7.60118 78
7.72566 3
-6.28632 76
-0.920667 75
8.32018 89
0.0386136 54
-1.50784 80
-7.94034 38
6.44406 32
-8.03872 14
-7.99195 36
-3.32341 71
-5.13954 59
-0.701607 77
2.55124 48
0.875227 79
8.4155 67
-6.66826 78
2.20508 5
-7.08684 44
-5.69997 27
-1.32464 67
-9.13457 65
-8.60447 25
8.47498 9
7.12783 32
6.67756 72
1.83398 18
1.31983 44
6.81375 68
2.06508 59
-2.56489 87
2.01153 59
-8.5568 29
-8.70125 31
-0.490853 2
4.23985 11
3.46704 90
-2.02487 37
-5.88949 24
-8.07793 40
-0.268691 45
-2.38711 38
-9.49038 53
-6.76902 87
8.46297 89
-8.26138 5
0.0697486 75
-3.18466 76
-2.1539 13
-7.68261 37
6.48991 52
5.67663 44
-7.72322 12
5.46912 69
1.55073 71
-8.11218 61
-8.12053 45
8.21509 46
5.36641 78
6.00081 45
-6.98361 15
9.30733 36
9.25763 66
8.44688 3
-9.39143 68
9.80588 27
0.0278636 64
-7.43767 91
5.21876 39
3.13004 34
5.47763 47
-4.00654 4
-0.766457 34
1.15684 6
-3.22208 88
-9.17247 3
-7.1194 47
9.13496 31
-4.71047 79
7.6058 30
2.25584 9
2.10672 43
4.88384 57
-3.36782 12
-6.63031 28
3.78722 8
-3.48138 43
-1.0596 45
-7.403 35
0.204195 26
6.09142 13
-7.73695 43
6.95297 10
-9.24578 63
6.39187 40
-8.24973 60
1.12097 9
-5.91876 24
4.65927 15
5.91086 51
-7.40848 43
-8.18122 17
-4.01228 46
-4.11923 77
-1.52134 5
-6.05511 15
9.37787 87
5.85897 88
-0.96381 75
5.9322 92
3.20615 24
-5.27457 33
-5.8802 93
-5.50692 77
-8.60096 10
9.04772 43
-7.81455 19
-6.2744 77
-1.99571 50
0.0268915 36
-0.985567 30
4.25447 9
4.30479 38
-7.45261 43
3.84034 32
1.45523 32
-1.44913 13
-4.57471 40
-9.23026 48
0.139209 1
-6.53294 20
-3.29492 23
-5.0547 31
4.04669 70
-4.97065 79
4.31048 86
-3.91032 34
5.91463 24
2.51965 53
-2.32005 75
1.70571 9
-4.59076 54
8.95325 79
5.29988 3
-3.92881 7
-1.7672 59
-7.77723 49
5.49412 40
-5.65821 92
-1.74116 15
-9.56113 61
-3.16454 33
0.0447034 74
3.59179 73
-5.90755 15
-5.50664 2
-3.65357 70
-3.83731 11
-4.9731 62
8.8763 30
-3.9133 84
4.98465 30
-9.83288 43
1.01575 70
-9.69452 49
1.31916 67
0.424999 55
2.76987 61
4.74238 7
4.95674 80
-6.73146 30
-7.56127 20
6.12856 13
5.51779 75
0.561132 93
-1.93874 30
0.588108 71
-9.74253 75
-0.293164 48
6.86269 67
-3.81052 85
8.17505 1
0.11733 13
3.47793 18
3.61285 61
-3.66744 44
-4.51427 62
-7.59257 10
4.61058 31
-1.56817 88
-6.81624 66
-7.34788 29
-7.50808 41
-7.55981 63
3.38495 19
-2.03588 37
-2.27365 52
-3.69249 62
6.10412 17
-2.41578 27
0.33426 61
-2.11645 57
6.57313 6
9.07109 84
-8.8302 17
5.59857 70
5.20012 5
0.136936 48
5.61426 30
0.616169 89
6.53123 71
9.3891 69
3.9937 4
-0.511138 5
-5.37444 3
-6.76204 65
-7.95536 46
-9.30944 12
7.91993 12
3.66816 2
-3.21846 70
-3.85228 45
-2.04997 5
2.63697 28
-4.11369 31
1.83835 16
-7.27509 11
3.70913 41
-4.83678 69
9.42547 54
7.59594 64
0.33248 29
-9.30817 84
-7.63054 23
-7.74064 90
-3.24933 87
-1.98072 44
8.0518 33
7.94604 68
-0.247105 50
-6.10353 92
1.46485 77
7.49234 43
-6.26911 66
2.41993 26
1.08618 17
-0.310762 12
6.89744 51
-6.90926 56
-5.11211 51
4.76636 35
0.777877 87
8.98944 71
-5.10089 20
-6.50662 74
-6.99601 22
6.84871 19
8.58642 93
-4.69999 93
-3.40212 11
-4.14427 43
6.17241 12
-0.990156 43
-5.18899 25
1.24961 83
-3.65158 24
5.32001 57
5.56084 42
3.75671 1
-7.23073 8
1.19856 70
-6.32179 60
7.80089 26
1.73853 53
7.47512 38
-0.71255 45
-1.82004 60
-8.05896 27
-0.135373 69
4.66825 93
-3.8923 67
4.15202 80
-8.94201 30
-6.90645 67
5.57858 49
-6.52994 21
2.91491 4
1.0982 88
-4.07917 14
7.90139 9
-4.66207 18
4.61034 66
8.5994 30
-1.44237 59
1.70452 19
-2.00445 36
0.291039 51
-7.18607 84
0.331465 82
8.92128 90
7.47236 31
1.95013 52
4.53123 93
9.07183 61
7.07032 45
-7.43057 73
-3.34075 82
-6.27012 38
-9.72291 56
0.537988 37
-3.30154 89
-9.76985 51
-6.62223 1
-9.91551 93
2.25183 18
-4.24688 2
-6.61801 42
4.89356 21
7.56255 48
1.97226 38
4.16394 55
7.59948 24
0.423723 20
3.49934 42
7.08005 59
-2.72997 5
4.10196 26
-3.55841 34
-4.54664 76
-3.5728 85
8.38694 67
-0.851678 16
1.64947 36
2.379 10
1.63988 89
-5.44184 1
-5.62855 32
-8.40787 49
-6.82234 74
2.98174 71
2.43074 40
-2.86244 79
7.19285 90
-3.27736 84
3.42009 77
3.95803 11
3.82635 24
5.04589 27
-2.24868 39
-5.93873 28
2.78733 7
4.35895 73
8.09284 84
-3.07101 46
-4.42834 27
-9.09436 50
9.5765 44
8.64394 37
-3.61361 57
-6.20281 90
1.53361 14
8.56591 7
3.82599 74
-6.6116 92
-2.55211 1
7.63977 62
-6.40172 14
5.11958 24
-8.82627 3
0.560239 88
3.07053 71
-2.98657 84
-3.01088 11
7.95721 2
-0.440834 21
-3.08373 43
5.74186 23
-4.15529 69
4.37521 23
-5.4118 61
7.95432 24
2.54925 82
-3.61919 70
-7.04583 57
8.97494 43
3.739 15
5.91784 28
-5.99654 22
3.22262 85
-4.86124 78
2.4418 22
-1.16227 40
1.49997 45
0.14096 29
6.66659 62
2.17719 14
-9.16311 11
0.640986 20
4.02381 48
-5.23251 23
-7.58443 75
-3.67779 27
-3.49223 64
-2.73303 46
3.55076 35
3.61472 71
-5.84418 61
-7.57593 47
4.1119 34
3.1727 23
-3.58205 60
1.43213 45
5.85565 25
6.75973 81
1.843 68
-2.12547 65
-0.849177 38
6.27263 22
-2.49499 1
2.17772 24
-4.68884 79
0.671649 72
-6.05705 22
-9.3245 55
-0.838791 50
-1.17043 64
-4.14313 61
7.64945 48
5.53716 75
-2.19574 92
-2.53447 9
1.12595 26
-1.16475 54
5.94172 11
-8.97095 8
-7.61462 22
7.70761 74
2.30451 75
6.20301 4
-2.24142 52
4.11041 77
3.57759 18
-5.09125 79
-9.22394 77
-4.483 7
8.55069 47
-0.468624 93
1.61483 30
-6.16874 2
1.28008 90
5.17078 16
5.01968 67
-8.81459 81
5.58729 44
-2.23803 1
9.12867 53
1.55308 80
-4.29774 28
-3.1419 7
-7.36528 57
-0.196328 35
-4.49569 25
-2.45962 11
-1.42449 20
4.64781 67
1.70862 45
-4.94885 63
2.54458 59
9.99139 14
0.81696 60
4.73619 21
2.33495 78
-8.30207 27
7.70987 34
6.8953 64
-5.08266 50
7.16497 83
8.37136 44
6.58813 47
5.95052 88
-3.21595 33
4.06187 12
8.85293 40
-3.54052 8
3.26056 69
7.792 84
8.94365 51
-2.26261 44
-2.35225 20
-0.77953 43
7.99219 6
4.37733 83
6.2505 38
1.11417 51
7.9833 9
4.26129 1
3.56836 68
-2.05852 43
-1.73651 49
-3.90695 40
5.42409 74
1.85858 57
-4.12208 61
0.595898 56
6.77132 45
-8.84815 73
-5.06757 43
-6.83732 13
-1.37179 88
-6.431 91
-4.76429 51
8.01414 49
-8.91426 36
7.40548 16
2.2672 15
-2.11808 88
-8.69557 68
-9.4082 73
-7.46233 20
1.45712 45
-4.81568 33
5.09758 10
7.71182 19
-2.17366 91
-5.07954 71
6.91058 54
3.16734 91
-1.86775 21
-3.7188 20
-8.36993 87
4.4902 31
3.78159 56
-1.23002 27
1.73685 75
7.34517 48
-7.4548 21
-8.9964 54
9.64021 3
7.93687 35
-1.11401 1
6.40962 93
0.0848729 55
9.44464 5
-5.16903 20
-5.75174 91
5.93408 54
-1.47585 45
7.46275 43
1.73914 8
-2.51437 72
-3.91792 62
-2.21739 33
-0.282228 90
-7.42474 4
9.70382 31
9.2508 52
3.95688 56
-3.42073 83
0.894583 29
9.08842 16
3.34864 93
-7.80735 86
-2.14364 60
0.736706 40
-8.93298 8
2.33938 18
6.25772 65
8.20011 64
4.87451 13
-1.68074 1
4.16884 89
8.07326 64
4.24298 87
3.88128 20
1.83362 61
0.962256 83
-7.98496 80
-4.33551 68
0.109718 8
-0.390557 22
-7.78181 93
5.09167 8
4.57918 55
-8.33656 61
8.23196 76
-8.5055 33
1.06208 64
-6.46941 86
7.76156 81
-6.74281 52
8.90231 71
6.13778 88
-7.80038 45
8.55941 75
6.17268 40
-6.11533 11
3.69138 37
-0.506963 47
-8.24558 58
9.97511 43
9.80453 56
0.484096 9
-5.28907 55
-0.309747 30
6.64566 25
8.00041 17
0.378883 31
-8.03321 16
2.23262 45
3.19205 32
7.43738 51
-0.68278 6
7.95538 58
-4.74864 60
2.72899 62
-6.75282 12
1.20079 38
3.25352 86
-8.05946 86
-5.19447 34
5.63089 8
-0.772197 69
-2.72877 62
-8.75864 82
-7.68108 56
-9.86113 32
1.46679 10
9.37188 14
3.62922 49
0.422583 80
2.62538 52
-7.71507 47
9.59029 14
7.41443 45
-9.98409 64
-0.907272 56
-7.60118 53
-1.20919 22
1.88729 86
6.92748 60
-1.75551 41
8.10646 62
2.86382 40
-8.77177 23
2.71306 12
-3.57945 59
-3.7659 24
5.87442 35
-8.881 86
-1.38725 11
5.8779 49
9.40718 32
8.76969 9
9.79777 57
8.23623 21
7.55367 46
-4.63231 36
-8.41332 71
1.76845 64
3.4793 45
6.70793 91
2.07908 24
-6.6766 9
-7.51153 72
2.91823 70
4.94432 74
4.57709 23
6.29836 34
-4.75574 34
8.97521 44
-3.61685 91
-0.427754 9
1.22947 21
-1.90774 45
-8.45539 79
-4.96929 9
2.46393 24
6.75115 1
3.76205 49
-2.496 36
0.0550531 16
-1.64811 45
-8.76364 5
-7.21901 2
9.23802 51
1.67171 58
2.20027 29
5.96703 90
-9.60627 7
3.62164 88
-9.51085 70
-3.66991 84
5.09082 39
4.65797 74
-2.71493 58
2.97648 6
-5.3639 87
0.148129 57
-2.35183 34
5.53989 34
2.91392 34
7.27655 57
8.72171 26
3.08375 54
-8.06054 59
-0.883843 30
-6.32748 52
3.67373 70
-5.72833 37
-3.51659 81
-3.73808 78
2.48588 20
-6.07571 64
-5.59889 72
-0.532459 65
2.49706 74
-6.40164 4
-7.73628 83
-3.17801 52
4.57596 82
8.17823 37
-9.79665 68
-5.95551 60
-3.83635 18
1.27803 36
-7.20175 45
5.14204 79
8.568 79
0.277387 48
-5.50854 29
8.4708 84
2.65319 27
3.13457 19
-5.27046 66
4.51484 38
4.35398 47
3.90756 79
-3.31017 1
-9.81316 46
9.64406 8
-0.413844 45
-4.89319 50
0.61138 3
-1.90595 11
7.92687 7
5.74057 71
3.58607 91
5.04908 73
3.9354 20
1.08637 66
7.91629 16
-8.19916 79
9.2709 59
-5.23026 20
2.50177 49
1.90458 52
7.79253 22
6.40775 62
-9.7376 66
-2.49869 14
-1.8541 62
3.99185 9
-5.57426 40
-4.77903 21
-4.2588 57
3.40051 67
-8.26519 1
-0.480417 32
4.74551 84
-3.4133 33
4.07851 30
-2.52077 80
-7.29327 18
4.9024 30
-4.94716 18
-4.19036 52
-6.4239 45
5.85101 21
0.518118 76
-7.03954 42
6.36927 82
-7.02448 40
2.09934 87
5.76719 19
-3.63785 49
-3.96862 21
-3.94032 83
0.294655 55
-5.47205 79
6.47857 54
-1.05 48
-3.9091 42
8.85068 13
8.1601 21
-1.19288 38
-8.8618 31
-3.05702 39
7.22649 69
-1.36802 60
9.30177 69
2.12186 29
0.0395285 66
9.79447 72
1.18598 59
8.33181 57
0.577515 20
-1.90442 52
3.14424 46
6.2993 31
-2.01001 12
-9.76909 30
-3.59702 72
0.350235 52
4.26484 9
-6.74009 63
5.88274 39
4.66225 83
-0.794898 8
-5.79551 71
9.31614 40
0.493545 3
3.27518 4
8.63945 40
-9.65846 66
-9.61285 79
-5.14693 10
-0.304307 22
7.32459 12
-9.70436 50
-2.22256 67
9.20309 46
-4.19054 37
-4.13376 39
1.95449 78
4.80494 58
-0.992765 35
8.12616 3
-5.96469 37
2.01081 20
6.95077 4
3.04072 3
6.01725 53
-6.34957 3
-5.0048 58
3.70843 81
7.76424 41
-8.35765 70
-6.72167 18
-8.1006 23
-2.58563 13
-3.81844 72
-0.596387 49
-2.00076 49
-3.04128 19
0.193817 18
-6.01201 42
1.86456 35
-8.90986 92
-0.67644 78
1.03762 31
7.03917 25
-2.33242 23
-5.11904 73
-4.13405 37
-1.60426 63
-2.20705 65
-5.43221 83
-3.52596 33
8.73064 53
-3.48802 4
-7.71697 1
8.57769 13
4.04398 18
-2.45391 79
-7.54714 14
-6.68204 88
-3.9316 78
9.13062 15
0.973792 23
2.26655 50
-9.58205 90
9.04431 58
8.05962 40
6.54081 12
9.75263 16
9.10121 30
-1.67367 54
-8.19954 25
4.62132 40
7.28763 3
3.70786 86
-3.30407 69
7.85169 8
5.30429 21
-2.82851 85
6.4339 8
-9.44202 23
4.70374 34
-7.77601 47
8.6343 18
2.19479 21
-5.69264 92
-6.14128 8
-2.90247 39
-1.84251 13
-3.20842 93
-4.01388 60
9.05119 38
2.24381 38
-2.49237 66
-7.74644 13
-9.56007 18
4.37188 36
2.62112 35
-4.55353 48
4.61515 33
6.06915 85
-6.88833 60
8.28461 80
1.96667 73
2.03373 23
-5.12495 65
1.46919 10
-2.42888 5
4.76639 92
7.65633 69
7.68101 49
3.06961 17
0.183381 25
-2.34627 92
-7.79006 50
-3.13333 4
-9.35195 42
-5.4453 43
-4.95821 9
1.53812 27
7.46439 4
-3.1815 44
1.9547 16
9.82825 76
5.79988 66
7.70122 26
-8.53296 58
-7.14111 88
-6.28418 87
-4.19211 7
-9.08442 21
-6.25706 42
0.601474 59
-0.741469 79
1.98033 71
9.83889 49
6.49503 59
-4.63971 14
-6.75923 29
-7.69248 54
7.84139 35
6.87943 56
6.59716 78
-3.83877 12
-7.21838 88
7.8221 6
1.98538 26
9.81784 74
9.8562 44
4.90828 77
-8.98916 4
-2.9848 73
-0.456358 15
8.3608 7
3.81978 88
-3.15395 23
6.30627 66
-1.50394 50
5.92257 20
9.21589 57
1.41717 49
6.79342 54
-1.77045 51
-8.09055 47
-7.79978 91
-2.48644 50
3.67254 58
9.0351 28
6.21536 32
6.01577 52
0.508655 82
6.58798 2
-4.64022 25
-3.43746 61
-0.888874 44
-4.21145 7
-6.95496 7
-8.53879 1
3.87596 3
-9.25339 37
3.6773 51
-8.02814 79
4.25609 1
3.17203 28
-4.14615 39
4.39101 78
-2.71014 6
4.9884 16
-9.59579 50
0.438465 28
-7.81384 34
6.74747 30
-4.05299 76
-0.432728 57
-5.53624 79
-2.08236 91
7.12954 28
-1.2722 20
-5.9547 72
-2.59507 16
-2.8023 61
8.06331 64
-9.21631 42
1.91831 72
1.09695 31
-6.02658 74
-8.70802 19
-9.57847 25
-2.22439 5
8.42692 12
2.687 11
3.48588 18
-5.77288 57
5.15304 73
-0.781989 85
1.45643 15
1.91489 73
3.89709 28
-5.35106 45
8.40576 16
2.12644 19
6.94449 27
-8.12662 44
-4.25881 16
-3.10047 30
-8.72593 57
0.349077 84
2.77812 73
-3.67686 89
6.46663 6
7.70081 8
4.2254 67
3.12994 8
-1.71645 56
-6.98101 35
3.94444 74
1.07527 58
6.66656 11
-3.60422 64
1.77686 22
1.27882 20
-6.28868 50
3.73524 91
-2.20754 31
-5.73756 86
0.91807 64
-0.823745 92
-1.93791 65
9.11117 31
1.38495 3
2.85789 79
-9.67414 49
2.19593 37
3.73882 14
-1.52179 44
-5.28638 39
-2.36358 26
-0.885601 26
2.6497 86
-2.79224 51
-0.402351 8
6.62336 36
7.31261 45
-3.68522 11
0.00156041 33
3.45694 31
-7.49005 9
0.3622 74
8.71737 67
-5.49581 84
0.656167 18
7.31326 25
3.0042 65
7.87903 43
-1.19108 15
-8.81605 15
2.26038 93
9.65808 60
7.32749 23
9.97095 26
-3.0531 87
4.35344 65
2.42841 61
3.04657 46
-9.69477 17
4.24012 30
-0.860977 79
-8.05064 14
-4.82026 17
2.3597 31
-7.78422 19
-3.63967 65
-3.10666 93
5.18552 46
-7.20846 4
8.0455 9
9.77274 74
8.64225 7
2.30075 18
-0.89024 82
0.399911 83
5.29893 42
7.31149 13
-4.5891 89
4.62279 60
-7.75218 2
-4.46978 79
-7.95465 89
-5.78712 88
-9.94071 39
0.502479 57
-3.84438 29
-5.70597 44
-9.71716 39
9.7112 76
-1.95513 73
-3.70468 18
-8.60466 78
7.43595 93
9.48797 10
4.44724 63
-0.744864 21
-5.64664 56
-3.91507 43
1.83495 11
2.83895 85
-8.59766 90
-5.27019 89
9.60585 46
2.02924 53
-7.42889 91
2.20091 22
-5.80156 89
2.8144 4
-0.339995 21
-7.41635 80
-3.8 11
1.59574 81
-7.96129 23
6.52025 70
-3.90089 3
2.02864 89
3.12969 46
4.60789 48
-6.82929 60
-8.36024 82
8.04241 23
-1.06129 75
0.52731 86
-9.91288 13
-1.53087 85
2.49265 22
0.271082 92
1.79225 69
-4.31301 63
4.06628 89
-4.29152 77
9.13277 88
8.77778 17
5.39503 44
8.44951 32
2.88888 26
5.16185 60
-2.04118 15
-8.63139 68
-5.52978 17
0.993834 54
7.80137 63
4.64193 32
-1.83349 17
-2.18228 80
1.63793 43
-2.92373 30
-0.634134 92
-9.85525 64
8.6416 75
-9.17062 91
-8.74546 63
-2.90834 32
-8.12138 41
-6.73848 84
6.59127 30
0.327077 37
7.44122 1
-4.24533 32
-2.23551 4
5.94867 70
1.39846 85
-7.67953 90
5.67412 12
-8.9629 17
-1.30862 25
7.55654 16
-7.32349 35
5.47839 92
4.28597 28
6.39506 47
-7.31582 12
5.32211 43
5.53912 40
7.75948 77
0.261247 54
-2.6092 39
6.81493 1
5.63637 75
1.4843 93
-7.78953 10
-5.66824 54
6.71414 6
-6.71252 4
1.63488 65
-8.87384 36
6.66084 88
-2.03515 30
0.693606 89
0.845629 65
-8.73416 87
-4.23064 53
-3.43708 85
-6.77246 79
3.86869 61
9.22771 49
7.26528 20
-7.25293 20
4.34929 55
4.88544 26
-6.99319 6
8.35627 71
-6.96221 20
2.01671 83
6.59622 35
-1.50767 62
-1.75994 74
3.31612 67
-1.75835 35
-0.226606 83
-6.49906 79
3.03862 71
0.597328 4
-7.99234 2
-2.11437 74
-5.13799 15
-4.64906 54
2.59356 68
2.00974 62
8.91532 25
-6.59597 13
-6.81521 31
-1.41379 17
1.8516 39
0.862404 39
-5.36256 86
-1.56289 64
-7.1105 82
-2.21217 73
1.8836 21
-5.74712 4
5.65583 45
-3.79684 63
9.27228 18
8.14083 10
-7.2487 18
0.0613001 43
8.37727 23
3.35713 36
-9.49209 14
-2.79001 56
-1.2332 76
-8.15364 57
-1.44566 9
4.89307 93
-4.66064 63
-6.26868 79
7.23324 8
-4.74453 91
1.56742 65
-2.18531 76
6.49283 49
0.429659 28
-3.60457 23
6.69996 22
4.89783 41
7.8212 43
2.47462 36
6.17434 52
-6.04883 76
-3.5738 22
-2.24126 91
-3.75465 58
-9.9165 84
-8.07184 39
0.720839 92
-5.02978 47
-8.34999 13
9.66947 79
-9.23204 60
-2.06093 35
4.27592 5
6.69844 86
6.06648 22
-4.0073 5
7.4567 46
-0.454243 28
-4.00329 7
-2.7063 4
1.11243 86
9.7999 17
5.76223 73
-4.70731 51
0.319407 70
3.27579 74
1.04394 14
4.05074 25
-5.94913 14
-0.811166 29
-2.65328 62
-2.33178 93
-7.09542 55
-0.737803 66
9.05215 84
2.02388 4
-2.93924 40
3.44023 37
2.49269 52
-6.95175 7
-8.43938 9
-5.14996 11
4.30049 1
-2.87041 28
6.88559 18
-4.83028 5
-3.79486 8
1.72203 71
1.64174 29
-9.83925 64
-2.5572 84
5.86948 63
9.45467 26
-7.03947 7
-4.5002 38
2.55081 70
-5.18357 19
3.73487 25
0.809726 88
-3.20317 25
-7.88433 59
4.00921 76
-2.00733 45
0.947868 80
-3.51042 6
8.47584 74
9.94104 7
-6.04259 66
-4.74285 80
2.82998 46
2.53561 9
5.53287 50
-3.71961 64
-4.57385 8
7.94441 71
6.59885 27
-6.48606 49
-6.34667 29
5.05593 91
-4.94178 22
-8.72946 2
-6.02952 46
-7.43522 74
3.47017 60
6.43787 80
9.22351 54
-6.47256 29
3.74782 1
-5.1866 13
6.6361 93
8.6614 1
-2.63079 57
-5.16517 7
8.22684 10
1.79641 2
-6.5558 63
-5.86433 23
-9.73259 40
8.86106 85
6.8266 36
1.29502 37
2.78208 46
-2.93549 70
-3.55715 17
-1.78164 23
6.32772 40
1.86411 53
-3.48602 80
-7.24918 55
3.41056 17
-6.72791 85
-8.917 36
9.38497 79
-5.23841 43
9.52062 42
6.18739 15
8.33356 43
-5.53302 73
0.446756 52
-2.26496 1
-9.70635 33
4.53738 1
2.34681 52
-9.5444 42
0.910922 53
6.80926 71
-8.26556 92
-8.85441 4
4.85858 78
-9.95119 40
-3.89883 79
1.44528 44
2.27393 84
-1.89766 74
2.89468 44
-1.35041 14
-6.37997 54
3.36643 77
-6.02838 82
-2.80276 43
7.24059 21
-2.75453 2
7.56413 52
5.40005 14
9.08326 73
-2.37099 14
1.34915 42
-5.11789 85
6.9816 61
9.26466 39
-6.30409 15
5.86602 71
-4.8624 36
8.95122 84
9.43362 73
-4.9423 40
8.42119 66
-9.22303 17
8.96991 77
1.92983 29
2.13222 40
8.36818 38
1.76486 30
8.35191 2
1.50965 52
-0.872878 25
2.44171 32
5.268 89
5.1526 39
0.904575 92
4.78335 39
-6.30656 12
3.8632 85
-4.75404 6
9.32726 61
-8.54538 52
-3.34824 68
1.63204 70
8.122 2
-1.80508 93
8.96499 70
-7.73305 9
0.389075 13
3.46029 40
-8.49053 32
-2.20854 46
2.4668 27
-6.44014 44
-7.49604 58
-4.39162 12
5.20383 35
8.1212 70
7.35128 15
-5.95965 34
7.48526 48
-5.20259 69
-9.4207 49
-5.37752 10
6.89533 90
-4.05161 44
4.74314 19
-2.35918 28
1.41812 71
-6.23167 15
1.67822 5
-0.444429 80
-2.78571 54
2.5159 26
1.81642 24
2.728 62
1.02877 25
1.9565 26
-2.9101 69
5.1586 36
-0.652832 43
-3.06201 89
1.61641 14
9.11515 24
-4.92807 89
-5.44195 70
-3.18374 31
-5.39965 93
5.51415 10
-3.29317 69
6.34639 43
-0.978227 25
8.18828 27
0.894854 28
-5.3728 92
-7.64377 42
-9.42175 58
-5.43607 19
0.6839 12
6.1806 4
8.2405 44
2.39971 32
0.326012 26
4.61699 90
-1.35574 82
8.43462 29
8.57793 19
-8.24452 16
5.75623 13
-0.383153 90
5.41299 66
-4.83244 71
-6.60477 93
7.64536 57
6.5296 6
3.3447 29
-4.62062 46
-3.61123 89
-6.57979 49
-5.28305 16
-0.708583 28
-4.72147 43
-9.00021 21
7.62926 34
6.70673 31
-6.49744 13
5.92681 49
3.41389 58
-9.52458 49
-9.03776 72
4.589 83
-6.4513 77
-0.807149 40
6.77844 40
4.2729 29
-5.21391 10
2.6321 12
5.98417 6
9.33477 14
5.18564 17
-8.9581 83
-2.63612 76
-1.66708 74
-3.19033 80
-0.86994 90
5.23453 66
2.08725 8
4.3587 54
-0.234311 24
5.56713 2
0.742239 82
2.38606 43
-4.05228 82
-0.26343 45
7.00233 78
-9.17445 27
6.87071 21
6.438 78
-5.79888 73
9.59568 38
-5.72974 45
4.59799 33
6.62667 12
-3.60924 44
7.71567 86
6.33093 37
7.31096 87
7.82762 53
6.51836 74
4.0208 6
3.9569 73
5.20851 69
-6.18447 47
-3.50111 47
4.29993 59
5.79518 89
8.81265 16
6.02895 20
-3.14445 22
1.86144 92
7.90369 19
2.50308 31
-8.89038 33
4.77939 41
6.35087 77
6.70327 62
-5.62442 39
6.69441 59
2.70786 81
4.95381 13
2.64479 23
-5.55438 64
2.45337 61
-1.30171 80
-3.00071 76
-0.897859 11
0.441038 49
-6.7487 17
-9.60923 36
-7.79865 52
1.32407 48
2.1088 5
4.62596 19
-2.87981 56
-7.5369 40
-3.54941 72
5.84566 6
-7.86002 13
0.038049 49
0.940985 32
-4.66823 82
3.81833 52
5.0178 21
-2.72836 2
-0.481161 62
-8.36849 39
-2.4816 26
-2.72415 47
4.60046 42
-3.61537 60
-0.95266 18
9.40524 21
4.83304 14
2.7851 62
-3.17775 82
-8.45275 73
-7.11621 68
-7.51112 15
-4.86693 85
-0.0705018 75
-9.35173 57
7.39119 84
8.49265 14
-7.72836 55
3.66623 58
-1.0706 92
-2.59975 42
5.4492 46
-3.21262 41
-1.59028 47
-0.0792004 28
5.7054 30
9.20086 76
7.67142 45
-8.32115 57
-0.484456 85
-6.90158 22
-2.77061 17
5.35952 81
-2.4026 16
-1.91031 36
6.41931 83
6.25775 59
0.24548 10
3.69746 32
0.96132 85
-8.36442 12
9.55142 62
2.07894 90
0.700454 81
-2.90016 76
8.36705 38
8.95381 21
-5.32527 57
-2.22397 69
-0.790266 22
-3.86777 34
9.87307 60
4.05054 48
6.21475 19
-6.915 27
6.47391 81
2.05115 9
4.38346 27
6.40051 29
1.27476 85
6.69382 24
-1.94014 46
-6.52356 30
8.66602 80
-8.51444 77
-3.98773 16
0.293698 75
4.59652 67
-3.27881 60
5.31911 47
8.40719 75
5.36189 93
-1.82008 75
-2.88274 39
6.70063 25
-1.7373 31
1.81652 68
-7.91194 79
-0.273987 29
4.08345 1
-0.863429 38
7.07526 46
2.7344 10
2.63624 17
-6.32605 76
8.09608 43
-8.26115 42
1.16106 39
3.91365 68
3.19763 40
1.83252 2
2.85867 22
6.37896 16
-2.13174 5
-2.91722 13
-9.79532 14
6.48257 73
-6.17976 53
4.57935 3
8.91542 62
4.64699 22
7.23944 77
-8.14627 59
6.92498 39
5.41702 15
-6.90487 76
-6.27157 34
7.4988 69
5.97199 73
3.18945 85
-2.09743 37
-2.56374 38
6.89084 72
-6.4151 16
9.63845 20
-4.27337 75
7.74462 43
9.54564 61
-0.338995 46
4.17985 82
-2.89282 67
-4.83909 71
8.80772 52
-7.10301 9
-8.60386 84
-3.38568 21
7.98102 93
9.03494 67
7.27754 1
-0.807535 7
-9.10043 49
-6.69275 16
-7.39837 64
-0.513804 36
-8.07635 84
-3.05635 82
1.77001 46
8.08162 35
7.87175 35
-8.21339 59
-0.568511 35
0.432447 12
2.67685 43
7.14021 87
-5.02175 47
6.36528 77
-6.79504 15
-7.10577 25
5.47453 92
-8.34487 9
7.49549 28
6.06498 7
-9.8191 21
6.40207 3
0.0704062 76
8.36782 10
-6.9775 73
3.08838 81
5.90812 31
6.09799 36
-0.215884 10
4.48956 54
-1.9766 32
0.372779 53
-8.50695 47
-3.66671 88
1.27784 86
-4.22705 20
0.809691 52
-4.75549 29
-3.99681 73
-0.516062 79
0.846629 6
8.06811 23
-4.79331 4
3.96981 90
7.50571 91
-6.50298 92
4.05068 42
9.50877 44
-2.12766 65
5.07346 72
-8.30415 80
6.34585 32
-2.36154 12
-0.7872 17
-3.37894 74
-4.61103 36
7.92916 15
-7.43874 47
0.78105 58
0.778327 10
7.24044 92
9.79218 27
-7.57227 30
-5.20696 34
-6.17437 25
-9.62052 24
-2.05375 46
-2.63308 54
-8.91139 67
8.26107 16
-5.20606 71
5.05346 45
-6.87364 8
-5.47974 31
1.47807 47
-8.78623 77
5.00104 29
2.13725 88
-9.27821 41
5.75243 10
3.61864 52
-3.39622 39
4.83076 54
-6.98187 30
-5.23528 89
-5.40735 29
7.36255 28
-4.0456 55
-4.25524 12
2.08729 26
5.29314 31
-1.49481 63
-0.82669 72
8.08602 10
-7.38421 28
-0.222853 56
-0.432385 81
0.386516 24
7.80336 24
-1.9349 70
4.86561 60
-2.44016 5
-4.87368 48
7.54276 90
8.7788 85
5.23094 78
-3.47755 4
-4.14537 40
4.16449 33
-8.99661 67
7.29926 1
8.09646 63
-9.60974 2
-0.282057 44
2.3862 43
-8.05259 43
-3.78041 4
-6.66777 16
0.390598 62
-2.67346 36
3.62922 55
-2.29622 46
5.03455 53
6.5285 62
4.56206 12
-3.431 43
5.65229 88
-2.12225 34
9.60374 69
-1.60292 53
-2.80036 21
-9.79304 1
-8.84896 74
-9.65608 60
-8.36467 24
-3.81927 75
-3.64566 5
7.6016 15
-8.92415 86
3.34707 5
-2.56603 22
8.30685 54
-6.00126 44
-1.43228 26
-2.22095 2
0.299165 83
2.30998 46
-1.30066 51
-1.23696 71
3.62082 36
9.29004 34
1.54637 1
-2.82601 41
9.15695 31
7.5554 28
5.84424 17
7.44882 55
1.99333 5
-2.69927 80
-5.32217 11
8.29893 31
2.02409 15
9.80954 63
9.65046 83
4.07956 28
3.68184 71
-4.41819 77
-8.06339 85
-3.63199 84
-5.07619 79
8.86442 1
3.66106 25
2.34693 80
-0.00740269 9
9.39888 28
-7.0339 26
-3.17204 76
5.96369 35
0.249754 3
-1.07378 77
2.39135 36
5.9852 71
-1.47549 70
7.16864 79
2.76493 52
-6.06519 64
3.95286 7
1.27749 36
4.09119 75
-6.84832 3
-0.625156 93
2.6023 34
-5.70084 23
-9.59762 76
-7.28466 55
2.63127 81
-3.40924 75
3.54542 74
1.0336 35
-1.76658 4
0.395151 71
-5.64399 29
-3.41062 10
-8.95784 56
-7.4769 37
2.83679 53
-5.72566 33
-0.779323 50
-4.65701 64
-6.24446 50
6.94139 33
9.54199 20
-9.0236 7
0.0227602 89
3.66718 30
2.4614 8
-0.22083 23
-0.355663 81
6.69249 25
-9.41003 8
-2.06729 44
7.58726 80
0.262906 3
-4.7777 67
-5.96242 5
2.41698 17
-1.12986 30
-1.56785 35
5.25918 93
-8.53084 23
-6.30778 75
-3.19474 52
4.3373 25
8.38828 56
5.84039 59
5.33521 2
-1.98462 49
-6.14597 5
-0.535983 20
-9.22207 20
-2.89983 35
-5.71373 50
-2.75127 21
6.36085 80
-0.418047 42
-3.09195 46
1.64352 29
-1.06059 22
-9.41066 11
5.92041 8
-2.24239 26
1.18252 67
8.9619 34
6.21112 28
1.06542 79
1.64861 64
-5.92598 91
-1.92761 47
0.694321 78
4.26555 2
-7.00353 81
-6.12468 34
-7.86609 59
-9.65782 53
2.00341 53
1.29083 63
-8.67348 38
-9.46293 62
5.63259 88
0.253714 41
2.92574 61
0.741395 6
3.16263 84
0.177149 61
5.13613 48
3.6334 75
1.54873 71
2.6465 23
-4.52774 72
8.09676 16
1.91661 68
9.51506 32
1.79591 43
3.9979 58
8.90469 38
4.99159 18
-6.01413 24
-2.07771 11
7.25111 41
5.00916 54
-4.58406 36
7.21819 61
7.43209 37
0.812578 13
0.819261 47
-1.99994 69
5.03738 84
8.64732 41
8.73049 19
-1.44642 31
2.6572 18
-1.22924 73
-3.94584 12
7.99124 27
3.83039 30
-4.32329 23
9.00349 42
-1.55227 86
-3.3516 66
3.33283 67
1.7635 14
-1.95192 23
4.43842 29
-6.92707 10
-4.72974 91
3.4197 21
0.906005 68
3.84088 23
-0.888052 6
7.72644 91
9.29252 22
-1.33238 11
9.81091 73
7.47464 19
1.10344 72
8.37341 77
5.89063 68
5.73369 25
-6.65192 56
-8.33129 61
3.11452 77
8.92425 9
3.99011 92
6.15948 30
3.183 68
-4.95336 80
-3.93618 82
7.18035 64
-6.34037 22
8.48447 49
4.84031 39
8.40618 90
-0.292907 48
-3.68136 16
-6.1599 69
4.16754 14
-0.202904 89
-3.98479 87
6.3159 88
1.26256 33
0.273084 16
-6.93268 46
9.76963 49
-7.97394 44
-8.33695 51
8.91932 93
-4.83984 25
1.81619 19
-2.15806 88
2.65355 36
5.8451 51
4.20524 15
7.30162 64
9.60727 7
3.06733 25
-4.58244 29
3.87602 63
7.75094 69
-3.75289 7
-1.29409 93
-5.17949 60
-5.11185 29
9.13874 56
9.78995 71
-0.540993 49
4.9809 48
-4.86831 62
-8.56091 92
2.76654 84
-7.78444 72
9.94403 67
9.80095 28
8.07114 19
9.82277 72
3.3859 12
6.79612 7
-0.946999 1
2.19811 90
3.02862 77
-2.15193 91
-0.211767 59
-5.02125 70
3.98095 88
1.1722 43
1.11759 50
7.73798 64
8.38684 56
-3.5165 74
7.96953 15
8.15126 75
4.19988 51
2.49735 16
6.11267 92
-2.60895 73
6.26307 12
2.80131 59
-2.55979 62
0.807675 73
-2.12451 41
-1.2456 74
6.40224 82
-7.95532 92
-3.70477 7
4.9201 77
5.26923 51
-9.71789 37
-4.45881 65
-7.16034 12
-2.55687 5
-7.2384 49
-4.68487 33
0.984828 69
-2.72825 27
4.44592 91
-0.472848 48
-5.62289 38
-0.0743543 35
1.11128 77
-4.26487 82
8.22813 46
9.05682 68
8.97208 46
-5.20809 83
-2.91921 23
-8.22935 37
-5.56042 11
4.82455 89
-8.09071 76
-7.74114 23
-3.24981 31
2.59034 83
7.34456 32
9.77301 45
-5.37673 1
1.00112 41
-5.91749 74
-2.25608 82
-3.23705 53
-1.46429 65
-8.70234 9
0.508726 61
-6.15802 32
-9.51859 57
5.04283 43
-4.70178 35
-6.54605 34
-2.46045 25
8.38506 66
-1.36268 14
-3.28531 34
-4.3251 17
-7.93792 28
5.07348 82
-0.175028 68
-5.16842 51
0.303475 41
5.42592 37
3.67785 20
8.21173 51
2.07211 41
-6.449 51
-5.69681 42
-1.11655 64
3.64084 2
2.11983 18
3.5778 15
-1.46886 56
7.72401 65
1.45734 53
7.11107 43
-1.16812 7
8.22017 10
5.07263 28
-6.2717 7
-7.62425 73
5.57917 52
0.538146 12
-8.64487 91
6.9082 22
4.23101 49
9.35315 6
-5.67675 58
-9.98351 57
7.58854 15
6.11427 11
1.92931 8
-6.43616 23
7.26913 35
9.51279 83
-4.23422 55
1.03586 26
-2.07113 57
-4.21537 88
-5.82902 64
9.39273 40
-5.06988 46
-2.4516 78
9.09389 40
-9.58939 70
3.77595 61
1.76681 86
7.57757 20
1.5048 76
9.31389 16
-6.67944 49
6.6313 76
-7.84792 69
-4.35247 74
-3.59269 17
4.94765 15
0.230298 77
8.53808 5
-1.60649 6
-0.749939 9
-6.28856 51
3.31714 78
3.49257 37
7.19566 77
-3.63781 79
0.432883 78
-6.55862 42
-6.21863 76
1.65653 59
1.83906 24
-3.85863 83
3.09456 92
6.75512 93
6.85174 76
-3.53144 28
0.687588 67
8.89702 3
-5.4142 80
-4.47394 38
7.90124 49
-0.0201469 73
0.207526 71
-1.42039 40
-5.77799 28
-7.70453 65
4.13138 54
-2.32995 67
-0.899582 56
0.534779 55
8.60592 65
-6.50729 22
9.42171 64
-7.23084 21
-7.9571 10
-2.081 32
-7.71856 92
-7.13959 22
4.38702 21
4.938 7
-3.28036 36
5.36403 26
-4.84019 66
5.87976 59
-6.76438 30
2.47314 57
-1.05575 93
9.90257 66
9.21459 53
4.77661 28
-8.45567 4
-9.10316 16
7.26882 19
-4.30473 83
-4.32179 28
-9.21011 6
-9.75432 72
4.79916 89
-0.420577 35
-0.556218 86
-4.83554 23
7.43835 18
-6.90537 19
-5.14951 33
-3.57496 31
6.97968 52
7.21195 59
0.701183 73
-5.72296 80
7.54216 2
4.40017 80
-1.15465 17
-7.44239 72
-8.79459 4
4.7428 44
-3.76083 90
3.10904 59
6.60522 18
4.70969 47
-0.759689 21
-9.56787 73
1.67243 78
1.16072 46
2.07494 61
-1.78967 67
-6.78103 74
-4.59871 18
-9.3092 8
9.26192 64
1.33875 92
6.21685 50
-1.28459 34
-3.22826 79
-6.10145 33
4.76177 19
-7.29305 20
-1.56359 55
0.279417 93
-2.09106 23
-5.50654 20
-0.58583 45
0.899 70
-1.89371 87
0.947232 51
-5.28628 65
-7.21591 31
-9.33673 56
5.27327 23
8.71376 19
1.79598 54
1.10234 36
-1.03071 73
1.33792 65
8.22055 8
0.11212 48
-3.7367 77
6.61241 19
8.40917 36
6.76527 57
2.37207 86
5.81533 18
-8.47898 67
3.00369 59
-2.99098 7
-3.10276 44
2.66111 90
3.75357 33
-6.97716 55
-4.31805 39
8.83713 69
2.02484 60
8.12325 15
1.78579 39
-6.7235 23
0.294855 57
-4.36377 57
-5.0395 85
7.9088 53
2.98247 27
-2.39751 38
-5.92758 63
3.55782 20
0.608335 47
-7.24017 76
5.97776 64
4.25253 12
-6.50464 83
-4.11292 69
9.07975 61
-4.9206 49
-3.34496 50
4.88212 26
-2.63705 1
3.81096 14
-2.9073 36
-5.69258 24
2.96134 27
2.50831 37
9.53855 54
3.60611 71
3.70143 35
0.216146 51
-2.19451 77
3.09039 26
-3.26235 34
-0.598195 21
9.72535 30
4.90854 38
-3.81928 12
-0.592134 3
8.93892 8
1.4309 78
-4.14681 4
8.79579 45
6.04554 59
-5.70749 93
5.39132 59
-4.71721 18
-3.63124 17
1.55395 7
-3.79701 2
-3.50445 50
-0.383117 45
7.92503 86
0.037956 74
8.53448 27
9.90552 85
0.00740716 54
-8.69316 48
-7.70958 32
1.59515 58
4.64802 62
7.80146 62
-4.60708 3
9.28711 11
-9.73346 25
-6.82842 70
-2.93877 46
-7.59167 21
3.78689 49
1.75274 43
7.82651 57
-1.50474 40
-4.82471 2
-5.79198 93
-3.2948 73
5.1368 13
-9.53645 47
6.96966 5
-5.22579 79
5.87758 62
-6.1898 78
-9.07839 23
-5.17983 70
4.987 45
9.26922 1
2.7221 93
-4.44191 42
7.52659 25
-8.4622 47
-4.35673 10
-4.21323 32
-4.46414 73
4.15857 21
2.183 66
-3.99146 84
-0.93865 47
8.59698 48
5.26313 82
8.37729 22
4.69089 40
1.826 29
2.83729 76
9.65176 47
0.795946 34
2.88391 32
9.47139 70
-8.68929 55
1.6141 37
-4.65474 5
8.276 66
-3.3084 2
8.77295 10
7.01464 47
-7.2705 42
3.03345 56
-5.12472 85
4.01855 48
3.82916 5
3.30824 26
3.43393 43
2.45076 78
2.29674 71
-6.10091 22
3.95995 41
3.08958 50
-4.75703 53
3.56737 78
-4.33784 7
3.19671 38
-6.30603 36
-1.01817 8
-0.778444 28
-4.13428 64
-8.72713 65
-0.285631 71
9.18598 41
5.33122 64
-9.71482 70
6.36359 4
5.67823 71
2.3844 33
7.89574 87
-1.09939 54
-9.51427 38
1.1551 56
4.90929 65
7.74211 43
-3.69266 87
1.6645 2
9.15997 50
-3.66994 65
6.75521 69
3.25415 73
-2.5925 33
0.56417 49
-2.80334 87
-7.96023 18
2.07773 93
3.45714 41
5.70051 72
-5.53716 57
8.94045 50
4.10141 19
5.20303 67
-5.29506 87
-2.87043 16
-2.56101 67
-0.471068 34
6.69138 52
-4.02389 41
-0.513825 4
-9.5693 37
6.3057 46
2.64154 49
2.80075 21
1.02949 59
3.71504 55
2.78594 49
7.34088 55
4.56054 5
-2.19672 66
-8.7947 10
5.81983 88
-6.28934 50
1.16469 34
1.21248 12
-8.87997 28
6.82698 4
7.2239 48
4.215 90
3.55485 15
6.76521 47
7.67581 89
1.9092 22
-9.77692 67
4.97289 15
-9.51978 57
-9.13975 41
7.84354 1
-7.31281 20
-4.43412 12
1.84181 41
-3.44675 51
-4.18445 62
-4.84087 55
-8.84494 59
2.19326 69
-6.77832 10
9.23749 14
-5.30225 65
7.91578 79
-3.89868 55
7.28396 56
-8.02428 79
-4.03369 33
-0.329517 25
8.24766 3
-1.10863 61
-4.28498 91
-6.98556 69
-1.48221 70
-3.30512 25
-3.86575 38
-7.98108 63
-4.59833 1
4.68745 64
-9.44765 89
1.38542 24
-1.89587 46
3.30258 60
7.12989 74
1.33991 68
-7.32375 50
-9.30837 47
-8.55135 85
4.51648 59
-8.78811 76
1.23036 44
7.07012 89
-5.67774 47
-1.82999 51
-0.322984 61
-5.37958 28
2.7717 1
-9.83474 79
-6.26367 25
-3.22529 4
-7.64139 60
0.69109 18
-1.38646 81
9.51073 12
6.56274 61
-3.23679 39
7.91771 53
6.57154 62
-0.181261 61
-2.59534 70
8.52311 27
0.469972 88
-3.19456 27
-8.92309 56
2.84231 72
-3.69811 9
-5.45367 55
-7.51441 43
-3.88858 44
7.00962 29
-0.483791 63
-0.402422 11
8.43903 89
2.3364 65
-5.28619 29
1.4219 22
8.2881 18
-0.680207 16
4.7258 24
9.65149 85
-6.15386 92
-7.67803 25
4.05499 74
-7.38464 35
7.56373 12
4.79986 14
-7.32258 62
3.48649 41
3.57895 62
4.2031 76
-5.91959 55
0.759243 47
5.44602 92
9.32966 65
-0.237684 6
2.26147 11
-4.09695 64
8.57322 6
-9.16866 59
0.816459 52
-8.66164 58
3.5892 78
-0.976318 87
-9.99191 69
0.796303 34
-7.23554 83
-2.06023 58
5.79987 56
-0.995688 59
3.45055 28
3.63245 47
5.19406 58
7.66024 34
-0.260056 33
-0.332805 93
2.55713 30
6.02957 42
4.07583 55
7.01654 50
5.51704 84
-3.22027 79
-6.73876 34
2.02798 23
-7.4839 42
8.67538 27
6.79329 66
0.240662 82
-5.39799 15
9.94915 32
-2.46671 83
-2.40651 65
-9.1636 37
-9.29648 83
-3.04973 33
6.48749 65
-3.6632 21
-8.25799 25
5.09736 55
1.56979 40
-3.91825 14
-6.17889 34
1.2604 26
1.89935 8
1.15643 81
9.34256 44
-5.4621 44
-2.85034 5
1.86789 45
-3.7799 64
2.90955 81
-3.52689 31
5.24512 3
2.11731 56
-8.27943 58
3.19982 42
2.1402 55
4.30308 56
6.06272 37
6.76492 57
0.452646 35
-1.18619 68
5.68192 42
-1.72995 6
2.50837 64
-2.18116 69
9.17794 62
-6.65069 14
5.88823 77
6.24826 54
6.16486 16
-8.19157 17
8.87041 57
9.6265 66
6.67291 30
-9.99772 25
-3.56477 68
-7.43396 67
-6.04151 75
8.54779 68
0.0783472 14
-7.19267 65
2.89685 50
-6.57022 89
-4.9556 56
3.80579 41
-0.516069 79
-6.07585 31
-5.79436 50
-7.25777 62
3.62755 13
8.31357 82
4.9617 48
-3.21209 92
-2.79455 47
6.59706 47
-7.93549 40
6.95518 33
3.8279 56
1.03053 16
1.25457 66
1.98369 62
-7.4966 16
-0.441834 33
3.39577 44
0.191287 25
-8.69649 14
-3.28491 34
2.83429 81
-8.45509 70
-0.396833 91
-0.107684 25
-0.321283 22
2.28659 15
-4.11303 66
-3.71635 29
3.39037 67
8.68633 24
3.66505 89
-6.01084 76
6.02599 47
4.43083 51
-8.12792 56
-0.958535 81
8.07982 57
5.25682 7
-0.446309 23
0.557373 89
-9.18997 48
5.99138 14
-2.05436 61
8.41945 87
2.48471 1
4.23733 34
4.13482 55
-0.700578 56
-0.573179 55
-0.517706 50
7.13314 46
6.17439 5
8.95773 15
-7.19956 59
4.6532 54
6.7439 16
4.93302 88
-3.72086 72
9.8842 20
-6.38737 25
-2.23261 66
9.61817 54
-4.30793 57
0.238961 45
-1.71935 48
4.61377 1
7.41077 51
0.662843 54
9.33375 8
-6.38064 86
-2.30526 30
6.84244 11
-0.316422 5
-5.11222 18
3.00201 90
-5.92517 88
-3.07927 18
-1.21998 2
-3.32021 68
9.96536 86
9.33105 59
9.76367 32
9.75438 71
2.94271 76
5.32533 90
-4.97939 31
-0.277311 9
7.23657 37
0.417516 36
-4.92996 80
-9.5691 50
-7.96847 81
6.63333 46
-6.36913 84
2.71474 12
-3.60363 40
4.15694 17
-1.40893 74
-6.35421 87
-1.38731 20
3.21558 63
-2.60793 64
-5.65104 55
6.48516 21
-3.24062 25
9.64614 63
5.1338 17
2.72671 19
-2.18555 54
5.41637 74
6.50397 56
-2.17815 78
9.96737 59
-9.97532 23
9.59494 1
2.9867 18
-1.72905 19
6.2311 49
-1.50904 59
2.82525 42
5.92177 61
5.90704 39
-1.9863 47
9.09801 41
2.22095 29
6.63617 25
0.206154 9
-5.16546 78
-4.58099 83
-0.20582 15
-5.73697 4
-1.1039 25
-7.19057 55
-4.16081 33
-9.62334 48
4.20311 40
-2.28858 27
-0.622783 47
-7.12829 30
-6.84323 68
-4.82282 44
-1.18519 5
5.2424 54
5.54475 29
-3.96069 37
-8.58057 17
9.84466 9
-7.24856 62
5.16558 8
-2.40245 84
5.58086 46
-2.12959 63
-7.84508 37
-3.27605 44
1.74694 63
-7.32488 69
5.84312 84
5.60084 78
-8.10087 1
-1.86159 92
-5.45947 26
2.57461 30
3.6543 17
-4.85393 46
-1.77868 24
1.64324 45
0.0678545 76
-2.55986 71
-5.20104 25
9.56083 53
2.88887 22
-4.24528 65
-0.590319 18
-3.97603 45
-0.869047 52
-0.968799 48
8.01883 52
9.27658 60
7.7145 78
0.317142 81
2.6438 47
-4.16001 21
-9.16992 65
-4.43573 33
4.92744 21
2.84409 49
-3.52942 78
-3.23073 19
4.67533 55
-1.64083 21
-2.01066 22
8.46869 79
3.01835 11
5.35655 67
3.48849 90
0.694507 27
-3.76017 4
-9.76057 67
2.29026 30
9.18948 2
2.23049 93
1.19541 25
7.20935 82
-7.01763 57
1.23582 85
3.34871 93
-6.18305 39
-9.82352 85
3.61523 48
0.364859 29
-9.73632 58
-6.3696 91
8.09371 18
-0.316694 31
-5.44991 14
6.41877 15
-5.35787 6
-9.38511 80
-1.35278 74
4.83106 42
-3.01655 2
4.50591 83
-1.39174 14
7.94448 32
-6.41882 4
0.788255 6
7.43609 29
-5.93108 42
1.09361 81
-2.51791 65
7.13109 79
-2.25924 33
-8.86987 44
0.122041 3
-4.84692 11
-5.11598 78
0.858001 5
-8.72699 88
0.513644 7
5.25439 77
-7.78296 60
-1.53965 52
0.0982819 36
-5.86585 37
9.62191 44
1.28022 50
0.711211 9
1.64983 61
-7.87778 59
2.34822 30
-3.70616 14
2.15604 10
-2.60734 8
7.07563 14
-9.47029 6
-4.76731 39
-2.60562 30
2.93024 57
4.0968 15
-6.05757 41
-3.51283 89
-1.12562 69
7.02543 58
-5.70046 22
-7.47563 32
0.604604 50
-5.33031 75
5.88807 55
-4.71908 91
1.1555 36
-0.571778 23
2.75864 90
-0.0565211 12
-2.56244 62
2.06688 42
-1.87848 39
-1.56059 29
-2.47309 76
-0.347808 72
5.30825 60
2.80372 31
-0.955605 43
-5.25587 39
-4.35202 13
-4.0479 78
-9.05332 74
7.54052 86
2.53576 37
3.4127 43
4.57898 55
-9.22675 60
7.80719 68
-3.04411 29
7.53242 15
6.07321 21
-2.615 25
7.02134 61
-7.88537 76
-8.61941 61
2.64526 25
-3.72043 29
-0.71007 6
6.3406 72
-6.58985 18
-7.16902 82
-1.01419 70
9.53355 6
-1.88553 73
-2.67219 7
1.76117 25
1.33317 45
-2.35398 65
-0.639266 78
4.60556 16
0.917641 56
9.29152 42
1.441 20
6.62251 20
4.26962 64
5.97034 15
8.26679 70
9.21506 80
8.72465 86
5.80212 45
3.22393 1
-0.17094 32
-7.40238 43
9.54056 6
9.1223 4
9.0282 26
9.20853 45
-8.46889 73
9.25719 38
-3.16114 68
-1.53349 69
-6.77474 86
7.12728 43
7.08733 81
3.24111 35
7.74488 43
-9.5064 50
-8.07546 16
0.953436 66
7.68463 28
-1.05024 49
5.23032 82
3.82223 64
5.1926 16
8.30086 85
5.75307 64
-7.21612 41
-0.817398 52
5.58401 87
-3.76509 4
9.80941 51
3.70501 48
-8.73671 72
1.10489 60
-7.94898 56
8.43461 22
-2.71729 64
5.47217 83
0.885777 27
4.17508 78
9.81792 55
-4.06001 8
3.86752 69
2.24691 5
-8.19728 40
3.54048 36
2.88809 19
7.31559 83
-8.93923 27
5.8212 39
1.77934 25
9.56492 14
4.2091 57
2.79826 90
5.37149 8
7.94812 85
9.35362 75
-3.29001 17
-0.385411 43
1.8282 67
5.9659 72
-9.62345 80
9.97678 12
2.16837 75
-3.15009 77
-3.5524 52
9.96566 82
-2.91968 28
-9.86162 17
-1.46502 64
2.17072 71
-4.29204 43
2.52052 6
1.87729 82
-0.630374 58
-4.50489 8
2.54375 89
-0.0285096 46
6.84899 30
6.31198 74
9.69838 39
8.45184 63
2.72934 80
2.96153 58
-7.17042 4
9.35808 74
9.25408 35
0.399968 23
-0.625013 36
5.6337 61
4.72064 8
1.70321 9
-0.186793 77
3.60779 67
0.382742 16
-3.6553 34
8.55582 26
-2.81623 77
6.7179 59
6.81142 64
2.77029 10
7.69818 16
5.0499 47
2.47222 90
9.83558 87
5.22685 84
-6.48645 53
6.2473 38
5.10086 75
1.54094 3
3.95383 61
-4.87571 51
6.99089 31
-2.16371 38
-2.7797 48
6.63499 39
4.11243 54
1.20456 81
9.72347 41
-4.32837 67
6.66945 3
-7.79182 46
2.6171 33
7.22862 90
-6.52316 50
-6.86282 66
0.908613 59
-8.21027 28
-9.75222 16
7.15132 69
-2.67967 14
4.98527 19
-7.78732 85
3.11114 10
8.64144 17
-2.05506 34
-5.95429 20
-1.67558 55
-4.31382 39
2.8401 75
-5.98459 24
6.76011 7
4.82518 80
-0.842544 8
-0.912719 31
-5.99894 20
-9.06916 82
9.96574 41
7.46805 31
-5.65181 18
3.66254 82
3.00466 46
2.06919 23
-6.10101 10
7.79447 27
-1.18443 51
5.14501 65
-0.907615 9
-3.31529 37
-4.47753 79
-9.10474 61
1.06693 11
-2.7001 62
1.11985 9
0.967546 66
7.70684 47
-3.46656 13
4.60302 16
-3.79685 51
1.25625 7
-2.13956 32
7.66135 18
4.82184 10
2.87085 71
2.30782 36
-4.8766 5
9.54351 64
-1.70366 21
4.50458 47
7.98526 76
-3.30684 26
4.71938 55
-7.25571 25
8.32246 29
-4.3018 31
-5.8048 60
-4.93827 74
-0.626014 19
8.47358 45
-7.13325 92
-0.460947 43
-6.95845 14
-7.19474 70
4.38512 49
3.06077 41
5.0501 69
8.66669 72
8.62266 51
6.46286 45
-5.92254 6
2.12713 80
0.534522 49
8.38716 85
-4.98426 65
7.01412 49
-1.19329 59
4.92476 50
2.15811 25
-4.8987 68
-7.07508 73
6.07643 50
8.49532 33
-5.37479 63
0.616015 60
8.61166 25
4.25832 42
4.26548 30
2.92227 87
-0.833266 32
-3.26875 13
-3.05286 52
1.6125 88
-6.62871 58
5.83179 77
2.036 8
4.67729 73
-5.6725 66
4.17469 38
-7.07752 38
-2.4784 78
8.7246 45
-8.76868 34
2.8514 60
0.0367695 72
2.58684 39
9.51494 48
-0.817556 76
0.151417 44
2.79778 20
3.83504 30
7.61587 1
6.36063 85
1.84397 63
-1.98405 1
-3.12494 4
0.753746 14
-2.4883 7
-9.05014 21
4.14218 71
-4.504 31
-4.48344 19
5.32726 34
-2.06018 31
9.04434 66
8.19018 73
-8.21283 57
-0.848269 36
7.34362 20
-7.45194 25
9.92833 60
6.24365 53
7.68606 60
3.7938 85
-5.45485 86
-6.41263 14
1.3472 38
-4.63649 47
-5.21931 76
2.20797 87
-8.11023 22
-8.12476 58
7.93123 85
-3.26031 47
2.72763 50
-0.512689 19
-4.18826 82
-8.25025 78
-9.54458 47
-1.27496 75
-7.50892 1
-8.86349 59
-6.3866 77
-1.08512 20
-0.189945 66
-8.66583 42
-3.56436 46
3.87144 72
-1.56581 26
-4.96671 2
-6.37707 93
-8.556 20
4.38345 74
9.94031 14
8.40337 32
-4.16689 90
3.91394 21
3.69522 9
4.29004 62
-6.14216 82
4.8565 24
-5.78703 61
-8.9506 3
-8.09266 65
9.94121 43
-8.96341 17
-8.54012 87
-0.107612 48
5.39152 30
2.88652 45
8.61918 11
1.39389 84
-7.20047 35
-6.96298 28
2.8086 61
-6.68128 85
9.69802 33
-8.13049 25
8.87294 21
5.73316 17
9.53817 18
2.91375 90
-0.231723 16
8.61393 28
-5.91693 69
-3.82894 63
5.36751 25
4.2149 92
-0.0586939 11
2.58176 6
-9.79524 14
-9.25707 40
9.66499 51
-3.44762 52
-7.87344 16
6.05496 10
-4.69952 37
-3.87889 80
0.0325667 63
-8.30812 77
-4.47454 21
-0.243953 31
2.93184 91
-8.51193 69
-0.875844 8
-3.90001 76
-1.04811 82
-5.41249 77
4.38293 24
5.9126 44
9.21729 23
6.9993 44
2.38696 27
3.79627 13
2.65337 32
0.500092 22
-5.3172 40
-6.7132 57
3.59674 50
-2.42387 26
1.33573 9
-6.58588 88
-6.52078 68
-4.4905 42
0.989289 85
9.5185 40
8.36784 26
6.59802 20
-1.11347 56
3.13499 5
9.56977 83
-1.46942 22
8.62681 91
4.3625 87
4.57371 14
5.60264 2
3.49669 68
-7.87196 73
-6.79609 81
7.42168 30
-3.73155 87
-2.62267 21
-0.966826 43
-5.30074 50
-5.39933 36
5.12147 67
-1.87527 15
5.92025 37
3.17923 30
1.34348 73
2.62822 38
9.01857 26
-4.80998 18
4.0917 92
-9.92934 22
0.208198 60
8.57283 72
4.36543 12
-8.5034 90
-8.38472 31
5.25593 81
0.245766 82
-6.95545 69
-4.38893 4
-3.76871 63
-1.91423 85
-4.27966 26
-0.172727 20
-4.24748 90
3.35388 85
-2.31453 76
-2.87242 70
1.60822 16
4.82986 52
9.00861 1
2.38483 59
-1.30463 41
1.48027 41
0.0486775 84
-5.88225 33
7.00784 23
-3.92647 10
1.28274 43
-5.36139 59
4.29646 87
-7.07665 25
-5.36112 47
-6.78585 74
0.772073 32
-1.38165 21
5.0628 89
-8.96644 24
-3.57728 56
9.08111 93
-6.78785 74
0.601474 39
3.50052 33
-8.73099 25
8.30369 6
2.01187 17
4.77698 75
-6.49833 20
-1.62529 81
8.41843 36
3.95056 50
-3.37323 56
-5.036 58
6.11837 16
5.06204 59
5.11823 47
1.77401 68
2.37032 40
-6.83417 46
7.65701 78
-8.09003 77
-5.981 23
2.12814 22
1.20399 6
1.31559 91
-8.30847 67
0.773331 48
-7.91952 31
-5.69284 66
-3.36902 22
-0.48938 57
-0.67346 74
2.35774 1
6.88019 29
4.21338 18
0.666488 16
0.827881 86
-1.51292 89
-2.34541 29
2.80618 66
-3.94902 65
1.12759 15
8.43854 56
2.56601 70
6.75678 45
-8.35555 17
5.70698 1
5.42023 56
6.58792 81
-5.53282 34
-4.42037 74
3.70139 37
-9.19746 26
5.82197 76
1.76831 56
3.8055 66
1.99899 71
-4.70028 75
4.19431 30
-4.89578 16
-5.35266 2
8.07712 78
4.13953 37
-0.308481 8
-8.76437 26
-1.35374 29
-3.87363 85
5.6979 7
7.95942 75
8.81633 46
1.91122 10
-6.78069 87
7.16502 38
7.61881 77
3.73659 26
-9.36207 81
2.57247 30
3.86613 42
-7.3454 83
-8.87551 4
-1.48037 1
-2.19812 31
2.68028 48
-2.88705 3
-1.76758 28
9.42847 10
5.78519 37
-1.89073 36
6.21345 3
7.74476 11
-9.89761 18
-0.571478 59
-4.41961 40
-1.04554 68
3.53918 74
-4.26149 52
-9.08138 51
2.26436 89
-6.98534 66
1.52656 32
5.55635 87
8.96459 92
7.22355 61
-3.20807 67
3.03699 75
-0.761361 22
0.867608 29
-8.79903 86
4.70766 18
5.78502 29
5.75061 2
5.58557 31
-1.05071 26
1.2031 49
-7.58523 74
8.63341 33
5.48426 61
-7.64355 47
-0.377935 20
1.54293 2
-3.25475 82
-0.640567 43
8.6818 26
2.87205 88
5.99453 14
0.350664 60
3.85755 12
4.28471 32
-1.44843 59
-7.24053 5
-5.19695 77
6.42856 7
-7.54225 74
-7.24122 92
6.73172 23
7.99437 76
2.15108 58
-3.22178 7
-6.4093 74
1.98231 2
7.80379 20
-9.10677 12
1.99766 42
-7.42386 14
7.78461 55
-6.12414 34
-8.87687 89
-8.7032 75
-8.04798 72
7.73517 11
4.24583 74
-3.535 36
-8.72507 87
-7.59355 29
-3.02098 80
-6.03839 85
4.44956 53
2.58467 68
-9.27991 51
0.348806 85
2.37379 21
1.79578 92
-3.7385 52
-1.0491 48
-9.3864 83
-6.74411 13
-1.96926 49
-7.28766 79
6.79827 5
-7.70532 50
8.57817 58
-0.470525 21
3.88218 64
-0.847919 30
5.95496 82
-2.6747 85
2.33776 79
0.845936 62
-3.3474 26
-6.14185 11
2.6351 53
3.12911 5
8.38764 61
0.744926 35
9.93727 43
4.46234 79
0.676523 91
6.90452 89
1.77726 74
7.83393 93
-3.38217 5
0.964615 33
0.333946 60
6.97468 37
0.819047 50
-6.20048 43
4.25211 46
6.2313 45
4.06136 36
-1.45331 31
5.96487 57
0.158987 73
7.63636 7
-2.03091 26
-3.07656 60
3.42119 28
5.77514 52
-0.32074 63
6.58452 87
7.29305 76
-5.07792 89
-5.56217 59
-5.3035 8
-2.71234 23
-3.18869 12
6.28957 13
9.65162 58
1.14739 76
8.40632 48
-2.13081 92
-5.4782 52
1.6084 82
-1.30279 51
-8.2265 61
-6.54302 30
-5.28971 20
-4.56701 11
7.97389 62
-6.51217 57
-8.28812 84
4.28827 10
5.43848 28
-2.98172 14
-2.13312 24
3.49768 31
-1.66157 51
-6.04758 33
-9.64799 90
5.011 18
-0.26546 62
5.45449 35
-0.000998432 37
-3.87713 67
1.79085 12
0.907606 18
8.6599 13
5.68546 49
4.8243 14
-9.47587 71
1.49891 34
-4.63802 14
1.70513 32
5.76781 28
-0.552429 61
-7.19867 41
6.87849 81
-6.81339 77
0.0595275 24
-3.57489 18
-0.532345 52
-6.61774 39
7.0697 54
-6.92633 20
7.51972 34
3.95722 60
-4.48577 31
4.67971 70
-8.08526 15
7.03241 45
-3.05088 46
8.55433 68
0.0963663 39
-1.0766 26
4.96793 32
-3.11732 71
4.00265 25
5.28627 43
3.12625 93
6.30221 15
3.09506 46
3.23622 60
5.30296 71
-5.53581 34
8.10398 8
7.28675 46
0.964472 81
2.41236 92
8.40009 70
-7.73507 19
8.64321 69
-1.39797 12
-9.34541 91
7.37298 59
8.04216 41
2.34163 11
-0.611876 57
5.70327 89
1.52965 23
2.47379 42
1.77738 71
1.73237 75
2.02328 44
-8.07105 53
-3.18782 4
-8.53522 83
-3.37441 42
-3.42475 17
6.8362 37
-8.60524 93
1.04265 78
4.73103 36
-3.73215 29
-9.61355 68
-9.65051 39
-2.84182 54
-9.00759 52
9.18954 47
1.51845 42
5.07024 90
5.96988 60
6.72371 31
5.84442 89
3.02401 3
3.48844 88
-6.75896 58
1.62916 41
-9.29005 15
1.13376 83
0.481508 36
-8.78146 76
-8.45712 63
-0.203919 57
9.03295 14
-6.83651 43
7.33122 6
-2.62121 62
9.50935 55
3.84499 59
1.83571 65
8.87975 70
-4.53644 9
9.35012 6
-4.31347 66
-4.25757 80
9.65183 79
-8.96153 49
-6.46219 86
2.39948 72
-2.53375 5
4.85252 15
9.4441 5
1.65141 62
5.1303 91
-9.30333 2
-0.137203 38
5.32952 60
7.48709 59
-5.81903 39
9.5528 65
1.40994 43
4.37481 16
-5.21322 5
-9.25104 12
-4.33873 61
-8.03312 91
5.17647 39
3.13032 35
4.78681 31
9.56677 15
4.1802 43
-6.55158 47
8.77301 55
-8.4955 46
5.87062 45
8.29272 78
9.327 46
-1.42991 85
-8.02125 58
-0.936892 31
-9.68592 26
-0.341711 28
7.57437 1
1.23319 60
-4.5987 61
-5.30744 9
6.03171 71
-6.48331 93
6.55671 73
5.80026 5
5.13218 49
7.07745 39
7.38006 38
3.21803 3
1.58806 58
-1.87039 74
6.61275 2
-1.66642 55
8.79116 4
9.43206 10
-3.20632 11
-7.75774 10
-0.375948 67
0.460065 4
-0.558583 79
5.85678 79
8.17185 30
4.35065 64
5.28792 25
-7.45603 93
2.70572 31
5.51742 8
8.82125 40
5.59877 67
4.88089 51
7.71912 81
-9.22302 62
3.02577 20
2.67328 31
6.67564 9
-2.28234 24
4.21132 10
1.73586 68
4.94076 71
8.67451 13
-5.01077 12
3.46825 9
4.2821 82
8.38469 2
-5.5327 41
2.4642 69
1.72206 60
1.96984 8
0.125057 16
3.99789 27
-0.581291 39
-9.37902 3
-1.8574 78
-1.74627 12
5.71742 23
8.15658 73
-1.99408 77
-5.78193 12
-2.88203 81
2.19533 93
-3.46417 12
-7.89463 83
4.44529 8
-0.111572 50
5.95914 27
4.27374 37
-6.08957 89
6.95162 50
-5.47382 10
2.65663 20
-8.50188 11
-6.99907 30
4.45271 43
2.62689 7
1.52575 23
1.64288 17
-4.90774 86
-6.05469 9
-7.8441 42
3.27215 15
8.89184 3
5.39359 5
2.94612 47
0.330293 80
7.92617 30
7.38214 37
5.9505 66
-1.01639 57
8.80507 89
6.0611 60
-2.27325 79
-5.68625 39
5.30464 9
6.89017 63
-1.33782 75
-0.963903 52
1.60314 12
-5.60447 45
-5.40905 76
4.77442 60
6.23222 10
1.63738 20
-7.50011 92
6.06093 2
7.14813 75
-1.82077 69
-4.14796 78
-3.85202 40
1.95545 44
-7.04937 9
3.02726 86
6.82139 42
-4.53903 21
6.52563 55
0.249397 62
-7.96707 84
-4.58137 10
1.7514 75
7.98764 9
-2.53824 48
-0.195799 1
-2.58886 87
4.34193 15
6.87247 8
6.19674 6
-0.442506 42
1.30636 24
7.41928 53
5.41201 36
-8.28265 57
1.5947 71
9.33407 2
-1.79293 6
4.95657 85
0.771172 77
-6.08726 79
7.26292 27
2.77583 30
-7.67672 10
-8.47437 53
-4.10328 7
5.4161 75
2.36322 85
-7.08447 72
-7.96874 41
6.9139 56
3.78655 22
-5.7637 91
9.86427 39
0.138737 36
4.68031 70
2.34742 32
3.40352 52
-2.24868 63
-5.66769 90
3.8003 63
5.23934 63
7.66428 53
2.38224 71
-6.63365 54
-4.6232 74
-9.08431 6
1.91552 41
-8.31843 23
-3.15561 85
-5.77178 55
-7.80143 5
9.28322 25
7.89141 35
-9.19731 30
6.70692 59
2.30645 2
-3.35187 66
3.28537 82
-4.65815 51
1.40135 6
8.99933 21
-8.0225 6
0.920414 6
-1.19003 14
0.979954 25
3.85698 88
2.52242 64
2.01719 35
-2.67532 3
6.41474 37
-6.13023 61
-4.28809 85
-5.63807 65
-5.30292 36
-6.72616 34
8.33399 75
-9.98622 15
-3.1771 26
-2.89311 29
-8.63132 54
-0.947328 85
5.67337 8
3.43554 87
8.80819 49
0.758378 52
4.48301 82
5.03113 8
6.77433 3
-0.651917 58
4.07015 15
2.06598 27
-5.34664 47
0.856207 64
0.444162 1
0.310837 63
-0.0461713 28
-5.39045 41
-0.362796 83
-1.02512 9
5.98477 33
-5.46743 18
-3.72176 23
-3.15705 89
3.25387 60
-2.41971 90
-2.71974 43
-9.52034 43
-8.75599 36
-5.61863 30
9.45333 40
-6.74324 15
7.78864 2
-6.01554 53
7.27708 51
9.90635 22
-2.71496 16
-4.65795 21
-2.99258 14
-4.63112 58
-4.53238 55
0.599286 36
-6.29187 69
-7.55276 42
1.73471 90
-4.48009 82
-5.396 89
2.30543 9
0.043231 15
3.64986 68
4.81692 78
-5.9439 82
-4.85402 61
2.00685 24
7.84742 7
1.86547 17
-4.57337 26
8.14975 23
4.6979 83
5.9243 12
2.54479 53
6.42014 65
1.93006 32
1.09777 77
-4.5848 37
-7.21634 16
8.9994 27
-1.48847 88
4.61247 29
-1.14067 84
-3.82547 5
-6.2517 85
-7.42708 53
-2.33178 45
4.54957 21
-4.69846 81
4.92548 11
4.71386 16
6.76327 50
-1.38261 65
-6.57963 60
4.49967 34
-3.92489 5
7.37253 76
-3.55377 12
0.929377 84
1.8859 55
-8.82468 45
3.04839 76
-3.37058 1
8.94817 40
4.01351 45
-5.23817 64
-6.87231 21
7.85076 88
4.65197 62
2.28226 43
2.13997 42
-4.58333 15
0.979253 12
-1.446 92
0.935253 32
6.21954 2
6.54642 74
6.73265 49
-5.26487 71
-5.75519 7
0.671184 77
3.94711 10
0.106273 51
-0.77833 28
-6.97175 71
7.08906 75
7.03587 14
-8.86516 2
7.588 48
5.16171 75
-0.469438 50
9.24175 93
2.83044 30
7.76492 92
6.96288 60
8.22785 24
-7.56439 60
9.98304 83
2.12479 89
-5.95071 79
-6.86533 63
2.00397 35
-2.15067 63
1.48899 41
6.31934 80
5.35858 30
-5.43069 12
-7.86717 26
5.58923 63
-6.00591 35
-8.81513 70
5.11656 12
-5.49619 7
4.39437 57
-8.33763 52
1.30437 21
-8.45213 27
8.26911 93
2.59551 54
5.64005 46
-1.74923 80
7.90329 7
-0.0915872 20
7.88347 22
8.05136 26
-2.67942 38
-9.5276 60
9.65058 84
4.12712 49
9.05961 2
-1.81981 90
5.5111 15
3.42905 42
6.02894 9
9.58426 36
-1.34488 77
3.73328 8
-5.3649 29
-6.03276 88
0.826752 77
-2.34256 35
-9.45263 71
7.75584 47
-9.54114 87
6.80275 33
7.69297 87
-9.87013 57
8.93191 39
-1.14379 47
-8.78207 68
6.5228 74
1.0764 12
7.67052 53
5.62065 53
-4.19934 54
-7.12734 57
-7.56312 65
-8.44296 35
-2.56412 73
8.74319 48
1.66851 19
3.61887 48
8.37497 19
0.00350456 80
1.9765 58
2.44239 31
9.38287 14
6.50781 87
6.75248 56
-7.25947 30
4.78308 83
-8.10527 25
-0.560914 78
0.80265 85
6.57407 37
-4.31194 92
-1.56198 52
4.49388 63
1.38705 41
-8.64262 13
-6.22229 13
5.68787 24
-8.19543 60
4.07985 42
4.5572 62
-9.54982 64
9.46468 46
6.12326 32
-4.70666 60
9.06887 48
3.81759 4
0.438408 66
2.28186 15
9.98258 91
1.84034 16
9.26227 56
-4.25765 74
6.1064 25
-8.13972 47
-3.47675 92
0.899836 29
5.48426 84
-7.8182 24
-1.46177 69
6.09145 11
6.31972 10
2.74846 87
-6.6165 47
-0.03129 24
-9.10532 14
0.50388 33
1.4622 63
-5.67752 10
-5.26578 21
4.09841 31
-5.22999 43
-9.05006 73
5.32922 18
5.00336 45
-0.79617 2
9.27109 28
-5.57285 88
-1.9132 85
5.93205 27
-2.09774 63
3.16622 89
-1.50719 47
-8.53328 47
2.59639 23
-8.31571 9
9.80549 29
-3.14951 46
2.98572 87
-6.10564 46
4.71168 70
-3.66095 1
-2.24635 27
6.37087 35
-0.0564353 36
3.47674 74
-7.7527 10
3.76252 6
2.80614 44
-3.17099 27
-5.55759 53
8.56704 39
4.41845 11
4.37553 49
-0.356663 93
8.24348 17
8.59855 8
9.5346 60
-7.14506 31
0.0321808 8
1.32004 10
-4.05146 11
9.39784 37
7.10687 34
-8.70511 49
3.31392 67
-5.85313 90
7.64983 93
6.50441 61
3.61155 62
-5.72415 87
4.52299 7
-8.31107 3
-2.60369 44
-4.07043 54
5.69956 38
4.47602 25
-0.81629 24
-5.0094 10
-3.01199 42
4.03196 88
0.745512 59
-2.47034 75
7.84213 22
6.47855 6
0.611923 79
0.0112383 38
-6.48399 3
6.3203 16
-6.49855 81
9.6825 45
-2.21599 2
4.54146 83
-8.01443 18
-9.44974 47
3.56269 9
-4.77224 9
9.32181 75
6.9079 44
-7.6173 8
-1.44412 58
-1.64064 55
-2.46584 41
-6.85391 64
0.356261 1
-0.250536 8
-0.649187 21
-3.73789 42
7.87794 93
-8.35325 8
-0.231001 40
6.20338 36
6.86572 15
5.89484 5
-6.37394 84
-7.05406 92
-3.22133 38
7.35655 46
-7.57196 70
0.276944 66
9.00945 85
-6.36797 38
3.59026 18
-9.42807 42
6.69294 21
-5.13478 13
8.38722 49
5.17348 25
9.15322 90
-9.04557 8
1.90618 37
-4.27457 71
2.13316 2
-1.50127 33
-5.77529 44
-8.49139 50
6.0287 65
8.73191 35
-5.09547 27
-7.82672 14
4.44234 3
2.6442 29
2.29494 13
-7.71131 44
2.09205 71
6.97761 33
-8.05555 80
6.20323 76
-3.85676 83
-5.91416 73
-2.59635 74
-7.753 9
-6.46986 35
9.259 13
7.97279 85
0.812557 78
6.30754 15
-3.83279 62
-2.79125 27
-3.65912 69
8.42635 46
-1.90078 47
5.42749 84
9.43708 31
-5.68551 73
6.66423 57
1.19708 76
8.39501 86
8.01442 66
5.01595 79
3.39247 71
-5.74909 62
-3.78197 91
1.44744 9
-6.99728 64
7.88074 46
-3.52515 47
-0.424744 17
-6.41731 63
7.81687 79
-3.557 34
-1.78406 7
-9.86496 59
4.85784 53
-1.8677 39
7.52302 3
-8.08774 28
-8.49089 49
-4.61751 52
-2.88066 36
5.00707 79
0.576857 36
7.51723 69
-2.54184 16
5.03742 69
-9.31236 11
-1.84493 3
3.96165 21
2.84582 86
-4.76195 6
-6.06757 83
-0.819914 19
7.2541 93
-4.42851 77
9.06666 33
-1.77401 58
-7.12423 9
6.52231 65
2.30042 5
6.1154 57
2.02852 4
7.47021 25
6.92131 8
-3.642 10
7.26894 69
-4.81282 93
-8.39579 28
8.44116 86
0.404782 25
-4.44826 8
-4.84786 91
4.8997 53
-0.861442 92
-2.22272 60
-8.5492 79
-3.95207 84
4.74139 80
-2.79924 37
-9.70645 85
5.2367 35
3.32901 57
0.062601 54
-6.16971 74
4.06778 26
4.47289 80
-1.07197 92
-5.80905 26
5.44318 26
0.639956 50
-1.47411 31
1.51887 74
7.08168 19
-6.4767 56
6.03609 90
-4.87788 22
5.03042 47
-2.69875 22
2.64525 62
-1.70706 33
0.54881 29
-1.32321 24
8.17804 85
-3.06663 20
1.5845 92
5.31408 15
-5.98027 26
-8.37156 57
-5.57358 5
2.77905 11
-1.08876 8
2.6255 41
-3.38531 59
-5.52113 44
-2.19782 40
-2.18727 79
1.32572 51
6.45345 30
-0.31515 13
6.53858 67
2.3232 88
-7.54674 23
-5.63691 33
-0.948471 92
9.43468 58
6.33847 19
8.26833 35
-7.00664 65
3.06828 47
3.80762 86
5.02939 4
0.760651 45
1.9323 4
8.21698 44
7.52121 66
-3.61736 11
7.04704 64
6.61956 23
7.1574 47
3.62273 50
0.556429 45
-5.1332 7
-1.59782 54
-5.45201 41
-1.2241 10
-8.60167 81
-5.26361 1
3.97419 31
7.94457 43
3.63075 17
8.93196 12
2.69211 65
4.31271 62
-4.59632 49
4.18316 49
6.26384 3
-5.71676 74
3.41162 11
2.12569 22
7.43743 24
2.93314 14
6.04948 55
-0.29979 61
0.14051 81
1.47614 24
-7.81534 65
2.25373 14
-4.99868 35
-6.36812 9
0.591238 37
-8.71105 49
3.83805 29
2.28218 24
7.33615 85
6.2076 9
-8.83896 32
1.29282 58
2.06933 47
-8.08304 35
5.7363 38
-9.50129 31
4.31351 86
7.561 2
8.79419 15
1.94168 2
6.11109 80
3.39948 92
-4.73532 21
1.9805 44
5.51538 17
7.41938 17
7.30534 47
-3.1373 34
-4.61517 1
7.0284 46
6.56464 50
5.64376 17
2.17851 40
5.19123 57
-5.01763 93
6.55706 12
4.31258 74
6.74948 31
3.4498 83
2.70397 90
-6.30896 73
3.55609 77
2.44559 24
-8.93971 16
-2.67462 18
-9.70322 75
1.09757 65
-3.8733 7
7.1514 48
-5.14948 31
-3.45524 65
-9.91356 5
1.26051 1
-3.52969 88
5.26642 68
-7.0772 31
2.10219 27
-3.13807 56
-4.81766 20
7.66447 68
5.80103 67
3.06437 55
4.37604 32
3.58825 66
-0.0604808 62
7.13426 11
5.64218 28
8.99193 8
0.516524 25
1.93155 27
-4.78671 14
-4.20272 92
-4.46286 47
-6.84649 11
-4.05381 21
1.11487 75
-9.48905 60
-5.73442 69
4.17414 64
5.66538 58
4.25423 29
8.76049 70
7.87013 11
-6.56674 88
7.58333 79
-2.21986 44
-1.58911 20
2.655 62
-7.77941 57
7.97177 59
-7.12302 71
-5.00097 3
6.89015 47
2.08271 44
5.73171 35
-5.55739 90
8.21122 4
-8.22843 46
3.5704 14
-5.25911 93
0.954287 92
-8.48024 49
-4.87542 55
5.81578 8
-9.89122 50
5.53219 88
5.81755 87
0.230298 1
-0.901011 71
7.50702 55
-5.21212 49
-1.74444 26
1.79678 80
-3.53862 92
-8.46721 20
2.08187 32
0.562848 42
9.06261 60
-8.47299 81
-7.14809 67
5.16544 31
-2.6898 45
-7.2574 58
5.79187 23
5.00677 13
6.77215 19
-4.35748 18
4.05348 66
-2.03657 83
8.89393 39
9.05484 56
4.43947 25
-3.43856 31
-2.95855 80
8.74747 74
-0.733607 50
-1.67823 88
0.125135 1
4.03946 61
-5.20703 81
-0.659608 17
-8.34132 69
8.8894 59
-3.07664 13
1.99944 65
-1.75381 37
6.91654 28
4.86362 22
6.69161 23
-4.00309 73
3.67676 46
-0.255453 54
8.72965 67
7.43089 13
8.48124 10
5.71947 86
-7.65752 50
9.65619 6
-2.09478 25
-2.82196 57
4.6543 61
-1.26229 63
4.19921 38
8.42485 58
-8.98068 59
-8.13824 50
-4.84103 66
-3.45604 48
-0.773455 27
1.60879 12
4.35882 45
-5.51877 29
-0.444122 63
-4.7494 28
-1.02746 34
-1.04717 3
8.46709 28
1.27532 42
-4.65497 63
0.331108 2
1.96987 91
5.66533 84
3.70941 1
-5.83715 13
-1.12252 89
-4.28336 11
4.42637 1
9.39892 71
3.27657 52
-6.82296 68
-3.85124 40
1.17473 56
7.67548 53
-9.72204 11
-2.91048 74
-2.30658 11
-6.94211 79
-6.54382 66
2.08144 49
-4.99915 2
3.90701 90
-0.120692 19
9.36351 5
8.88883 31
4.15223 67
1.22902 62
5.39189 45
-2.15048 49
-5.10524 47
0.0227888 72
4.79216 61
9.87357 89
0.983327 58
-2.72565 66
5.1063 82
-6.39302 86
2.55692 40
2.55616 12
-9.99054 31
6.24585 85
-1.18592 44
-2.01022 44
4.73897 19
6.28943 41
-3.50494 65
5.36307 16
-4.88437 75
4.2463 52
-6.05016 79
-7.32563 67
-0.604786 73
0.999124 68
-2.83588 82
-3.41383 44
7.1883 33
-6.28533 60
8.8764 71
2.09597 93
-4.83987 11
3.77463 16
5.46732 54
-4.6495 14
-7.69733 37
4.4596 93
0.552512 50
2.87665 32
4.73278 46
4.2309 9
-0.46718 24
-5.80887 81
5.32481 23
-0.228757 36
2.17921 62
-6.29082 58
7.60015 30
1.20184 4
8.81218 69
1.84905 24
-4.23844 43
-8.9354 76
2.66706 90
8.39797 39
0.0844941 61
-1.93187 83
-6.82985 3
2.34087 68
-5.73916 86
-8.24832 81
3.63819 81
-6.21722 20
-0.535425 81
-3.79516 83
-0.12115 25
1.14778 57
-1.35095 24
7.8549 2
-2.46913 14
2.29709 67
1.00654 41
4.13545 81
6.3463 33
6.26703 62
-2.61133 63
-5.85881 32
-5.69987 34
3.24503 89
5.36413 75
-0.279212 69
-4.02659 26
-8.68594 23
0.382685 88
4.80969 19
1.63562 56
6.47008 76
4.77693 57
5.30444 48
-6.90439 60
-0.933933 61
-5.8028 21
-0.695203 41
-8.06086 27
-1.5967 60
-1.7495 91
-2.70969 49
5.96727 90
-6.87769 8
6.89457 22
-5.50633 74
4.60531 61
-1.73265 49
2.38559 27
2.98004 60
-8.06692 80
-2.31251 44
-6.61414 41
-3.8588 60
-0.325078 18
-2.36896 82
-4.5732 4
-3.38935 52
8.49138 26
8.69542 9
1.76164 81
1.23256 87
3.99114 49
8.38485 9
-7.04678 31
-9.3864 63
-7.90101 60
-2.80338 41
-5.92203 19
4.50301 53
-7.09044 83
-5.44563 64
5.29784 93
-9.23718 78
1.507 55
3.00609 39
-1.60872 89
1.63949 30
7.28955 63
-6.56586 33
5.29874 73
1.23427 17
8.67211 87
3.50936 52
5.23861 3
-7.01758 36
8.41877 72
6.43206 29
-7.42746 59
-5.69753 84
-1.9147 31
-4.62097 88
0.900701 13
-4.17109 52
8.38638 14
-7.44393 23
-3.55957 7
0.462109 42
-2.70302 3
0.18198 8
0.76787 38
4.80956 8
0.611923 46
-8.03382 25
-0.288675 58
-3.2084 21
7.08278 68
5.61 41
5.25381 80
-4.64584 15
7.56294 33
2.42203 67
-4.06273 42
-6.9701 15
-5.62202 89
0.29577 45
-5.2407 33
1.68828 72
-5.75291 50
8.04882 87
-0.977798 29
0.200721 88
-0.406296 8
4.23821 17
4.42765 42
-0.845874 91
3.51498 13
5.08403 4
3.12336 65
9.64994 5
2.34964 86
-3.85911 63
1.9705 83
9.17386 67
-9.12772 34
2.22557 12
7.89843 69
-2.56953 32
4.04319 74
0.179422 47
-4.47978 35
-9.44546 52
4.60704 29
-4.13688 23
-3.58953 77
6.2253 83
1.61585 69
-7.75514 79
9.6809 22
-4.06873 14
9.10739 59
3.68039 52
8.52098 37
-7.45358 16
5.50026 80
9.38909 50
-4.13307 76
7.05281 40
6.66002 36
-5.09469 26
5.14562 19
4.99026 35
-7.21874 2
9.49492 41
6.54981 21
9.54484 46
-4.32036 43
-2.2792 55
-0.514168 26
9.3866 41
3.93811 39
7.6641 15
1.01279 27
9.81961 69
-0.352446 91
-9.50749 67
5.32395 4
7.90195 59
6.32942 53
-2.69789 37
7.72312 10
4.05081 61
7.41912 34
-5.88018 69
-7.65564 77
0.935431 47
1.01238 72
5.63278 36
-5.04219 84
3.4809 84
-5.77866 21
-3.12585 19
7.30918 70
0.000945718 17
-7.75894 23
-6.06919 77
-6.15824 53
4.0557 75
-6.06912 63
-4.23899 41
0.362572 30
-8.78415 51
2.62616 82
-7.51945 21
0.075238 90
-9.61731 87
-1.18917 83
8.9932 39
-8.00079 10
-2.33252 37
5.9932 2
-8.64892 1
-7.88192 17
5.29474 79
-8.59192 78
4.80564 48
6.49717 28
-0.0865124 9
0.222765 80
-9.22482 23
1.38991 13
0.650077 15
-5.23848 5
5.00113 24
-9.25679 26
1.31871 16
1.38897 49
-2.40824 51
3.17193 34
-3.16846 9
7.84124 46
3.78094 33
6.99884 2
-2.82672 89
-3.87935 28
-2.40239 70
-0.567832 92
6.04816 72
1.06598 62
-2.26239 9
2.09598 90
5.51703 89
3.13908 75
0.317242 23
-3.92665 85
-7.79152 73
7.57613 46
9.59367 17
-2.00343 63
0.53866 56
-8.19417 33
1.11411 83
4.99251 53
-5.26415 91
1.2637 14
-9.15812 30
-6.58142 85
-4.152 7
-7.76688 16
-5.68917 61
-6.2079 23
-4.91301 93
1.77032 19
2.00166 43
-1.74785 15
-0.117919 11
-2.97327 77
2.03042 83
0.818546 93
1.60615 10
6.65082 28
8.79009 41
-8.37002 20
4.93518 27
0.235023 76
-2.83364 11
9.91318 46
-0.0112553 64
-9.16729 90
1.30077 67
-0.507614 59
7.38777 23
-5.08369 20
-4.0233 81
-4.72778 81
6.61706 52
9.06164 37
-8.93887 58
-2.81654 14
0.875041 63
-4.49326 58
5.17715 19
-1.81804 83
5.91716 50
-1.71815 39
5.28362 89
3.37046 18
-8.31387 25
-0.579955 46
2.20014 5
-3.3775 7
6.23376 75
-3.04464 30
0.953865 60
-8.31813 68
3.66054 69
0.430646 65
9.73076 43
-3.45383 62
-7.17378 77
2.67851 66
-4.90725 85
-4.77597 26
7.71715 25
4.70447 4
-6.59938 15
0.792386 24
4.65746 78
-6.56644 82
-3.72284 76
6.27433 42
5.02726 22
-8.31479 42
7.97059 53
-5.79442 13
1.9805 37
5.66726 46
-3.0932 65
-8.0821 71
1.43623 74
6.97969 69
-3.24305 53
1.77062 8
6.0679 45
-5.76768 24
-0.847132 84
-1.96659 53
8.39809 77
2.86922 74
3.46546 41
-5.47369 34
-4.02156 91
3.23289 2
-0.597967 12
6.87962 32
-1.92797 54
1.6226 13
-9.22798 9
-5.90783 80
-8.45706 59
1.13766 67
9.34632 60
-5.4014 19
-3.24797 83
-1.43092 59
2.99741 42
4.22784 2
-1.27364 56
3.18165 66
-1.28169 7
7.00423 7
-4.03798 20
8.4037 38
8.79357 12
3.83876 10
-4.07857 57
-6.94762 62
-0.57295 16
-1.82585 17
-6.58583 1
1.13752 81
-0.645956 15
-7.22086 21
-4.65313 31
-6.04225 15
-8.1128 57
4.9376 73
-4.1753 30
4.95077 53
-7.84979 17
-3.55665 39
-5.93604 48
-0.195471 86
-1.08991 16
-2.26187 77
-9.43705 50
-7.47598 82
-6.20853 28
9.85381 28
5.89144 28
-9.51212 44
4.99861 20
5.96747 21
-5.94458 22
-1.74549 72
-5.14273 76
-5.47463 18
8.91203 62
-6.39188 61
0.91168 35
-9.02298 57
6.27007 53
9.08446 59
1.41867 70
-1.06077 15
-0.711471 6
-9.28866 23
2.30501 69
-7.68522 65
-5.42473 66
1.03842 28
-8.31192 68
9.27394 47
6.58718 59
-5.75093 8
-9.20812 41
-7.13245 85
1.35199 36
-0.0577004 27
-9.38786 29
7.04739 89
-4.41242 77
1.4856 2
-0.147739 59
-2.60896 57
8.95057 83
-2.59309 59
7.0723 68
6.01546 25
-0.696332 8
1.90265 46
8.9748 40
0.347748 63
2.01836 89
3.5959 78
-2.85491 29
1.4395 4
-0.361224 93
5.15241 88
5.19254 70
-2.09989 55
0.943844 59
8.27751 27
6.36496 52
-1.76876 80
-6.91361 30
-2.51764 7
-6.54977 11
1.47068 48
-2.64304 91
-3.51588 8
-7.62395 15
0.445741 67
-8.48712 8
-5.05594 83
-7.15213 77
-6.14811 36
3.88356 21
-6.37698 67
-1.3798 15
4.61582 26
5.61502 72
5.72536 7
7.2092 90
0.81676 13
-9.36842 69
-7.37174 87
5.05925 55
3.3765 1
-6.56681 56
-3.47712 43
6.86499 34
-5.55396 12
-0.279955 31
7.92752 1
6.69269 44
-2.12034 59
-2.18948 63
6.38029 76
-3.37363 3
-3.40643 42
-5.03768 35
-1.50849 52
-0.405317 2
6.67064 28
-5.08891 60
-4.57545 56
-7.05269 5
-3.82132 27
4.94858 15
-8.15249 51
7.05594 63
-2.77376 67
-7.34242 34
-4.0289 85
3.9963 28
1.34878 77
6.24737 68
-2.03266 71
-3.23542 55
-3.704 80
-4.83319 23
3.80399 31
4.31577 66
-5.0842 20
-6.6419 83
-8.79783 4
-6.24767 87
5.39306 7
-7.9372 65
-9.68464 29
-3.83027 83
7.58325 63
-3.17878 36
7.97972 33
2.54022 50
0.338985 69
-4.27089 26
3.72476 35
-2.75865 72
5.85562 12
-0.742491 55
-5.64774 2
-5.41051 57
-4.17353 79
4.37973 32
0.542513 63
9.05638 18
-2.08224 66
5.34771 89
2.59686 33
-7.16809 36
-7.58851 47
-6.40262 74
4.16057 67
9.25503 3
0.297993 64
-8.59415 75
2.29878 69
5.14371 67
5.04236 13
1.98665 5
5.07079 45
-0.848676 52
-9.68256 39
-6.00836 87
-3.79078 2
-4.3504 80
-7.35263 33
3.21441 62
-0.380508 72
9.76647 43
1.54514 33
-6.3049 89
5.3374 39
-9.63232 23
9.4895 51
-1.86817 8
9.24368 34
-0.303442 92
4.60918 49
5.92917 72
-3.12669 39
-3.76319 41
8.28944 1
3.4504 33
3.46696 90
-6.93956 47
2.07214 5
3.56121 47
-3.48912 37
-9.3117 40
-4.21786 91
-4.66484 56
-6.55621 25
6.06756 92
3.468 29
2.21067 30
1.22669 72
-6.3378 29
2.78803 12
-2.2131 89
4.17518 62
-4.359 25
-3.68577 39
4.80264 50
-1.78371 67
-0.0917159 42
-4.80285 11
5.99616 46
6.16277 41
-8.71463 33
-1.72477 34
-7.9994 73
-9.82902 90
2.94416 52
8.87944 4
3.1092 69
-9.08092 5
6.32552 55
3.60897 60
9.86076 5
0.296835 57
-8.29506 18
-6.26299 73
4.12962 31
8.32961 63
-1.58669 64
1.5041 87
6.63975 53
-6.19878 50
9.36707 33
0.401005 57
-5.18828 30
-0.578246 29
-0.470082 25
-0.352947 14
-6.42548 31
-1.65344 20
-5.375 44
9.52957 33
-4.33727 42
3.00169 41
7.12295 2
5.22273 43
6.49361 2
-6.75199 74
-3.72353 39
-3.97611 78
1.49963 10
7.31833 59
5.9595 75
-3.62019 89
2.31067 60
-1.31785 75
5.06307 1
-7.16712 32
-4.33366 36
3.40301 89
-7.7906 53
2.73774 20
5.61479 18
-2.48339 1
-2.42763 79
-8.23941 89
4.99013 61
-2.8423 25
2.34749 63
-1.91627 77
9.96005 22
-7.13883 52
1.83913 40
0.166877 27
-0.396762 19
0.371406 31
8.02566 63
5.11134 67
9.39475 1
6.26933 66
7.97732 3
4.23985 59
8.28922 14
-8.0613 10
-1.5697 23
9.68147 18
7.49216 83
8.39122 48
6.70363 16
-7.9308 26
6.47731 38
-3.07291 26
6.58166 34
-5.39431 14
-4.71116 57
-8.29042 58
-7.39313 83
2.16122 45
6.74775 91
-9.93239 84
-6.50117 6
9.58699 14
-1.56973 7
3.22856 86
4.7282 87
5.75828 53
5.94208 45
4.43957 43
4.54261 81
1.96076 83
-2.34363 56
5.84113 3
-9.70418 75
0.532535 69
-2.74978 36
0.877929 52
-2.06329 21
3.88796 9
2.02963 26
-9.06101 28
-2.26844 25
-3.31174 69
4.45822 83
-2.62613 19
-4.3907 12
-1.90506 46
-2.37603 31
-8.14864 31
-7.04608 62
4.49228 23
4.60441 34
-0.81604 62
-9.06247 14
8.7305 74
8.21798 60
6.66967 29
3.71089 5
1.70092 60
6.45071 24
-5.98922 83
7.02777 37
-3.05226 86
-9.15534 46
-8.95967 11
9.7931 3
-0.457073 10
5.66124 46
3.21453 77
8.05379 29
5.09056 26
7.38984 8
-6.06995 21
0.165841 70
-2.19376 60
3.03401 90
8.53205 84
9.06318 25
-1.1862 34
-3.42529 48
2.25053 15
-4.10621 42
4.31621 35
-7.01467 38
-5.44862 8
-5.73005 69
-8.99052 69
9.48191 64
-0.425852 79
-5.1222 32
-3.34885 7
0.414664 11
6.08227 48
-0.102609 67
-9.05989 67
-2.58239 1
-5.91003 38
-5.56447 7
-9.86547 24
-1.28496 53
-0.691286 11
-9.03825 27
4.02807 65
-3.74982 16
-5.5021 22
-5.22175 29
1.41714 70
7.12152 73
5.08971 17
-1.92155 78
7.32237 32
7.8032 28
5.60384 44
-4.98042 88
3.70514 55
-8.08216 52
8.60467 91
3.61188 30
-0.812152 89
-3.67417 48
7.64524 26
7.13786 60
-1.61637 72
-6.80152 72
-2.7989 8
2.6546 62
-6.80558 25
-7.36527 21
-3.19415 62
9.4268 23
-7.33089 67
-5.48858 22
6.3785 19
4.34829 84
1.83473 11
6.68283 21
8.57097 53
8.19098 5
-3.81811 82
2.99096 49
-2.09918 8
-2.50736 93
3.99128 71
6.69766 49
-3.52688 32
0.204488 71
6.25956 72
-5.76552 72
-4.9397 37
-3.45871 26
-6.01349 1
2.45984 18
8.39445 5
-0.149561 43
9.33146 44
-6.68486 1
4.31969 49
-0.80499 32
8.88398 76
2.90269 11
8.48083 6
9.78185 22
-1.76726 15
4.00541 71
6.28388 91
5.29696 74
7.43985 33
5.03419 72
-8.59204 37
6.91171 84
6.86045 80
-1.98466 22
2.12983 52
-3.29882 85
7.95419 32
-5.14758 39
4.26046 31
7.80005 31
-3.42249 34
-9.09426 18
3.81575 63
5.31233 3
-1.09286 34
9.0018 32
-7.62212 9
2.63238 45
-2.86256 86
-1.77206 4
-9.66022 62
6.80397 70
-7.4113 55
-3.1412 10
-0.888088 43
-5.17238 61
7.75375 48
8.53436 2
-9.25051 35
-3.74116 48
-5.16715 49
8.87272 68
9.66517 22
-6.91761 86
7.99227 21
2.18052 93
8.49774 57
2.77864 77
8.38484 21
0.183882 78
-2.13924 63
6.62548 41
-1.65104 9
-9.66753 10
-0.257283 55
-5.69817 4
4.88415 47
2.5563 40
-8.67942 60
8.85692 15
0.900873 48
5.75564 6
-3.21615 53
-9.58826 48
0.144656 5
7.9391 82
-4.59096 49
3.50104 29
3.00975 62
-0.145251 69
-6.99123 90
1.38005 76
1.88536 20
-5.71112 77
-3.55964 46
6.97833 7
-8.0436 51
2.17131 46
7.59552 19
4.37054 21
-2.02138 60
-5.41471 1
-9.10408 50
-6.23333 14
-2.09594 36
-5.24799 37
-2.75373 64
1.74705 50
-1.64585 49
9.06935 58
3.40691 18
6.82896 51
-1.10011 48
5.14748 22
-6.86769 67
-9.50534 39
9.35002 27
8.07287 41
9.54042 21
-4.79223 3
-2.02454 84
1.08387 62
9.09929 11
-4.49141 77
-6.76288 36
4.18869 73
-5.87874 33
-1.56451 88
5.04644 68
3.71948 5
1.63159 18
7.5438 22
0.857973 14
-8.5372 66
-6.27571 18
-8.42763 64
-1.57334 47
-8.4536 17
-9.28879 82
1.45009 75
8.87633 67
4.74623 40
-9.26481 75
-1.28873 61
-5.65018 59
4.86519 65
-6.36583 59
2.17468 12
-2.2953 64
-2.2445 46
2.21079 5
6.61697 29
8.70812 21
0.0488061 42
-9.18458 77
3.38956 36
7.4331 12
8.85209 49
-6.19936 39
-1.19807 15
4.27833 62
-1.77505 37
-6.80942 52
-7.5658 57
-2.97227 46
-8.3739 68
-1.29942 23
-2.07478 71
-2.7168 83
-7.63461 14
2.2537 3
-1.09418 43
-7.509 27
3.62514 29
8.06852 42
-8.33051 29
-4.28588 26
6.26492 24
-8.62114 4
-4.71227 69
-5.20527 32
-5.40356 58
-3.15815 6
9.16555 70
5.17234 56
-1.65244 63
8.74473 47
7.23087 32
4.70376 28
8.78913 25
-7.71055 88
3.95216 81
-2.86946 58
-6.66336 28
7.81769 23
-5.32078 13
-2.07066 31
-5.59406 90
-4.40126 58
-9.19249 44
-9.53456 45
-8.36086 16
4.79452 54
4.06553 47
2.2893 20
-3.04016 43
-5.84455 66
0.946417 16
-6.03174 39
8.49832 4
1.40964 64
3.20156 67
-4.25962 61
4.0306 52
-1.89637 84
-1.49611 79
4.04884 26
-6.70027 64
-7.88328 33
4.71143 57
-1.81475 79
6.60719 50
5.33062 14
4.01662 21
5.16295 48
-2.92495 66
-5.24396 55
-9.70133 47
-0.859469 15
-3.03123 44
-5.16842 59
6.75634 27
-6.73701 82
-3.03865 50
4.2027 22
-3.35075 48
-3.76249 24
-6.11805 6
0.289523 91
-1.47376 29
9.19291 39
2.33965 40
-6.36606 30
-5.60898 46
-4.92746 16
-7.11109 26
4.97597 57
-3.8045 16
-3.65387 88
-3.58258 92
2.71905 27
-2.52855 27
-6.59345 20
-4.34043 8
9.4744 70
-3.47366 11
9.18631 5
7.5885 90
-9.26836 10
1.34217 89
9.50637 18
4.99672 82
-7.32833 14
5.35802 68
3.31529 59
-3.76956 47
9.06777 6
0.779242 87
-4.58871 22
5.44096 74
6.61381 83
-6.51514 14
6.89869 11
1.20686 45
7.86357 93
9.90587 58
-6.64577 12
5.7814 71
8.93168 19
-8.58969 60
-5.26706 2
8.69374 48
-3.16039 69
-2.82638 7
-5.7585 58
-4.13039 66
5.61865 40
0.0134111 51
-6.41788 64
-2.64008 93
7.9112 53
-3.10805 1
-1.02436 14
7.20086 16
-1.37545 2
3.31095 76
8.62688 75
-5.76119 85
-1.72113 88
2.99091 17
0.528354 72
5.35552 35
-3.5508 62
2.43051 1
-4.48465 6
9.6033 29
9.1196 59
3.70647 11
-1.91161 51
-1.42931 31
9.56626 43
-9.08937 56
7.04643 81
9.29654 82
-0.430041 55
1.66517 1
-1.40633 68
8.654 19
-2.54454 15
8.38503 56
8.19315 13
5.08895 23
-6.12699 66
-9.99125 50
9.39698 84
-3.14445 9
-3.45037 33
-6.49199 77
-9.43045 84
-0.531844 60
-2.24977 37
5.73584 77
-7.5279 71
-1.11064 89
-3.98051 11
-5.85711 4
-1.93455 17
6.16269 35
-0.507571 37
5.09054 3
-9.68688 74
-1.0363 39
6.73717 80
3.8377 93
-9.44919 20
-5.40795 24
7.84089 38
9.5972 39
4.57177 92
9.91289 19
-0.451541 27
1.26134 85
4.87326 82
8.54231 57
-8.25617 26
0.0183108 12
9.39446 64
-0.0433409 13
-6.95414 81
-0.475814 39
-3.64752 65
3.91024 77
-6.15393 24
2.52644 82
-6.30203 19
4.43877 22
-9.21518 34
9.5951 33
-2.63361 51
-1.12733 42
4.54805 62
-1.48237 27
-3.09363 62
7.76056 3
-4.91575 75
5.6324 2
-2.36441 64
8.58795 13
5.49247 28
4.50898 48
-8.91666 16
0.439037 39
1.80423 17
-3.62364 8
-3.94727 21
-6.5295 87
-7.18662 41
5.61155 9
6.72314 24
4.7061 50
3.80054 30
8.67864 61
-5.84528 16
8.12706 64
-9.53875 53
9.39658 9
6.48491 65
-0.408577 71
-1.39961 6
-3.89329 92
-6.1944 70
-1.90303 80
8.57021 35
3.60105 37
-7.74009 37
4.04708 56
5.34088 59
6.23663 3
-9.37907 11
-2.15126 15
9.00049 42
7.73773 34
2.32157 43
-2.2613 46
2.6856 76
1.20575 13
4.37198 73
-8.09664 35
-4.78166 11
-8.57857 55
5.8689 52
8.76184 38
-6.37941 58
-4.334 15
3.41633 31
-5.56262 1
5.08597 80
2.191 82
-6.80431 46
3.01356 16
2.60582 30
6.05676 75
9.15786 41
-1.01693 53
-6.63624 6
5.1187 37
-7.25977 52
-8.22941 26
-6.12334 49
-6.03212 32
3.13948 23
9.44807 6
6.75541 87
9.92296 41
-6.32885 21
4.32509 14
7.05872 82
-0.861356 14
-5.27241 65
-0.759474 48
0.362558 63
-7.11513 69
6.1637 48
-6.4495 27
9.55061 87
0.0851517 1
6.34871 17
8.44121 51
5.38182 9
-5.07667 34
3.34413 93
9.84123 48
8.5337 38
-1.20746 82
4.58171 1
4.55807 71
1.84243 46
0.57264 90
4.74003 25
-0.924255 80
-2.3393 7
3.8485 70
0.0631871 34
4.89477 5
1.58441 58
-2.86829 32
-9.31471 73
6.69462 52
-3.999 81
-7.16982 26
-5.41999 6
0.724934 42
0.416636 63
-7.77502 28
-4.81101 1
2.65367 45
5.59136 75
0.898442 23
5.33435 27
8.02378 44
3.10429 14
-4.58246 83
7.93561 53
5.17707 58
3.02899 26
-2.96743 5
-8.50794 61
0.771358 4
-4.20598 13
-2.26298 50
7.15402 58
-1.11029 2
-5.63889 30
3.1459 56
5.67559 45
1.79495 54
6.88823 33
1.6977 75
-6.09092 41
9.23336 68
-8.72528 86
-4.51707 32
0.567279 70
-7.7168 7
3.79933 29
4.85678 81
-7.18794 39
6.79005 77
-9.68574 32
-3.72885 87
-1.43145 66
1.09383 19
3.86117 52
-9.54903 51
-3.0099 27
4.31614 71
-9.00555 33
-6.42187 48
-5.21539 29
7.29052 79
0.74384 48
4.06752 46
-0.595558 53
7.52426 8
-3.64548 17
4.73621 16
-8.34271 18
5.52044 93
6.574 8
3.7806 42
0.228297 49
-7.9679 18
5.16545 81
6.46472 92
0.913009 75
7.55503 76
4.82965 14
-0.562536 50
-6.67083 13
8.3272 5
1.0467 81
-6.03273 16
1.19242 31
-5.0796 92
1.96854 48
-4.70961 73
0.211386 47
-8.21999 57
6.34694 9
1.20374 82
2.09419 11
-8.78986 34
6.43891 82
-5.39361 38
0.306213 73
-7.13345 6
-4.09312 67
4.32612 89
-3.5891 74
-3.84169 69
6.33584 74
-6.88402 65
-7.39997 43
6.43495 85
9.45216 47
